variant_key	CHR	POS	SNP_EUR	A1_EUR	A2_EUR	A1_EAS	A2_EAS	freq_EUR	freq_EAS	freq_EAS_aligned_to_EUR_A1	b_EUR	se_EUR	p_EUR	N_EUR	z_EUR	b_EAS_aligned_to_EUR	se_EAS	p_EAS	N_EAS	z_EAS_aligned_to_EUR	alignment
1:10606787	1	10606787	rs55913143	A	G	A	G	0.37235	0.46935	0.46935	-0.009835949410994	0.001755479102444	2.102e-08	694208.85	-5.603	-0.0041085224686948	0.0041710888007054	0.3246	115388.49	-0.985	direct
1:40345611	1	40345611	rs7530647	A	G	A	G	0.23605	0.27145	0.27145	0.0121689076279105	0.001995557170861	1.071e-09	696224.85	6.098	0.0052098112112205	0.0046808726066671	0.2657	115388.49	1.113	direct
1:42196063	1	42196063	rs710242	T	C	T	C	0.36325	0.4254	0.4254	0.0108036626196987	0.0017696417067483	1.025e-09	690241.85	6.105	0.000384332077777	0.0042703564197449	0.9282	112170.49	0.09	direct
1:42478640	1	42478640	rs72672723	T	C	T	C	0.07945	0.22025	0.22025	-0.0104089239623927	0.0031389999886588	0.0009132	693807.85	-3.316	-0.0306909353537745	0.0050222443714244	9.879e-10	115388.49	-6.111	direct
1:53259930	1	53259930	rs2448791	T	G	T	G	0.36835	0.4365	0.4365	-0.0100877123195996	0.0017568290351096	9.384e-09	696230.85	-5.742	0.001272851165892	0.0042570273106758	0.765	112170.49	0.299	direct
1:54121976	1	54121976	rs12568524	A	G	A	G	0.3557	0.39915	0.39915	-0.0098057746572128	0.0017802786233138	3.621e-08	688339.85	-5.508	-0.0138223948090534	0.0042504289080729	0.001147	115388.49	-3.252	direct
1:60922884	1	60922884	rs4603164	T	C	T	C	0.64935	0.8578	0.8578	-0.0133554722384669	0.0017778850157703	5.821e-14	694663.85	-7.512	0.0031806182495221	0.0062121450185979	0.6088	106218.49	0.512	direct
1:61192949	1	61192949	rs35469508	T	C	T	C	0.2811	0.26385	0.26385	0.0132422450530434	0.0018847487977573	2.13e-12	696470.85	7.026	0.0113024858510356	0.0047231449440182	0.01672	115388.49	2.393	direct
1:61476048	1	61476048	rs1779868	A	G	A	G	0.5394	0.499	0.499	0.0098946273936854	0.0017030339748167	6.231e-09	693852.85	5.81	0.0148871806595098	0.0043390208858961	0.0006006	106218.49	3.431	direct
1:66494451	1	66494451	rs71649207	A	G	A	G	0.96555	0.75855	0.75855	-0.0062947533843426	0.0046455744533894	0.1755	696507.85	-1.355	-0.0265785947134876	0.0048634208075915	4.619e-08	115388.49	-5.465	direct
1:72749848	1	72749848	rs3128341	T	C	T	C	0.2115	0.0876	0.0876	0.0130175819207294	0.0020745150471282	3.497e-10	696626.85	6.275	0.0130177840708914	0.0098619576294631	0.1868	64319.49	1.32	direct
1:91129376	1	91129376	rs12749978	T	C	T	C	0.925	0.8234	0.8234	-0.0201969105050052	0.0032263435311509	3.857e-10	692342.85	-6.26	-0.0288423136255477	0.0055359527112375	1.89e-07	112170.49	-5.21	direct
1:100802399	1	100802399	rs4907906	T	C	T	C	0.399	0.3548	0.3548	0.0098206672362034	0.0017424888637692	1.738e-08	686692.85	5.636	0.0077398895721732	0.004350696780311	0.07531	115388.49	1.779	direct
1:107596443	1	107596443	rs1730851	A	G	A	G	0.3311	0.31035	0.31035	0.0100655156157108	0.0018074188571935	2.565e-08	691054.85	5.569	0.0072575992424182	0.0044994415638054	0.1067	115388.49	1.613	direct
1:108073844	1	108073844	rs684897	A	G	A	G	0.65655	0.5081	0.5081	0.0116747773139806	0.0018002740653786	8.899e-11	684123.85	6.485	0.0061498870335665	0.0041637691493341	0.1398	115388.49	1.477	direct
1:113437361	1	113437361	rs111760330	T	C	T	C	0.25535	0.0149	0.0149	-0.0131209938853489	0.0019481802353895	1.637e-11	692779.85	-6.735	-0.0311926380658658	0.0235238597781793	0.1849	61556.49	-1.326	direct
1:114667933	1	114667933	rs7546240	T	C	T	C	0.74005	0.7348	0.7348	0.0117948883816624	0.0019351744678691	1.091e-09	693993.85	6.095	0.0119111518776625	0.0047154203791221	0.01154	115388.49	2.526	direct
1:150371448	1	150371448	rs1260387	T	C	T	C	0.2385	0.24975	0.24975	-0.0129596641655123	0.001987983458431	7.078e-11	696561.85	-6.519	-0.0038599981690896	0.00504574924064	0.444	104810.49	-0.765	direct
1:158029021	1	158029021	rs7552600	A	C	A	C	0.2719	0.03445	0.03445	-0.0220119573948119	0.0019312122648545	4.3020000000000004e-30	677058.85	-11.398	-0.0052223631659033	0.0118960436580943	0.6608	106218.49	-0.439	direct
1:164067781	1	164067781	rs12757821	T	C	T	C	0.4488	0.26985	0.26985	0.0096365104107838	0.0017168199556001	1.994e-08	685706.85	5.613	0.0019274272960288	0.0046896041265909	0.6811	115388.49	0.411	direct
1:164318050	1	164318050	rs571275	T	C	T	C	0.3461	0.5704	0.5704	-0.0127194836437421	0.0017819394289355	9.475e-13	695727.85	-7.138	-0.0240878993247748	0.0042045556510341	1.01e-08	115388.49	-5.729	direct
1:165670958	1	165670958	rs1547725	T	C	T	C	0.1403	0.01565	0.01565	-0.0135391278317087	0.0024514082621236	3.334e-08	689786.85	-5.523	-0.0198441717496487	0.0242593786670521	0.4136	55149.49	-0.818	direct
1:179858333	1	179858333	rs1300068	T	C	T	C	0.58665	0.77635	0.77635	-0.0095309039616689	0.0017203797764745	3.03e-08	696634.85	-5.54	-0.0037916759941454	0.0049956205456461	0.4481	115388.49	-0.759	direct
1:198822774	1	198822774	rs112018479	T	C	T	C	0.9317	0.92515	0.92515	0.0215829077346214	0.0034449972441534	3.739e-10	662017.85	6.265	0.0219585677964368	0.0080228599913908	0.0062	112170.49	2.737	direct
1:199707512	1	199707512	rs2502134	A	G	A	G	0.85465	0.59265	0.59265	0.0162332604956928	0.002403503182661	1.436e-11	696704.85	6.754	0.0245561807286485	0.0042360153059597	6.761e-09	115388.49	5.797	direct
1:200024495	1	200024495	rs58713455	A	G	A	G	0.06555	0.02965	0.02965	-0.0189188859731049	0.0034523514549461	4.26e-08	684844.85	-5.48	-0.008875783859831	0.0177515677196621	0.617	55149.49	-0.5	direct
1:200281227	1	200281227	rs843925	T	G	T	G	0.69065	0.66005	0.66005	-0.0115992291535941	0.0018327111950693	2.471e-10	696704.85	-6.329	-0.0069300254565416	0.004394435926786	0.1148	115388.49	-1.577	direct
1:200672410	1	200672410	rs6427850	T	G	T	G	0.54095	0.47185	0.47185	-0.0125467559151634	0.0017012550393441	1.642e-13	695632.85	-7.375	-0.0028063210069484	0.0041698677666395	0.5011	115388.49	-0.673	direct
1:204449157	1	204449157	rs6692377	A	G	A	G	0.54665	0.34105	0.34105	0.0097302289628078	0.0017016839739083	1.08e-08	696704.85	5.718	-0.0034132131398329	0.0045088680843235	0.4491	109436.49	-0.757	direct
1:205312767	1	205312767	rs7526603	T	G	T	G	0.37445	0.3215	0.3215	0.0099602019038335	0.0017678739623417	1.759e-08	682953.85	5.634	-0.0009627022921101	0.0044569550560652	0.8287	115388.49	-0.216	direct
1:207345819	1	207345819	rs6666604	T	G	T	G	0.8303	0.95185	0.95185	-0.018621336432161	0.0024908154671162	7.666e-14	571909.85	-7.476	-0.0333332671349446	0.013312007641751	0.01229	61556.49	-2.504	direct
1:207660071	1	207660071	rs2182911	T	C	T	C	0.7977	0.94245	0.94245	-0.0150336595245146	0.0021093951907555	1.026e-12	696284.85	-7.127	-0.0166946852263917	0.0091779467984561	0.0689	109436.49	-1.819	direct
1:208026977	1	208026977	rs926631	T	C	T	C	0.43765	0.3443	0.3443	0.0130179575066953	0.0017171821008699	3.422e-14	688917.85	7.581	0.007530654356087	0.0044985987790245	0.09419	109436.49	1.674	direct
1:214125854	1	214125854	rs2075425	A	G	A	G	0.56805	0.4815	0.4815	-0.0099138913328404	0.001712243753513	7.049e-09	695020.85	-5.79	0.0050159706883068	0.0041660886115505	0.2287	115388.49	1.204	direct
1:217185975	1	217185975	rs17635718	T	C	T	C	0.7527	0.7799	0.7799	-0.0120375103156306	0.0019714232419965	1.02e-09	691099.85	-6.106	-0.0092897655393202	0.0050242106756734	0.06442	115388.49	-1.849	direct
1:218860456	1	218860456	rs17505236	A	C	A	C	0.3673	0.5678	0.5678	0.0131002173477335	0.0023557305066954	2.684e-08	387672.85	5.561	0.0142233138368735	0.0042018652398444	0.0007121	115388.49	3.385	direct
1:219604008	1	219604008	rs17528105	T	C	T	C	0.15475	0.0392	0.0392	-0.013331605372988	0.0023574898979642	1.557e-08	687755.85	-5.655	-0.008008172781639	0.0150813046735199	0.5951	58367.49	-0.531	direct
1:219854910	1	219854910	rs74523769	T	C	T	C	0.04895	0.1322	0.1322	0.0259636668195299	0.0039285318232001	3.879e-11	695866.85	6.609	-0.0036075774155076	0.0061457877606604	0.5574	115388.49	-0.587	direct
1:220157915	1	220157915	rs2647436	A	G	A	G	0.3067	0.43075	0.43075	0.0104217543198444	0.0018403239130927	1.485e-08	694266.85	5.663	0.0056792568254714	0.0042037430240351	0.1768	115388.49	1.351	direct
1:226906961	1	226906961	rs708769	T	C	T	C	0.6324	0.60805	0.60805	0.0099930221269174	0.0017743292128759	1.783e-08	683146.85	5.632	0.0037698200873461	0.0043784205427946	0.3893	109436.49	0.861	direct
1:238111447	1	238111447	rs2499591	A	G	A	G	0.5295	0.4816	0.4816	0.0100792579043368	0.0016997062233283	3.038e-09	694663.85	5.93	0.0100233466631736	0.0041659794942533	0.01614	115388.49	2.406	direct
10:25026812	10	25026812	rs10764492	T	C	T	C	0.32065	0.10415	0.10415	-0.0105156792675712	0.0018701190232209	1.88e-08	656274.85	-5.623	-0.0119591538694872	0.0070430823730784	0.08956	108028.49	-1.698	direct
10:30292474	10	30292474	rs12780390	T	C	T	C	0.44465	0.1903	0.1903	-0.0113154860867581	0.0017317854433361	6.412e-11	675101.85	-6.534	-0.0095028583462091	0.0053029343449828	0.07311	115388.49	-1.792	direct
10:45391481	10	45391481	rs4948645	A	G	A	G	0.43405	0.57785	0.57785	-0.0129239701721288	0.0023528072405113	3.961e-08	367657.85	-5.493	-0.0051543263862136	0.0043277299632356	0.2336	109436.49	-1.191	direct
10:49379964	10	49379964	rs61840024	T	C	T	C	0.4202	0.53685	0.53685	0.0125600520422367	0.0018290450039663	6.567e-12	613413.85	6.867	-0.0038751528517338	0.0057155646780735	0.4977	61556.49	-0.678	direct
10:49648835	10	49648835	rs57915819	A	G	A	G	0.1224	0.0506	0.0506	-0.0152969263449778	0.0026256310238547	5.663e-09	675153.85	-5.826	-0.0113872895217538	0.0094973223701032	0.2306	115388.49	-1.199	direct
10:60194456	10	60194456	rs2393424	A	G	A	G	0.25945	0.32625	0.32625	-0.0106118599952231	0.0019329435328275	4.03e-08	696473.85	-5.49	-0.0046530564744186	0.0044399393839872	0.2948	115388.49	-1.048	direct
10:62138608	10	62138608	rs1459725	T	C	T	C	0.75565	0.7571	0.7571	0.011348282241547	0.0019729280670283	8.818e-09	695654.85	5.752	0.0060360770833504	0.0049843741398435	0.2261	109436.49	1.211	direct
10:62389233	10	62389233	rs7069157	A	G	A	G	0.3078	0.39995	0.39995	-0.011228355014761	0.0018395077022871	1.037e-09	693494.85	-6.104	0.001563704731727	0.0042491976405626	0.7129	115388.49	0.368	direct
10:74091924	10	74091924	rs9415066	T	C	T	C	0.4204	0.81895	0.81895	-0.0104855950969437	0.0017240373391883	1.184e-09	690338.85	-6.082	-0.0085954410411863	0.0054059377617524	0.1119	115388.49	-1.59	direct
10:77781279	10	77781279	rs10762688	A	G	A	G	0.52595	0.7307	0.7307	-0.0096379331300547	0.0017031159445228	1.526e-08	691341.85	-5.659	-0.0100748687388652	0.0046925331806544	0.03182	115388.49	-2.147	direct
10:78205649	10	78205649	rs7915954	A	G	A	G	0.63405	0.9291	0.9291	0.0121315396241413	0.0017687038378978	6.928e-12	688786.85	6.859	0.0100569942328901	0.0081104792200726	0.2151	115388.49	1.24	direct
10:78455861	10	78455861	rs7920374	T	C	T	C	0.5521	0.5857	0.5857	-0.0135267562468759	0.0017068462141168	2.283e-15	693973.85	-7.925	-0.0112276004138174	0.0042256682024152	0.007887	115388.49	-2.657	direct
10:79025184	10	79025184	rs11812342	T	C	T	C	0.1208	0.3428	0.3428	0.017411374449948	0.0026170711633771	2.872e-11	687315.85	6.653	0.011095922059539	0.0045032151215661	0.01373	109436.49	2.464	direct
10:85936688	10	85936688	rs11594887	A	G	A	G	0.10715	0.11525	0.11525	0.0164626542519501	0.0027428614215178	1.952e-09	694654.85	6.002	0.0056453319662357	0.0065188590834131	0.3863	115388.49	0.866	direct
10:86189147	10	86189147	rs34287465	A	G	A	G	0.78445	0.7692	0.7692	0.0128368086813573	0.0020601522518628	4.648e-10	696680.85	6.231	0.0133733645434552	0.0049402898202641	0.006785	115388.49	2.707	direct
10:90013195	10	90013195	rs558443	A	C	A	C	0.7766	0.80515	0.80515	-0.0196067162121731	0.0020545652532927	1.384e-21	682639.85	-9.543	-0.004661624554161	0.005255495551478	0.3751	115388.49	-0.887	direct
10:90266227	10	90266227	rs2437872	A	G	A	G	0.47885	0.43075	0.43075	-0.0119450712089338	0.0016969841183312	1.935e-12	695698.85	-7.039	-0.0102401356893953	0.0042036681811967	0.01487	115388.49	-2.436	direct
10:92816243	10	92816243	rs7904337	A	G	A	G	0.26295	0.15235	0.15235	0.0086879579903234	0.0019268037237355	6.523e-06	694883.85	4.509	0.0326600245518474	0.0057918114119254	1.709e-08	115388.49	5.639	direct
10:94941734	10	94941734	rs1983938	T	C	T	C	0.3385	0.06055	0.06055	0.0142044021385033	0.0017989364410465	2.88e-15	689938.85	7.896	0.014706333493624	0.0087277943582338	0.09191	115388.49	1.685	direct
10:99420093	10	99420093	rs35223596	T	C	T	C	0.3917	0.3697	0.3697	-0.0096650603472611	0.0017534579730154	3.556e-08	682477.85	-5.512	0.0002457990657292	0.0043122643110395	0.9546	115388.49	0.057	direct
10:102625590	10	102625590	rs7069287	A	G	A	G	0.71165	0.4702	0.4702	0.0106461019422823	0.0018729947118723	1.319e-08	694528.85	5.684	0.0121237116057373	0.0041705234281862	0.00365	115388.49	2.907	direct
10:102970161	10	102970161	rs7893223	T	C	T	C	0.725	0.94075	0.94075	-0.0116613602509414	0.0019011020950344	8.582e-10	693848.85	-6.134	-0.0086027575479471	0.0089425754136665	0.3361	112170.49	-0.962	direct
10:103991381	10	103991381	rs2281983	A	G	A	G	0.6192	0.72285	0.72285	0.0101565912774857	0.0017457186795265	5.951e-09	695780.85	5.818	0.0057210581318974	0.0047755076226189	0.2307	109436.49	1.198	direct
10:104618695	10	104618695	rs7096169	A	G	A	G	0.66085	0.5373	0.5373	0.0024445672911634	0.0017895807402367	0.1719	696580.85	1.366	-0.0231091516014594	0.0041743409684717	3.088e-08	115388.49	-5.536	direct
10:105749267	10	105749267	rs2476945	T	C	T	C	0.1845	0.15775	0.15775	-0.0120272435227779	0.0022064288245785	4.997e-08	682575.85	-5.451	-0.0102222280302069	0.0057107419163166	0.07345	115388.49	-1.79	direct
10:111914872	10	111914872	rs7911181	A	G	A	G	0.88585	0.8928	0.8928	0.0147397033518326	0.0026726569994256	3.481e-08	692194.85	5.515	-0.0043540268303348	0.0068244934644746	0.5234	112170.49	-0.638	direct
10:114597109	10	114597109	rs545572	A	G	A	G	0.37665	0.1451	0.1451	0.0102849179326678	0.0017584062117742	4.938e-09	688715.85	5.849	-0.0027696296680825	0.008122081138072	0.7329	61101.49	-0.341	direct
10:114869792	10	114869792	rs7084875	A	G	A	G	0.1741	0.0162	0.0162	-0.0123205688836909	0.0022544499329718	4.619e-08	684137.85	-5.465	-0.0494646740287816	0.0238498910456999	0.03809	55149.49	-2.074	direct
10:119629948	10	119629948	rs11198162	T	G	T	G	0.69	0.7694	0.7694	-0.0110504018937241	0.0018395874635798	1.893e-09	690709.85	-6.007	0.0041501993761304	0.005012318087114	0.4079	112170.49	0.828	direct
10:124123470	10	124123470	rs11200583	A	C	A	C	0.85415	0.7284	0.7284	0.0142868204695366	0.002407620571206	2.953e-09	692358.85	5.934	0.0086112333403637	0.0046800181197629	0.06572	115388.49	1.84	direct
10:126808877	10	126808877	rs1254702	A	C	A	C	0.15015	0.0934	0.0934	-0.0166326504876311	0.0023815364386642	2.878e-12	690807.85	-6.984	-0.0229610748294713	0.007345193483516	0.001774	109436.49	-3.126	direct
11:1046383	11	1046383	rs61869021	A	G	A	G	0.1708	0.03175	0.03175	0.0122725154733062	0.0022510116422058	4.989e-08	696704.85	5.452	-0.0033234489381349	0.0120414816599094	0.7829	112170.49	-0.276	direct
11:1727298	11	1727298	rs11040762	T	C	T	C	0.24905	0.1982	0.1982	0.011452502217233	0.0019667700871085	5.791e-09	691104.85	5.823	0.0115506732872561	0.0052960446067198	0.02916	112170.49	2.181	direct
11:14258655	11	14258655	rs4757244	A	G	A	G	0.32925	0.48435	0.48435	0.0115922742817807	0.0018081850384933	1.449e-10	692423.85	6.411	0.0045550601753243	0.0042770518078163	0.2871	109436.49	1.065	direct
11:18748003	11	18748003	rs748943	A	G	A	G	0.70395	0.83675	0.83675	0.0127451056455687	0.0018644098369761	8.139e-12	690161.85	6.836	0.0198130733454721	0.0056319139697191	0.0004343	115388.49	3.518	direct
11:28602173	11	28602173	rs2582895	A	C	A	C	0.368	0.71195	0.71195	-0.0100420724614444	0.0017574505532804	1.101e-08	696014.85	-5.714	-0.002693655427292	0.0045966816165393	0.5575	115388.49	-0.586	direct
11:29990142	11	29990142	rs566932	A	G	A	G	0.27515	0.22755	0.22755	0.016652884652331	0.0025486508497598	6.402e-11	385907.85	6.534	0.0179032304394648	0.0049648448251427	0.0003108	115388.49	3.606	direct
11:30241698	11	30241698	rs35229181	A	G	A	G	0.796	0.7939	0.7939	-0.0197105576372131	0.0021047044994354	7.591e-21	695007.85	-9.365	-0.0225433782082397	0.0051457151810636	1.179e-05	115388.49	-4.381	direct
11:31837443	11	31837443	rs1540320	T	C	T	C	0.1858	0.3125	0.3125	-0.0119951901940311	0.0021789627963725	3.693e-08	696104.85	-5.505	-0.0174397926679538	0.0045546598767181	0.0001288	112170.49	-3.829	direct
11:40130009	11	40130009	rs2953308	A	G	A	G	0.64895	0.40365	0.40365	0.0045099645777485	0.0017748778346117	0.01106	696704.85	2.541	0.0291673906972328	0.0042419125504992	6.177e-12	115388.49	6.876	direct
11:43168928	11	43168928	rs11037269	T	G	T	G	0.3255	0.26485	0.26485	0.0109619059533664	0.0018203098560887	1.723e-09	687263.85	6.022	-0.0013563564309746	0.0048441301106236	0.7793	109436.49	-0.28	direct
11:43514530	11	43514530	rs11037452	A	G	A	G	0.6474	0.7194	0.7194	-0.0114707672770226	0.0017770359840468	1.083e-10	693579.85	-6.455	-0.0059535324801045	0.004633099206307	0.1986	115388.49	-1.285	direct
11:45926867	11	45926867	rs17847253	T	C	T	C	0.77185	0.79895	0.79895	0.0124630509576977	0.0020251951507471	7.543e-10	692243.85	6.154	-0.0069078075542867	0.005193840266381	0.1834	115388.49	-1.33	direct
11:47303275	11	47303275	rs326217	T	C	T	C	0.7076	0.70725	0.70725	-0.0112450071267937	0.001862372826564	1.557e-09	696704.85	-6.038	-0.010732143669521	0.0045746562956185	0.01898	115388.49	-2.346	direct
11:47566352	11	47566352	rs7928842	T	C	T	C	0.59495	0.70805	0.70805	-0.0100348298546526	0.0017259769271848	6.091e-09	696449.85	-5.814	-0.0157856488939495	0.0045782044356002	0.0005638	115388.49	-3.448	direct
11:48100837	11	48100837	rs7396592	T	C	T	C	0.2648	0.1985	0.1985	-0.0111107119998668	0.0019199433212142	7.174e-09	696704.85	-5.787	-0.018503114097477	0.0053585618585221	0.0005534	109436.49	-3.453	direct
11:61442492	11	61442492	rs7925523	A	G	A	G	0.1635	0.28685	0.28685	-0.014007834270333	0.0022907333230307	9.675e-10	696648.85	-6.115	0.0116069736799513	0.0046022893259125	0.01167	115388.49	2.522	direct
11:65217589	11	65217589	rs3015966	T	C	T	C	0.7354	0.58275	0.58275	-0.0106148230589659	0.0019243696626116	3.473e-08	693841.85	-5.516	-0.0087820500383742	0.0043346742538865	0.04275	109436.49	-2.026	direct
11:65493807	11	65493807	rs509206	T	C	T	C	0.49595	0.52715	0.52715	0.0099567589486111	0.0016988157223359	4.609e-09	693017.85	5.861	0.0076624689708308	0.0042287356351163	0.07006	112170.49	1.812	direct
11:67280620	11	67280620	rs4465371	A	G	A	G	0.6329	0.8407	0.8407	0.0096381377108229	0.0017642573148129	4.679e-08	691365.85	5.463	0.0074249344254398	0.0057691798177465	0.1981	112170.49	1.287	direct
11:73254598	11	73254598	rs11823979	A	G	A	G	0.2229	0.04235	0.04235	0.0141048108710074	0.0020367957936472	4.361e-12	695757.85	6.925	0.0023153762126259	0.0103365009492232	0.8225	115388.49	0.224	direct
11:83140517	11	83140517	rs1943749	T	C	T	C	0.68625	0.4998	0.4998	-0.0106398742784387	0.0018256476112626	5.612e-09	696704.85	-5.828	-0.0041965500543469	0.0041632441015346	0.3134	115388.49	-1.008	direct
11:83507351	11	83507351	rs3862775	T	C	T	C	0.36825	0.4547	0.4547	0.0105476688208076	0.0017608796028059	2.098e-09	693106.85	5.99	0.0027902056697816	0.0042926241073563	0.5154	109436.49	0.65	direct
11:84543955	11	84543955	rs12273977	A	G	A	G	0.1196	0.0247	0.0247	-0.0151664108381639	0.0026230388858809	7.373e-09	690125.85	-5.782	-0.0142029977418777	0.0134117070272688	0.2897	115388.49	-1.059	direct
11:84795484	11	84795484	rs473818	A	G	A	G	0.14905	0.45655	0.45655	-0.0184972110861503	0.0023885861423231	9.62e-15	690898.85	-7.744	-0.0003702370538547	0.0043557300453495	0.9326	106218.49	-0.085	direct
11:85299165	11	85299165	rs522604	T	C	T	C	0.68645	0.6461	0.6461	0.0115302706905515	0.0018310736367399	3.039e-10	692815.85	6.297	0.0087019960040398	0.0043531745893145	0.04561	115388.49	1.999	direct
11:85727005	11	85727005	rs35206999	T	C	T	C	0.8151	0.91305	0.91305	0.0130055366941928	0.0021839692181683	2.595e-09	695515.85	5.955	-0.0102543355386452	0.007387849811704	0.1652	115388.49	-1.388	direct
11:86297189	11	86297189	rs949349	T	C	T	C	0.74765	0.46935	0.46935	0.0108384708217912	0.0019617141758898	3.292e-08	688616.85	5.525	-0.0075078859994816	0.0041710477774898	0.07188	115388.49	-1.8	direct
11:95271755	11	95271755	rs7926825	A	G	A	G	0.331	0.50865	0.50865	0.0099497798874933	0.0018002134770206	3.259e-08	696704.85	5.527	0.0001332443273955	0.0041638852311099	0.9744	115388.49	0.032	direct
11:105503658	11	105503658	rs4754133	T	C	T	C	0.73905	0.5732	0.5732	-0.0146812241168212	0.001933520889875	3.133e-14	693433.85	-7.593	-0.0130548307373775	0.0043213607207472	0.002516	109436.49	-3.021	direct
11:107866225	11	107866225	rs79604411	T	C	T	C	0.1219	0.04355	0.04355	-0.0148895985571386	0.0025971740026406	9.889e-09	692467.85	-5.733	-0.0088137081949433	0.0103447279283372	0.3944	112170.49	-0.852	direct
11:108119048	11	108119048	rs694376	A	C	A	C	0.59295	0.4642	0.4642	0.0139488780899621	0.0017252786753199	6.205e-16	695896.85	8.085	0.0126424674017299	0.0041738089804324	0.002451	115388.49	3.029	direct
11:116720089	11	116720089	rs2289893	T	C	T	C	0.34935	0.6545	0.6545	-0.0099887754291339	0.0017811653760937	2.042e-08	693319.85	-5.608	-0.0066580916082675	0.004377443529433	0.1283	115388.49	-1.521	direct
11:117453109	11	117453109	rs77967735	A	G	A	G	0.91305	0.95285	0.95285	0.0201009439124711	0.003010475350078	2.441e-11	694876.85	6.677	0.0318869578927251	0.0098204366777718	0.001165	115388.49	3.247	direct
11:118312870	11	118312870	rs74422681	A	G	A	G	0.93785	0.94345	0.94345	-0.0195570923539132	0.0035231656195123	2.848e-08	691050.85	-5.551	0.0018463806285783	0.0091404981612787	0.8395	112170.49	0.202	direct
11:118572267	11	118572267	rs573905	A	G	A	G	0.4497	0.32775	0.32775	0.010502139339689	0.0017121192272072	8.543e-10	689216.85	6.134	0.0033260379968721	0.0044347173291629	0.4531	115388.49	0.75	direct
11:119217311	11	119217311	rs883245	A	G	A	G	0.4948	0.7454	0.7454	-0.0116403311444987	0.0017052931650305	8.747e-12	687779.85	-6.826	0.0056032957635993	0.0049065637159363	0.2534	109436.49	1.142	direct
11:123412246	11	123412246	rs1295755	A	C	A	C	0.3867	0.37035	0.37035	0.009734557784917	0.0017715300791477	3.898e-08	671747.85	5.495	0.0082277922103978	0.0062096544984134	0.1851	55604.49	1.325	direct
11:128076117	11	128076117	rs7933009	A	G	A	G	0.40105	0.03275	0.03275	-0.010133429569139	0.001737258626631	5.434e-09	689652.85	-5.833	0.0021617294740329	0.0120096081890721	0.857	109436.49	0.18	direct
11:128657956	11	128657956	rs613537	T	C	T	C	0.3164	0.26415	0.26415	-0.0105467793339474	0.0018335847242606	8.809e-09	687556.85	-5.752	-0.013012139850994	0.0047213860126974	0.005853	115388.49	-2.756	direct
11:128911433	11	128911433	rs2155177	A	C	A	C	0.71955	0.7203	0.7203	-0.0126077126558928	0.0018879473878246	2.423e-11	695097.85	-6.678	-0.0076149822528345	0.004637626219753	0.1005	115388.49	-1.642	direct
11:129175399	11	129175399	rs12272027	T	C	T	C	0.32885	0.1019	0.1019	0.0102350887124675	0.0018041756940714	1.404e-08	695944.85	5.673	0.0039634754817894	0.0068810338225511	0.5647	115388.49	0.576	direct
11:131928971	11	131928971	rs1790165	A	C	A	C	0.3739	0.1719	0.1719	0.0180882688668987	0.0017527392312886	5.71e-25	695135.85	10.32	0.0120825754502236	0.0055171577398281	0.02851	115388.49	2.19	direct
11:132952217	11	132952217	rs7123173	A	G	A	G	0.331	0.29425	0.29425	-0.0100054958334408	0.0018264870086602	4.292e-08	676804.85	-5.478	-0.0129448003240272	0.0047608680853354	0.006551	106218.49	-2.719	direct
12:345175	12	345175	rs2080402	T	C	T	C	0.43825	0.6525	0.6525	0.0093565263508006	0.0017111423465253	4.554e-08	693607.85	5.468	0.0153302316163561	0.0043713235290436	0.0004538	115388.49	3.507	direct
12:12828050	12	12828050	rs7973428	T	C	T	C	0.3381	0.2798	0.2798	0.0107798648661664	0.001794849295066	1.897e-09	693511.85	6.006	0.0136513260425439	0.0046369993351032	0.003241	115388.49	2.944	direct
12:13894221	12	13894221	rs7960371	T	C	T	C	0.2309	0.22335	0.22335	-0.0111710410419093	0.0020149785429129	2.961e-08	693430.85	-5.544	0.0015550369721431	0.0051321352215946	0.7616	109436.49	0.303	direct
12:22403921	12	22403921	rs61921817	T	C	T	C	0.0661	0.1486	0.1486	-0.0187230287564786	0.0034184825189845	4.327e-08	693078.85	-5.477	-0.011487898179062	0.0058522150682944	0.04967	115388.49	-1.963	direct
12:22655821	12	22655821	rs73076645	A	G	A	G	0.04885	0.02885	0.02885	-0.0236914467940688	0.0039302333765874	1.657e-09	696621.85	-6.028	-0.019325652275007	0.0124360696750367	0.1201	115388.49	-1.554	direct
12:26761513	12	26761513	rs11048611	T	G	T	G	0.53925	0.5569	0.5569	0.0094578296201346	0.001712134254188	3.307e-08	686466.85	5.524	-0.0071699443179213	0.0042501151854898	0.0916	112170.49	-1.687	direct
12:28299476	12	28299476	rs11049369	A	G	A	G	0.69	0.9477	0.9477	0.0102033745966554	0.0018361300335892	2.738e-08	693318.85	5.557	0.0016500936711389	0.0094832969605684	0.8617	112170.49	0.174	direct
12:29028788	12	29028788	rs12320044	T	C	T	C	0.5423	0.65185	0.65185	0.0108835473407627	0.0017163771236023	2.281e-10	683751.85	6.341	0.0088571242909492	0.0043695729111737	0.04266	115388.49	2.027	direct
12:31530887	12	31530887	rs7978277	A	C	A	C	0.40175	0.52875	0.52875	0.0119276680262406	0.0017336726782326	5.971e-12	692097.85	6.88	0.0089368748430589	0.0042294722399711	0.03463	112170.49	2.113	direct
12:46100461	12	46100461	rs2216471	A	G	A	G	0.43555	0.5126	0.5126	0.009404192795408	0.0017157804771771	4.233e-08	690818.85	5.481	0.0132844392609757	0.0041644010222494	0.001422	115388.49	3.19	direct
12:46356651	12	46356651	rs11183251	T	C	T	C	0.6697	0.61335	0.61335	0.0124243738001928	0.0018011559582767	5.267e-12	696704.85	6.898	0.0166364303859009	0.0059864808873339	0.00545	58822.49	2.779	direct
12:54722784	12	54722784	rs7964528	T	C	T	C	0.8774	0.87135	0.87135	-0.0149683660255742	0.0026081836601453	9.534e-09	683257.85	-5.739	-0.0221134466769448	0.0063055165888066	0.0004532	112170.49	-3.507	direct
12:55828540	12	55828540	rs12825366	T	C	T	C	0.27625	0.11975	0.11975	0.010780454412001	0.0019009794413685	1.418e-08	691996.85	5.671	-0.0026800255362502	0.0064115443450961	0.6756	115388.49	-0.418	direct
12:56106658	12	56106658	rs80262739	A	G	A	G	0.04245	0.0183	0.0183	0.0289413882401545	0.0042017114169794	5.639e-12	696704.85	6.888	-0.0447030130123938	0.0224638256343688	0.04654	55149.49	-1.99	direct
12:56364321	12	56364321	rs2069408	A	G	A	G	0.67475	0.7719	0.7719	0.0102096634106683	0.0018083002852759	1.639e-08	696704.85	5.646	0.0092072955368358	0.0049608273366572	0.06346	115388.49	1.856	direct
12:57362422	12	57362422	rs1843314	A	G	A	G	0.34525	0.1787	0.1787	0.0097848577417798	0.0017894765438514	4.555e-08	690700.85	5.468	0.0067509624083369	0.0055109897210914	0.2207	112170.49	1.225	direct
12:63026000	12	63026000	rs10877897	A	C	A	C	0.5402	0.48425	0.48425	0.0093267468128192	0.0017091344718378	4.841e-08	689088.85	5.457	0.0022992586468008	0.0041653236355088	0.5812	115388.49	0.552	direct
12:65013565	12	65013565	rs12296749	A	G	A	G	0.80775	0.9182	0.9182	0.0121381400320106	0.0021575080042677	1.843e-08	691674.85	5.626	0.0052308140233382	0.0077037025380534	0.4972	112170.49	0.679	direct
12:71233908	12	71233908	rs11178450	T	C	T	C	0.2457	0.37655	0.37655	0.015617318245664	0.0019686522432451	2.134e-15	696054.85	7.933	0.0209679317627157	0.0042958270359999	1.053e-06	115388.49	4.881	direct
12:91441090	12	91441090	rs76555379	A	G	A	G	0.0631	0.0724	0.0724	-0.0198281569239629	0.0034890299003981	1.324e-08	694732.85	-5.683	-0.018096964877913	0.0080323856537563	0.02428	115388.49	-2.253	direct
12:91691101	12	91691101	rs7953454	T	C	T	C	0.10055	0.15005	0.15005	-0.0175159627452253	0.0028178833245214	5.087e-10	696210.85	-6.216	-0.0200330175184639	0.0058286347158754	0.0005873	115388.49	-3.437	direct
12:96131895	12	96131895	rs17288108	A	G	A	G	0.8258	0.958	0.958	-0.013213453108516	0.0022335113435625	3.289e-09	696704.85	-5.916	0.0051575902785805	0.0142082376820399	0.7164	61556.49	0.363	direct
12:102794515	12	102794515	rs6220	A	G	A	G	0.68525	0.5215	0.5215	-0.0110981162791354	0.0018280540733215	1.269e-09	693671.85	-6.071	-0.0026127775193346	0.0041671092812355	0.5307	115388.49	-0.627	direct
12:118205698	12	118205698	rs7296788	T	C	T	C	0.3453	0.6018	0.6018	-0.0113406658849102	0.0018012493463961	3.046e-10	681644.85	-6.296	-0.0154651581898301	0.0043126486865114	0.0003352	112170.49	-3.586	direct
12:121268624	12	121268624	rs694303	T	C	T	C	0.35155	0.1668	0.1668	-0.0101274778952539	0.0017748822108752	1.158e-08	696220.85	-5.706	-0.0041096789721303	0.005583802951264	0.4618	115388.49	-0.736	direct
12:123457619	12	123457619	rs7296418	T	C	T	C	0.72025	0.61645	0.61645	0.0077924401157436	0.0018872463346436	3.639e-05	696704.85	4.129	0.0243126033807737	0.0042803879191502	1.346e-08	115388.49	5.68	direct
12:123709816	12	123709816	rs532684991	T	C	T	C	0.03155	0.25925	0.25925	-0.0060671316516689	0.0049730587308761	0.2226	661675.85	-1.22	-0.0331111653713144	0.0047491631341529	3.116e-12	115388.49	-6.972	direct
12:130917410	12	130917410	rs73150901	A	G	A	G	0.1034	0.0794	0.0794	0.0153286478447909	0.0027824737420204	3.603e-08	696577.85	5.509	-0.000905853403349	0.0078090810633534	0.9078	112170.49	-0.116	direct
12:133683261	12	133683261	rs905226	T	C	T	C	0.4461	0.75815	0.75815	0.0097106955931413	0.0017051265308413	1.23e-08	695941.85	5.695	0.009978337159155	0.0049916644117834	0.04562	109436.49	1.999	direct
13:21574392	13	21574392	rs512199	T	C	T	C	0.20065	0.13165	0.13165	0.0132121924792263	0.0021224405589118	4.802e-10	691987.85	6.225	0.0065445088472489	0.0061566404960008	0.2876	115388.49	1.063	direct
13:28958955	13	28958955	rs3751395	A	C	A	C	0.4217	0.60975	0.60975	0.0105858531800574	0.0017154194101535	6.768e-10	696704.85	6.171	0.0121875281875767	0.0043279574529746	0.004864	112170.49	2.816	direct
13:30879256	13	30879256	rs13378210	T	C	T	C	0.7285	0.7345	0.7345	-0.0113184344810755	0.0019073870038887	2.963e-09	694817.85	-5.934	0.0023333523896836	0.004713843211482	0.6205	115388.49	0.495	direct
13:36220281	13	36220281	rs3818423	A	C	A	C	0.79585	0.8785	0.8785	-0.0122630369843584	0.0021052424007482	5.72e-09	694326.85	-5.825	0.0015673995886254	0.006371543043193	0.8059	115388.49	0.246	direct
13:50032293	13	50032293	rs7991226	T	C	T	C	0.54535	0.50705	0.50705	-0.0094914155817189	0.0017012754224267	2.42e-08	696704.85	-5.579	-0.0151174439626423	0.0041634381610141	0.0002824	115388.49	-3.631	direct
13:50298349	13	50298349	rs9535314	T	C	T	C	0.7536	0.90315	0.90315	0.0108326131372076	0.0019667053626012	3.636e-08	696130.85	5.508	0.0103438034343525	0.0071385807000362	0.1473	112170.49	1.449	direct
13:51880895	13	51880895	rs6561632	A	G	A	G	0.48935	0.72505	0.72505	0.0094311233465997	0.0016989953785984	2.84e-08	693143.85	5.551	-0.002051375804539	0.0046622177375887	0.6601	115388.49	-0.44	direct
13:52319678	13	52319678	rs1060562	T	C	T	C	0.2736	0.1626	0.1626	0.0105014127768464	0.001901396483224	3.337e-08	695846.85	5.523	-0.0037796446094597	0.0056412606111339	0.5029	115388.49	-0.67	direct
13:67727053	13	67727053	rs9541019	T	C	T	C	0.2165	0.03815	0.03815	-0.0112437640471388	0.0020570369643503	4.605e-08	696578.85	-5.466	-0.0276661681645516	0.0108665232382371	0.0109	115388.49	-2.546	direct
13:80456952	13	80456952	rs9601280	T	C	T	C	0.79705	0.6894	0.6894	0.0159434852448127	0.00211395985744	4.618e-14	691617.85	7.542	0.0215557007673919	0.0046187488252393	3.05e-06	109436.49	4.667	direct
13:81537995	13	81537995	rs11841961	A	G	A	G	0.5229	0.71745	0.71745	-0.0097168030964557	0.0017095008966319	1.318e-08	685776.85	-5.684	0.0051509561297588	0.004747425004386	0.2779	109436.49	1.085	direct
13:85445776	13	85445776	rs2091337	A	G	A	G	0.6013	0.5256	0.5256	-0.0097113968023401	0.0017351075223048	2.182e-08	692723.85	-5.597	0.008479044250199	0.004168654990265	0.04193	115388.49	2.034	direct
13:85865451	13	85865451	rs74656822	T	C	T	C	0.98655	0.9805	0.9805	0.04084246560282	0.0073616556602054	2.896e-08	695277.85	5.548	0.011405756891444	0.0152687508586935	0.4553	112170.49	0.747	direct
13:93843776	13	93843776	rs397011	T	C	T	C	0.5313	0.4929	0.4929	-0.0097872779073511	0.001707778382019	9.993e-09	688416.85	-5.731	-0.0091682349183013	0.0041635944224801	0.02766	115388.49	-2.202	direct
13:99423101	13	99423101	rs9554502	T	G	T	G	0.30995	0.347	0.347	-0.0102213484923234	0.0018377109838769	2.66e-08	692187.85	-5.562	-0.0143775067807592	0.0044901645161646	0.001363	109436.49	-3.202	direct
13:99673134	13	99673134	rs61968919	T	C	T	C	0.10645	0.0237	0.0237	-0.0155470881312418	0.0027473207512355	1.518e-08	696412.85	-5.659	-0.0032159234151504	0.013684780490002	0.8144	115388.49	-0.235	direct
13:100477148	13	100477148	rs9513672	A	G	A	G	0.8025	0.64985	0.64985	-0.0127437619047643	0.0021278613966879	2.112e-09	696704.85	-5.989	-0.0101397441150393	0.0044259031492969	0.02197	112170.49	-2.291	direct
13:100727178	13	100727178	rs9513702	T	C	T	C	0.4964	0.18915	0.18915	-0.0197953420276191	0.0017614648538547	2.645e-29	644494.85	-11.238	-0.0060496703146275	0.0055399911306113	0.2747	106218.49	-1.092	direct
13:100980371	13	100980371	rs4772283	T	C	T	C	0.47545	0.3723	0.3723	-0.0136021512654761	0.0017006940817049	1.269e-15	693083.85	-7.998	-0.0106012680745388	0.0043059577881961	0.01383	115388.49	-2.462	direct
13:101231392	13	101231392	rs7322986	A	G	A	G	0.25485	0.1112	0.1112	-0.0207389060387856	0.001944211684521	1.456e-26	696439.85	-10.667	-0.0060453096276178	0.0066213687049483	0.3614	115388.49	-0.913	direct
13:101615109	13	101615109	rs9518240	T	C	T	C	0.28955	0.1906	0.1906	-0.0106334304364955	0.0018687926953419	1.269e-08	695937.85	-5.69	-0.005352789476037	0.0052997915604326	0.3126	115388.49	-1.01	direct
14:21773163	14	21773163	rs2874061	A	G	A	G	0.4461	0.4519	0.4519	-0.0095511151667229	0.0017508918729098	4.909e-08	660036.85	-5.455	-0.0114040107645955	0.0043593313320319	0.008889	106218.49	-2.616	direct
14:33265184	14	33265184	rs7161001	T	C	T	C	0.4714	0.6291	0.6291	-0.0100722411691186	0.0017208681307224	4.828e-09	677541.85	-5.853	-0.0017582286303976	0.0043093838980333	0.683	115388.49	-0.408	direct
14:42069889	14	42069889	rs61990287	A	C	A	C	0.2392	0.0138	0.0138	-0.0152320802466283	0.0019908613575517	1.996e-14	693137.85	-7.651	0.0290079361272937	0.0245206560670277	0.237	61101.49	1.183	direct
14:42327528	14	42327528	rs4904888	A	C	A	C	0.22625	0.013	0.013	-0.0166908648632366	0.0020278052318353	1.85e-16	694521.85	-8.231	-0.0106824480240268	0.0262468010418348	0.6838	56566.0	-0.407	direct
14:42582023	14	42582023	rs61990363	T	C	T	C	0.8074	0.95115	0.95115	0.0120341179215893	0.0021516391778275	2.228e-08	694490.85	5.593	0.0053403721546373	0.009657092503865	0.58	115388.49	0.553	direct
14:51154493	14	51154493	rs2883951	A	G	A	G	0.2403	0.26275	0.26275	-0.0161368178961049	0.0026558291468243	1.232e-09	388268.85	-6.076	0.0049147260368611	0.0049295145806029	0.319	106218.49	0.997	direct
14:54311027	14	54311027	rs2150276	T	C	T	C	0.34245	0.60785	0.60785	0.0101926052605339	0.0017903750677206	1.25e-08	692684.85	5.693	0.0162050404557408	0.0042633623929862	0.0001441	115388.49	3.801	direct
14:54563802	14	54563802	rs12879025	A	G	A	G	0.58245	0.38865	0.38865	-0.0159926016275609	0.0017188952738135	1.3530000000000002e-20	695744.85	-9.304	-0.0215337951134193	0.0042700367070036	4.591e-07	115388.49	-5.043	direct
14:54839896	14	54839896	rs1950202	A	G	A	G	0.3179	0.3628	0.3628	-0.0124766760266892	0.0018652528070996	2.251e-11	662714.85	-6.689	0.0003512886721348	0.0043911084016858	0.9359	112170.49	0.08	direct
14:60957171	14	60957171	rs2224408	A	G	A	G	0.55615	0.2015	0.2015	0.0199651052924433	0.0025301109228796	2.995e-15	316356.85	7.891	0.0341971860421172	0.0172104610176735	0.04691	10487.49	1.987	direct
14:61321953	14	61321953	rs4899021	T	G	T	G	0.67085	0.56655	0.56655	0.0117283620653646	0.0018051965623156	8.216e-11	694824.85	6.497	0.0112217194829234	0.0042603338963262	0.008442	112170.49	2.634	direct
14:63783392	14	63783392	rs78650279	A	C	A	C	0.0761	0.11995	0.11995	-0.0175447529181008	0.0031986787453237	4.131e-08	695024.85	-5.485	-0.0039146277015053	0.0064069193150659	0.5413	115388.49	-0.611	direct
14:67893242	14	67893242	rs8010441	A	G	A	G	0.28305	0.1251	0.1251	-0.0105423303440144	0.0018974676645094	2.765e-08	684304.85	-5.556	-0.0091863870248691	0.0062920459074446	0.1443	115388.49	-1.46	direct
14:70397477	14	70397477	rs7155412	A	G	A	G	0.15395	0.03155	0.03155	0.0128157710383992	0.0023502239204839	4.939e-08	694955.85	5.453	0.0322716331614442	0.0119083517200901	0.006724	115388.49	2.71	direct
14:73306817	14	73306817	rs12896976	T	C	T	C	0.50415	0.84415	0.84415	0.0093536754063041	0.0016951205883117	3.433e-08	696048.85	5.518	0.0080690450831319	0.0057390078827396	0.1596	115388.49	1.406	direct
14:74426971	14	74426971	rs34468446	A	G	A	G	0.8676	0.78825	0.78825	-0.0179904471433611	0.0025021484204952	6.503e-13	695190.85	-7.19	-0.0126916673360737	0.0051676169935153	0.01406	112170.49	-2.456	direct
14:74693465	14	74693465	rs10145258	A	G	A	G	0.5914	0.39645	0.39645	-0.0102377048959574	0.0017337349527446	3.523e-09	688339.85	-5.905	-0.0013872997849606	0.0042555208127628	0.7444	115388.49	-0.326	direct
14:74990398	14	74990398	rs862037	A	G	A	G	0.38235	0.5486	0.5486	-0.0097693439545062	0.0017536068846717	2.532e-08	688465.85	-5.571	-0.0083544264469067	0.0058586440721646	0.1539	58822.49	-1.426	direct
14:75253847	14	75253847	rs7159354	A	G	A	G	0.34545	0.2765	0.2765	0.012085595893811	0.0017814852437811	1.168e-11	696704.85	6.784	0.0019737257274976	0.0047789969188804	0.6794	109436.49	0.413	direct
14:75513828	14	75513828	rs175080	A	G	A	G	0.4647	0.16255	0.16255	0.0108907133463052	0.0016984892929359	1.432e-10	696704.85	6.412	0.0118817619525803	0.0056418622756791	0.0352	115388.49	2.106	direct
14:89428948	14	89428948	rs17125093	A	G	A	G	0.21445	0.3672	0.3672	-0.0154917915378436	0.0020639210681912	6.111e-14	696704.85	-7.506	-0.0134456330019081	0.0043796850169081	0.002144	112170.49	-3.07	direct
14:92550658	14	92550658	rs8014854	A	G	A	G	0.32185	0.48685	0.48685	0.0020654922264076	0.0018134260108934	0.2546	696610.85	1.139	-0.0228612322191447	0.0041641588741611	4.027e-08	115388.49	-5.49	direct
14:96318789	14	96318789	rs8019777	A	G	A	G	0.1118	0.20505	0.20505	0.0154671865658648	0.00271401764623	1.203e-08	683551.85	5.699	0.001783938330167	0.0051558911276503	0.7291	115388.49	0.346	direct
14:102903398	14	102903398	rs1190544	A	G	A	G	0.38975	0.3199	0.3199	-0.0108352874876545	0.0017386533195851	4.615e-10	695385.85	-6.232	-0.0102067831664531	0.0045262896525291	0.02411	112170.49	-2.255	direct
14:104507283	14	104507283	rs71417892	A	G	A	G	0.1473	0.12575	0.12575	-0.0160015975052495	0.0023961661433437	2.427e-11	693280.85	-6.678	-0.0042789998883077	0.0063675593576008	0.5013	112170.49	-0.672	direct
15:27988483	15	27988483	rs2311460	T	C	T	C	0.26315	0.29025	0.29025	-0.0126108393191317	0.0019398306905294	8.002e-11	685224.85	-6.501	-0.0060172151183804	0.0045862920109607	0.1896	115388.49	-1.312	direct
15:34875945	15	34875945	rs2655327	T	C	T	C	0.19765	0.19955	0.19955	-0.0141170929297312	0.0021461071647508	4.76e-11	684508.85	-6.578	-0.0021551730844112	0.0054286475677865	0.6912	106218.49	-0.397	direct
15:35128112	15	35128112	rs7181813	T	C	T	C	0.3219	0.4656	0.4656	0.0111291328506313	0.0018167046768905	8.998e-10	694005.85	6.126	0.0139118463474763	0.0042323840424326	0.001014	112170.49	3.287	direct
15:48692609	15	48692609	rs8032307	T	C	T	C	0.15605	0.0696	0.0696	0.0211807222302676	0.0023404112961621	1.428e-19	693032.85	9.05	0.0151244742204968	0.0084541499276114	0.0736	108028.49	1.789	direct
15:48942619	15	48942619	rs34945601	T	G	T	G	0.19165	0.10345	0.10345	0.0162037985983491	0.0028765841644504	1.772e-08	390006.85	5.633	0.0113770383138048	0.0070185307302929	0.1049	109436.49	1.621	direct
15:63455686	15	63455686	rs35893526	T	C	T	C	0.0777	0.0176	0.0176	0.0257487314616995	0.0031737620438431	4.95e-16	692606.85	8.113	0.0193378965847222	0.0164999117617083	0.241	106218.49	1.172	direct
15:66989515	15	66989515	rs11857194	T	C	T	C	0.23595	0.20165	0.20165	-0.011401555122852	0.0019957211837654	1.11e-08	696318.85	-5.713	-0.0046796458299378	0.0051880774167825	0.3668	115388.49	-0.902	direct
15:74213357	15	74213357	rs28542042	T	C	T	C	0.29075	0.5879	0.5879	-0.0123486147387299	0.0018873016565382	6.04e-11	680676.85	-6.543	-8.37501326200191e-05	0.0044079017168431	0.9848	106218.49	-0.019	direct
15:78733731	15	78733731	rs17483721	T	C	T	C	0.6698	0.8597	0.8597	-0.0099683193056565	0.0018038941921202	3.275e-08	694714.85	-5.526	0.0069707358783269	0.0059937539796448	0.245	115388.49	1.163	direct
15:79007555	15	79007555	rs62010555	A	G	A	G	0.32175	0.10295	0.10295	-0.0099376697581058	0.0018147680347161	4.361e-08	695665.85	-5.476	0.0094953849496874	0.0070336184812499	0.1769	109436.49	1.35	direct
15:79367703	15	79367703	rs56117790	A	G	A	G	0.24835	0.4745	0.4745	-0.0201960756871245	0.0019605936983908	6.974e-25	696704.85	-10.301	-0.0445303523179551	0.0060022041134863	1.178e-13	55604.49	-7.419	direct
15:82317745	15	82317745	rs10851959	A	G	A	G	0.7008	0.50055	0.50055	-0.0132444333483748	0.0018510738432389	8.385e-13	695880.85	-7.155	-0.006910936744655	0.0041632149064187	0.09684	115388.49	-1.66	direct
15:89110081	15	89110081	rs12148331	T	C	T	C	0.32825	0.23445	0.23445	0.0103868015569877	0.0018117567690541	9.892e-09	690775.85	5.733	0.0073259730733998	0.0049134628258885	0.1359	115388.49	1.491	direct
15:92599394	15	92599394	rs12911402	T	C	T	C	0.6804	0.4869	0.4869	-0.0104257807977254	0.0018207790425646	1.03e-08	693527.85	-5.726	-0.011748190310667	0.004164548142739	0.004784	115388.49	-2.821	direct
15:93722985	15	93722985	rs17540004	A	G	A	G	0.21025	0.15495	0.15495	0.0114444689144471	0.0020789226002628	3.693e-08	696704.85	5.505	0.0002937947442545	0.0059958111072362	0.9607	106218.49	0.049	direct
15:99281188	15	99281188	rs62024526	T	C	T	C	0.2824	0.2588	0.2588	-0.0105660020444275	0.0018891475137542	2.228e-08	691307.85	-5.593	-0.0116846872702837	0.004820415540546	0.01536	112170.49	-2.424	direct
16:353457	16	353457	rs113262784	T	C	T	C	0.0589	0.03705	0.03705	0.0214672176377418	0.0036961462874899	6.31e-09	660234.85	5.808	0.0325144984152091	0.0111772081179818	0.003624	112170.49	2.909	direct
16:1356367	16	1356367	rs6600132	T	C	T	C	0.11385	0.01	0.01	0.0202243366215249	0.002737828160488	1.505e-13	661121.85	7.387	0.0585003335314195	0.0315876530947189	0.064	50614.0	1.852	direct
16:7216872	16	7216872	rs115803486	A	G	A	G	0.02115	0.02	0.02	-0.0322350590388205	0.0058973763334834	4.59e-08	694395.85	-5.466	-0.009511809973075	0.0152677527657706	0.5331	109436.49	-0.623	direct
16:7467377	16	7467377	rs13339076	A	G	A	G	0.64965	0.89675	0.89675	0.0111707287151521	0.001866454254829	2.17e-09	630563.85	5.985	0.0274722427625951	0.0091300241816533	0.002617	64774.49	3.009	direct
16:8202554	16	8202554	rs2360845	A	G	A	G	0.29705	0.56095	0.56095	0.011415245377183	0.0018640178604152	9.129e-10	689115.85	6.124	0.0148424971370755	0.0043348414535851	0.0006166	108028.49	3.424	direct
16:10002809	16	10002809	rs17208905	A	G	A	G	0.4732	0.904	0.904	0.0126950200419132	0.0022812255241533	2.615e-08	385396.85	5.565	-0.0032680621119213	0.0071668028770204	0.6482	112170.49	-0.456	direct
16:10290575	16	10290575	rs1427858	A	G	A	G	0.32105	0.53045	0.53045	0.0122552456739975	0.0018169378315785	1.527e-11	694785.85	6.745	0.0026027021133825	0.0041709969765745	0.5324	115388.49	0.624	direct
16:18787646	16	18787646	rs2641901	T	C	T	C	0.56435	0.8709	0.8709	0.0102823778969095	0.0017229185484097	2.409e-09	685064.85	5.968	0.0129956735735788	0.0063362621031588	0.04025	110762.49	2.051	direct
16:55491049	16	55491049	rs17300655	A	C	A	C	0.2027	0.16005	0.16005	-0.0114922490244256	0.0021078960059474	4.979e-08	696269.85	-5.452	-0.0044050560569377	0.0057582432116833	0.4442	112170.49	-0.765	direct
16:67001159	16	67001159	rs67483828	A	G	A	G	0.03945	0.0328	0.0328	-0.024490910029407	0.0043523920436124	1.835e-08	696509.85	-5.627	-0.0009127279324624	0.0118536095124997	0.9383	112170.49	-0.077	direct
16:68029739	16	68029739	rs56303487	T	C	T	C	0.1795	0.1197	0.1197	-0.0167303536942089	0.0022109625603553	3.831e-14	694429.85	-7.567	-0.0065345180348396	0.0064126771686356	0.308	115388.49	-1.019	direct
16:68280893	16	68280893	rs1971546	T	C	T	C	0.8347	0.8862	0.8862	0.0158094424627369	0.0022806466334011	4.15e-12	696659.85	6.932	0.0051980297064051	0.0065548924418727	0.428	115388.49	0.793	direct
16:73777572	16	73777572	rs62043693	A	G	A	G	0.12105	0.10755	0.10755	-0.0167020179983068	0.0025999405352283	1.326e-10	695165.85	-6.424	-0.0087159738197529	0.0068146785142712	0.2008	112170.49	-1.279	direct
16:77869933	16	77869933	rs66978802	T	G	T	G	0.17885	0.0671	0.0671	0.0122749295630228	0.0022140926340228	2.964e-08	694460.85	5.544	-0.0017974068920811	0.0084385300097706	0.8315	112170.49	-0.213	direct
16:79783088	16	79783088	rs10871378	T	C	T	C	0.2265	0.29295	0.29295	-0.0120758018664219	0.0020343331985212	2.915e-09	689564.85	-5.936	-0.0170522699846964	0.0046963012901945	0.0002828	109436.49	-3.631	direct
16:80405292	16	80405292	rs2881978	A	G	A	G	0.5624	0.6317	0.6317	-0.0104201519006229	0.0017099034953434	1.099e-09	694833.85	-6.094	-0.0053902258428951	0.0043156331808607	0.2118	115388.49	-1.249	direct
17:3892563	17	3892563	rs35852805	T	C	T	C	0.18805	0.1431	0.1431	-0.0123494216864053	0.0021718996986291	1.303e-08	694172.85	-5.686	-0.0141441925179496	0.0060290675694584	0.01897	112170.49	-2.346	direct
17:4184856	17	4184856	rs67831913	T	C	T	C	0.7615	0.85135	0.85135	0.0112037622499447	0.0019900110568285	1.797e-08	695153.85	5.63	0.019197876924336	0.005851227346643	0.001033	115388.49	3.281	direct
17:7316027	17	7316027	rs77983244	A	G	A	G	0.07535	0.0388	0.0388	0.0259282918919612	0.0042913425839061	1.524e-09	389656.85	6.042	0.0286253570615246	0.0155911530836191	0.06633	55149.49	1.836	direct
17:7793298	17	7793298	rs72841432	T	C	T	C	0.94875	0.95115	0.95115	0.0213575649875826	0.0038454384205226	2.794e-08	695365.85	5.554	0.014200103191217	0.0132216975709656	0.2828	61556.49	1.074	direct
17:11358218	17	11358218	rs78388362	A	G	A	G	0.9116	0.9417	0.9417	0.0205712777456384	0.0029956717264654	6.561e-12	691345.85	6.867	0.0021625505166602	0.0090106271527512	0.8107	112170.49	0.24	direct
17:14118304	17	14118304	rs4792448	A	G	A	G	0.6676	0.82185	0.82185	0.0136614338828998	0.0024085743799188	1.414e-08	388361.85	5.672	0.0066542787980221	0.0055176441111295	0.2278	112170.49	1.206	direct
17:30912617	17	30912617	rs2157842	A	G	A	G	0.1711	0.09505	0.09505	-0.0169248639821924	0.0022626823505604	7.437e-14	688549.85	-7.48	0.0018644767628947	0.0071987519802887	0.796	112170.49	0.259	direct
17:31163441	17	31163441	rs11870795	T	C	T	C	0.6856	0.71395	0.71395	-0.0104709452532674	0.0018257969055392	9.752e-09	695810.85	-5.735	0.002915760431641	0.004606256606068	0.5265	115388.49	0.633	direct
17:37389409	17	37389409	rs9897185	A	G	A	G	0.2206	0.22825	0.22825	-0.0128893278558957	0.0020699097247303	4.756e-10	678697.85	-6.227	-0.0120599314802227	0.0051692805315999	0.01964	106218.49	-2.333	direct
17:37807698	17	37807698	rs9972882	A	C	A	C	0.24755	0.54	0.54	-0.0137219036759417	0.0019627955479819	2.731e-12	696704.85	-6.991	-0.0013216738686619	0.0042361341944292	0.7553	112170.49	-0.312	direct
17:38066240	17	38066240	rs2290400	T	C	T	C	0.48015	0.72715	0.72715	-0.009903978010264	0.0016955963037603	5.194e-09	696704.85	-5.841	-0.0036405423666367	0.0046733534873385	0.4358	115388.49	-0.779	direct
17:44057595	17	44057595	rs3785884	A	G	A	G	0.17475	0.1233	0.1233	0.0143805081334616	0.0022316120629208	1.163e-10	696151.85	6.444	0.0126418365694914	0.0087005069301385	0.1461	61101.49	1.453	direct
17:44316449	17	44316449	rs62073098	A	C	A	C	0.88585	0.96775	0.96775	-0.0175797907965732	0.0026876304535351	6.096e-11	684490.85	-6.541	0.0142315280332287	0.0170437461475793	0.4035	55149.49	0.835	direct
17:44856485	17	44856485	rs199516	T	C	T	C	0.8439	0.9893	0.9893	-0.0156530628429869	0.0023341877189064	1.999e-11	696588.85	-6.706	-0.0268216188744221	0.0305485408592507	0.38	50614.0	-0.878	direct
17:47219542	17	47219542	rs12453819	A	G	A	G	0.27185	0.461	0.461	-0.012904506386263	0.0019066942060081	1.301e-11	694750.85	-6.768	0.0006268483995266	0.004235462158964	0.882	112170.49	0.148	direct
17:47470487	17	47470487	rs2584662	A	C	A	C	0.58205	0.76205	0.76205	0.0117048463884109	0.0017243438992944	1.138e-11	691207.85	6.788	-0.0007133100581352	0.0050950718438231	0.8889	106218.49	-0.14	direct
17:54677238	17	54677238	rs77575566	T	C	T	C	0.9389	0.95105	0.95105	0.0212147442553978	0.0035387396589487	2.036e-09	695968.85	5.995	0.0161355235792095	0.0097850355240809	0.09918	112170.49	1.649	direct
17:55547695	17	55547695	rs2586222	A	G	A	G	0.1741	0.1298	0.1298	-0.0147769413368537	0.0022375743998869	4.009e-11	694482.85	-6.604	-0.0242468455443304	0.006231520314657	9.963e-05	113980.49	-3.891	direct
17:56445344	17	56445344	rs2680699	T	C	T	C	0.77045	0.6506	0.6506	0.0143613369695682	0.0020232934586599	1.265e-12	690555.85	7.098	0.0120265953742362	0.0044280542615008	0.006612	112170.49	2.716	direct
17:58831181	17	58831181	rs112238083	A	C	A	C	0.9208	0.97915	0.97915	-0.0183256846373188	0.0031401104587592	5.331e-09	695293.85	-5.836	0.0267674199449316	0.0200205085601583	0.1813	61101.49	1.337	direct
17:59410602	17	59410602	rs8064930	T	C	T	C	0.0797	0.0544	0.0544	-0.0177236441435381	0.0031363730567223	1.592e-08	692957.85	-5.651	-0.018626525426617	0.0093086084091039	0.04538	112170.49	-2.001	direct
17:65921834	17	65921834	rs4790981	A	G	A	G	0.782	0.3486	0.3486	-0.0115310585785206	0.0020521549347785	1.918e-08	696412.85	-5.619	-0.0042021140148137	0.0060030200211625	0.4842	61101.49	-0.7	direct
17:68652999	17	68652999	rs62068743	T	C	T	C	0.34475	0.23955	0.23955	-0.0104412418005448	0.0017921801923351	5.685e-09	689086.85	-5.826	-0.0013504383937564	0.0049466607829905	0.7848	112170.49	-0.273	direct
17:69474613	17	69474613	rs2367538	A	C	A	C	0.3538	0.0277	0.0277	0.0097743425583465	0.0017781230777417	3.861e-08	691675.85	5.497	0.0221042340882128	0.0132202356986918	0.09461	106218.49	1.672	direct
17:75916660	17	75916660	rs10401025	T	C	T	C	0.19375	0.0656	0.0656	0.0122903933735129	0.0021497976864636	1.084e-08	692536.85	5.717	0.0134564201155089	0.0085275159160385	0.1146	112170.49	1.578	direct
17:79466763	17	79466763	rs8078253	T	C	T	C	0.434	0.8218	0.8218	0.0108079411355412	0.0017588187364591	7.999e-10	657955.85	6.145	0.0113545978518091	0.0074750479603746	0.1288	61101.49	1.519	direct
17:80044078	17	80044078	rs17848937	A	G	A	G	0.2032	0.04115	0.04115	0.0123391455144867	0.0021052969654473	4.611e-09	696704.85	5.861	0.0236061111139807	0.0106285957289422	0.02635	112170.49	2.221	direct
18:6438675	18	6438675	rs12955403	A	G	A	G	0.3473	0.49795	0.49795	-0.0120254123366058	0.0017852452993773	1.631e-11	692033.85	-6.736	-0.0054006585115635	0.0042225633397682	0.2011	112170.49	-1.279	direct
18:24391013	18	24391013	rs2010028	A	G	A	G	0.2578	0.3572	0.3572	-0.0109092726163222	0.001957171262347	2.495e-08	682163.85	-5.574	-0.0094571354296161	0.0043441136562315	0.02949	115388.49	-2.177	direct
18:25534039	18	25534039	rs4363925	A	G	A	G	0.2625	0.43	0.43	-0.0115070663797417	0.0019500197220372	3.619e-09	679169.85	-5.901	0.0012367213923538	0.0042645565253581	0.7719	112170.49	0.29	direct
18:36270656	18	36270656	rs6507271	A	G	A	G	0.3625	0.60675	0.60675	-0.0099488451911692	0.0017655448431533	1.749e-08	694071.85	-5.635	-0.0041890563109864	0.0042615018423056	0.3256	115388.49	-0.983	direct
18:39150324	18	39150324	rs16974995	T	C	T	C	0.0792	0.0181	0.0181	0.0217272590928091	0.0031415932754206	4.641e-12	694623.85	6.916	-0.0018054173112727	0.0158369939585332	0.9096	112170.49	-0.114	direct
18:42789010	18	42789010	rs2187140	A	C	A	C	0.7403	0.83535	0.83535	-0.0119698256142825	0.0020043244498128	2.341e-09	647336.85	-5.972	-0.0074426717664827	0.0056128746353565	0.1849	115388.49	-1.326	direct
18:47185590	18	47185590	rs66505582	A	C	A	C	0.1635	0.1744	0.1744	0.0137803077509872	0.0023167968646582	2.716e-09	681063.85	5.948	0.0024982365730622	0.0055640012763078	0.6536	112170.49	0.449	direct
18:47437018	18	47437018	rs1217618	A	G	A	G	0.45545	0.72705	0.72705	0.0103215098929124	0.0017026575211006	1.346e-09	695366.85	6.062	0.0007869081267541	0.0047982202850861	0.87	109436.49	0.164	direct
18:53195964	18	53195964	rs72627231	T	C	T	C	0.32135	0.40045	0.40045	0.0126558570395244	0.0018251884971912	4.097e-12	688176.85	6.934	0.0137894070707678	0.0042481229423191	0.001171	115388.49	3.246	direct
18:62987397	18	62987397	rs1605167	A	G	A	G	0.3699	0.42545	0.42545	-0.0099902617408443	0.001759468429173	1.367e-08	692935.85	-5.678	-0.0144827739749309	0.0042101087136427	0.0005822	115388.49	-3.44	direct
18:72165058	18	72165058	rs8083001	T	C	T	C	0.7805	0.72165	0.72165	-0.0132873267451518	0.0020483007160708	8.778e-11	695582.85	-6.487	-0.0141932094523804	0.004644374820805	0.002242	115388.49	-3.056	direct
19:2109019	19	2109019	rs2072306	T	C	T	C	0.7613	0.6201	0.6201	0.0113298641781465	0.0020414169690354	2.849e-08	660203.85	5.55	0.0083342894489527	0.0043498379169899	0.05532	112170.49	1.916	direct
19:8232734	19	8232734	rs10416763	T	C	T	C	0.4567	0.4336	0.4336	0.011964936465603	0.0017127020420273	2.823e-12	686917.85	6.986	0.0131467050953195	0.0042601118260918	0.002028	112170.49	3.086	direct
19:13132215	19	13132215	rs77569445	T	G	T	G	0.116	0.0264	0.0264	0.0191820997360553	0.0026520254024686	4.717e-13	693220.85	7.233	0.0144666529676452	0.0135328839734754	0.2848	106218.49	1.069	direct
19:19354937	19	19354937	rs10402294	T	C	T	C	0.7648	0.5801	0.5801	0.0143968199139546	0.001997339055765	5.695e-13	696704.85	7.208	0.0016469551256278	0.0042778055211113	0.6999	112170.49	0.385	direct
19:19605348	19	19605348	rs2288852	T	C	T	C	0.6637	0.71595	0.71595	0.0177713651572216	0.0017941812374782	3.9759999999999996e-23	695788.85	9.905	0.0111565693798851	0.0046158747951531	0.01567	115388.49	2.417	direct
19:19859845	19	19859845	rs8104983	A	G	A	G	0.86105	0.7058	0.7058	0.0144859819583819	0.0024606730012539	3.925e-09	690165.85	5.887	-0.0044895776959991	0.0046332071166142	0.3326	112170.49	-0.969	direct
19:36149761	19	36149761	rs4806187	A	G	A	G	0.49385	0.36735	0.36735	0.0106826779848346	0.0017045919873678	3.692e-10	688382.85	6.267	0.0079749403222856	0.0043794290622106	0.06856	112170.49	1.821	direct
19:41900809	19	41900809	rs111867059	T	C	T	C	0.1102	0.0112	0.0112	0.0153258808955095	0.0027067963432549	1.496e-08	695928.85	5.662	-0.0356794546942075	0.0297328789118396	0.23	51069.0	-1.2	direct
19:45392254	19	45392254	rs6857	T	C	T	C	0.17495	0.12475	0.12475	0.012386210302761	0.0022309456597191	2.825e-08	695950.85	5.552	0.0135388451584699	0.0063892615188626	0.03406	112170.49	2.119	direct
19:47756290	19	47756290	rs4804033	A	G	A	G	0.53455	0.36955	0.36955	-0.0109781250425161	0.0017012436142129	1.096e-10	694303.85	-6.453	-0.0059027309302104	0.0059264366769181	0.3194	61101.49	-0.996	direct
19:48530430	19	48530430	rs2561829	A	G	A	G	0.19965	0.15995	0.15995	0.0144122301237552	0.0021348289325663	1.471e-11	686539.85	6.751	0.0032464381033751	0.007803937748498	0.6776	61101.49	0.416	direct
2:50814	2	50814	rs10165221	T	C	T	C	0.33595	0.42735	0.42735	-0.014489310862391	0.0024000846218968	1.569e-09	389045.85	-6.037	-0.0037366856539092	0.004385781283931	0.3942	106218.49	-0.852	direct
2:301051	2	301051	rs6753137	T	C	T	C	0.4268	0.6265	0.6265	-0.0152640922555486	0.0017133339606632	5.141e-19	696154.85	-8.909	-0.0096132822452274	0.0043031702082486	0.0255	115388.49	-2.234	direct
2:817216	2	817216	rs4458242	A	G	A	G	0.1959	0.4928	0.4928	-0.0146414353495845	0.0025827192361235	1.433e-08	475819.0	-5.669	-0.0080328716713362	0.0042479490594057	0.05865	110853.0	-1.891	direct
2:1077718	2	1077718	rs10470000	T	C	T	C	0.1903	0.255	0.255	0.0118173577771276	0.0021607895002976	4.516e-08	694965.85	5.469	0.0073854365187698	0.0049040083125961	0.132	109436.49	1.506	direct
2:2890152	2	2890152	rs79499112	T	G	T	G	0.83995	0.9001	0.9001	0.0126743134689659	0.0023115654694448	4.178e-08	696032.85	5.483	-0.0122366205576239	0.0070406332322347	0.08219	112170.49	-1.738	direct
2:12865671	2	12865671	rs10203137	A	G	A	G	0.3159	0.2002	0.2002	-0.0104438513117728	0.0018261673914622	1.074e-08	693743.85	-5.719	0.0064439146236221	0.0073143185285155	0.3784	58367.49	0.881	direct
2:30493554	2	30493554	rs34282377	T	C	T	C	0.6302	0.65395	0.65395	-0.0104179656376914	0.0017702575425134	3.97e-09	684588.85	-5.885	-0.0049165405664555	0.0045607982991239	0.2809	106218.49	-1.078	direct
2:44328998	2	44328998	rs17425397	A	G	A	G	0.93585	0.97495	0.97495	0.0194858886703021	0.0034573968542054	1.743e-08	696704.85	5.636	0.0158508668077383	0.0133200561409565	0.2342	115388.49	1.19	direct
2:44886144	2	44886144	rs72792395	T	C	T	C	0.09455	0.0911	0.0911	0.0160240190558336	0.0028955581958499	3.132e-08	696562.85	5.534	-0.0013427015131901	0.0073371667387438	0.8544	112170.49	-0.183	direct
2:45137115	2	45137115	rs544911	A	G	A	G	0.4549	0.19955	0.19955	-0.0105613201224565	0.0017089514761256	6.403e-10	690389.85	-6.18	0.0083645551538274	0.0053481810446467	0.1177	109436.49	1.564	direct
2:46683683	2	46683683	rs7565770	A	C	A	C	0.53495	0.38555	0.38555	-0.0096113333440736	0.0017053465834055	1.742e-08	691053.85	-5.636	-0.0070053361135635	0.0042767619740924	0.1014	115388.49	-1.638	direct
2:53933823	2	53933823	rs72793658	A	C	A	C	0.13545	0.17455	0.17455	-0.013527928279272	0.0024794589954677	4.861e-08	694493.85	-5.456	-0.0191436770854203	0.0054837230264738	0.0004804	115388.49	-3.491	direct
2:55944456	2	55944456	rs114123399	A	G	A	G	0.9691	0.97355	0.97355	0.0286078934164491	0.0049044905565659	5.431e-09	694118.85	5.833	-0.0103906591108975	0.0129721087526811	0.4229	115388.49	-0.801	direct
2:56205824	2	56205824	rs11686318	T	C	T	C	0.18165	0.05285	0.05285	-0.0133100236177169	0.00220401119684	1.552e-09	692380.85	-6.039	0.0017358253576114	0.0096973483665446	0.8576	106218.49	0.179	direct
2:57991535	2	57991535	rs17815124	T	C	T	C	0.0823	0.0254	0.0254	-0.0175528996763865	0.0030854103843182	1.281e-08	695381.85	-5.689	-0.0131112923621848	0.0132303656530624	0.3217	115388.49	-0.991	direct
2:58242037	2	58242037	rs60152647	T	C	T	C	0.0821	0.02525	0.02525	-0.0173597383897215	0.0030911215081413	1.955e-08	694351.85	-5.616	-0.0198098896768445	0.013268512844504	0.1354	115388.49	-1.493	direct
2:58496055	2	58496055	rs75499011	A	G	A	G	0.0847	0.0258	0.0258	-0.018286804913856	0.0030503427712854	2.04e-09	693111.85	-5.995	-0.0179356462402295	0.0131300484921153	0.172	115388.49	-1.366	direct
2:79930269	2	79930269	rs13028762	T	C	T	C	0.6317	0.7365	0.7365	0.0099843769761781	0.0017593615817054	1.39e-08	694267.85	5.675	0.0003019322824526	0.0047925759119474	0.9496	112170.49	0.063	direct
2:104446759	2	104446759	rs2678662	T	G	T	G	0.39485	0.6748	0.6748	-0.0097603042739113	0.0017429114774841	2.139e-08	688817.85	-5.6	-0.004114815098408	0.0044436448146955	0.3543	115388.49	-0.926	direct
2:144597276	2	144597276	rs35563346	T	C	T	C	0.7669	0.73865	0.73865	0.0109988566815039	0.0020078234175801	4.296e-08	693775.85	5.478	0.0091674189096858	0.0047376841910521	0.05294	115388.49	1.935	direct
2:145222171	2	145222171	rs11892740	A	G	A	G	0.6523	0.5316	0.5316	0.0149787687882547	0.0017787399107296	3.719e-17	696704.85	8.421	0.0149734855255557	0.0043477019528326	0.0005736	106218.49	3.444	direct
2:145642417	2	145642417	rs7598305	T	G	T	G	0.29815	0.08385	0.08385	0.0102130387215592	0.0018606374060045	4.034e-08	690157.85	5.489	-0.004356084454809	0.0075104904393259	0.562	115388.49	-0.58	direct
2:146662279	2	146662279	rs62170669	A	G	A	G	0.14025	0.01175	0.01175	0.0179476232771052	0.0024395301450462	1.875e-13	696704.85	7.357	0.0128531947085409	0.0281868305011861	0.6487	54196.49	0.456	direct
2:147002398	2	147002398	rs2194682	A	C	A	C	0.31565	0.19535	0.19535	-0.0165920710108597	0.0018433586280257	2.244e-19	681105.85	-9.001	-0.0025149457606992	0.0052504086862197	0.6317	115388.49	-0.479	direct
2:148375033	2	148375033	rs4662533	T	G	T	G	0.33995	0.169	0.169	0.0099299462801592	0.0017911158513995	2.956e-08	694562.85	5.544	0.0062378837351386	0.0055546604943353	0.2613	115388.49	1.123	direct
2:153648587	2	153648587	rs2114653	A	G	A	G	0.66075	0.95535	0.95535	0.0136931868671052	0.0018115077215379	4.049e-14	679666.85	7.559	0.0066923557839153	0.0100788490721617	0.507	115388.49	0.664	direct
2:153899603	2	153899603	rs4664132	T	C	T	C	0.3381	0.475	0.475	-0.0109156428161635	0.0018078242491161	1.562e-09	683591.85	-6.038	-0.0115247285126496	0.0042277067177731	0.006418	112170.49	-2.726	direct
2:157245629	2	157245629	rs13015925	T	C	T	C	0.54335	0.7817	0.7817	0.0095144855855895	0.0017100081929528	2.632e-08	689113.85	5.564	0.0068783770434333	0.0050391040611233	0.1721	115388.49	1.365	direct
2:157496127	2	157496127	rs12993820	T	C	T	C	0.59325	0.76965	0.76965	0.0111463866480513	0.0017299994797534	1.168e-10	692287.85	6.443	0.0117610691514445	0.0049437028799682	0.01736	115388.49	2.379	direct
2:162867613	2	162867613	rs10166311	A	G	A	G	0.35275	0.67865	0.67865	-0.0097186372223971	0.0017822551297262	4.949e-08	689401.85	-5.453	-0.0006017629047772	0.00445750299835	0.8923	115388.49	-0.135	direct
2:172521425	2	172521425	rs62181736	T	C	T	C	0.676	0.9579	0.9579	-0.0102922780670149	0.0018101086997915	1.303e-08	696704.85	-5.686	-0.0178305540701498	0.0105132983904185	0.0898	112170.49	-1.696	direct
2:172787927	2	172787927	rs62182437	T	C	T	C	0.77025	0.95015	0.95015	-0.0253948526128565	0.0020146650228366	1.992e-36	695949.85	-12.605	-0.0250375676079202	0.0097007235985742	0.00986	112170.49	-2.581	direct
2:178151165	2	178151165	rs7573334	T	C	T	C	0.8134	0.9726	0.9726	-0.0138049316129986	0.0021750325528593	2.192e-10	696301.85	-6.347	0.0422947151035256	0.0422947151035256	0.3173	10487.49	1.0	direct
2:178563338	2	178563338	rs1469972	T	C	T	C	0.777	0.8414	0.8414	0.0230908379947848	0.0020378464385124	9.229999999999999e-30	694737.85	11.331	-0.001834875443062	0.0056983709411865	0.7477	115388.49	-0.322	direct
2:178813402	2	178813402	rs12693146	A	G	A	G	0.9299	0.98545	0.98545	0.021381102411228	0.0033179860973352	1.166e-10	696691.85	6.444	-0.0413470397025559	0.0247290907311937	0.09453	57021.0	-1.672	direct
2:179066443	2	179066443	rs334110	A	G	A	G	0.3421	0.18635	0.18635	-0.0138829451831409	0.0017966798476952	1.103e-14	688141.85	-7.727	-0.0122685439312287	0.0053457707761345	0.02171	115388.49	-2.295	direct
2:184346797	2	184346797	rs6707126	A	G	A	G	0.16195	0.49205	0.49205	0.0133672722270805	0.0023062926547757	6.773e-09	692578.85	5.796	0.0183147870513683	0.0042751603761363	1.832e-05	109436.49	4.284	direct
2:199498921	2	199498921	rs1809194	T	C	T	C	0.4807	0.3945	0.3945	0.0095210851192624	0.0017081243486297	2.488e-08	686465.85	5.574	0.0095402939385818	0.0042590597940097	0.02506	115388.49	2.24	direct
2:217614595	2	217614595	rs2712185	T	C	T	C	0.8059	0.8532	0.8532	-0.0116942499128852	0.0021429814756982	4.842e-08	695997.85	-5.457	-0.013039437793252	0.006039572854679	0.03083	109436.49	-2.159	direct
2:228063539	2	228063539	rs76675351	A	G	A	G	0.8293	0.98445	0.98445	0.0126030225719669	0.0022521484224386	2.193e-08	696323.85	5.596	0.0244949881002575	0.02253448767273	0.277	64319.49	1.087	direct
2:232803452	2	232803452	rs7588259	A	C	A	C	0.39675	0.53425	0.53425	0.0097211140332018	0.0017315842595656	1.98e-08	696704.85	5.614	0.010436550545682	0.0041729510378576	0.0124	115388.49	2.501	direct
2:233090338	2	233090338	rs7574893	T	G	T	G	0.8848	0.96365	0.96365	-0.0154126710450437	0.002658273722843	6.727e-09	694147.85	-5.798	0.0117536152303069	0.0152842850849244	0.4417	61101.49	0.769	direct
2:233358661	2	233358661	rs2573226	A	G	A	G	0.04025	0.10295	0.10295	0.0260631650658401	0.0043100984067868	1.478e-09	696704.85	6.047	-0.0153351590491259	0.0071392733003379	0.03168	106218.49	-2.148	direct
2:239223478	2	239223478	rs76939124	T	C	T	C	0.10255	0.03585	0.03585	-0.0178395186643573	0.0028005523805898	1.892e-10	692645.85	-6.37	0.0055985461124126	0.011356077307125	0.6219	112170.49	0.493	direct
20:2112390	20	2112390	rs35354551	T	C	T	C	0.7908	0.8862	0.8862	0.0116362130580759	0.0020860905446532	2.428e-08	694473.85	5.578	0.0044245557193724	0.0065548973620332	0.4998	115388.49	0.675	direct
20:3210301	20	3210301	rs41281860	A	G	A	G	0.1329	0.0087	0.0087	0.0142282539398265	0.0025054153794376	1.355e-08	691187.85	5.679	0.0144177108999858	0.0338443917840043	0.67	50614.0	0.426	direct
20:6751316	20	6751316	rs7270163	A	G	A	G	0.89275	0.83835	0.83835	-0.0174511926906569	0.002752554052154	2.3e-10	689200.85	-6.34	-0.0102485759870826	0.0057350732999902	0.07388	112170.49	-1.787	direct
20:32485961	20	32485961	rs6087538	T	C	T	C	0.7844	0.78445	0.78445	0.0117913155341886	0.0020682889903856	1.19e-08	691099.85	5.701	0.0026678241671991	0.0050622849472469	0.5985	115388.49	0.527	direct
20:34033548	20	34033548	rs6058247	T	C	T	C	0.2286	0.25635	0.25635	-0.014931279199868	0.0020287064130255	1.834e-13	688876.85	-7.36	-0.0058879876772369	0.0047676013580865	0.2167	115388.49	-1.235	direct
20:34285442	20	34285442	rs6060565	T	C	T	C	0.18035	0.18795	0.18795	-0.0175048825238278	0.0022046451541344	2.015e-15	695838.85	-7.94	-0.0147749699421188	0.0053281536033605	0.005562	115388.49	-2.773	direct
20:34543834	20	34543834	rs6058376	A	G	A	G	0.83175	0.81715	0.81715	0.0175853390449052	0.002266444006303	8.59e-15	695495.85	7.759	0.0124557805263167	0.0053851191207595	0.02072	115388.49	2.313	direct
20:58334084	20	58334084	rs946359	T	C	T	C	0.19135	0.28775	0.28775	-0.0119352883226696	0.0021736092374193	3.993e-08	683909.85	-5.491	0.0056372527040151	0.0045980854029487	0.2203	115388.49	1.226	direct
21:16317933	21	16317933	rs2776037	T	C	T	C	0.42585	0.50165	0.50165	0.0142299625806844	0.00171880209937	1.245e-16	692138.85	8.279	0.0030951449224347	0.0042225715176462	0.4637	112170.49	0.733	direct
21:16568328	21	16568328	rs7275438	T	C	T	C	0.3115	0.09715	0.09715	-0.0148481544325293	0.0018294916747818	4.813e-16	696475.85	-8.116	-0.031570127196644	0.0070280781826901	7.066e-06	115388.49	-4.492	direct
21:39972727	21	39972727	rs9636639	A	C	A	C	0.49335	0.40965	0.40965	0.0095053464831002	0.00169556662203	2.07e-08	695756.85	5.606	-0.0063070254610848	0.0042329029940166	0.1362	115388.49	-1.49	direct
21:47035735	21	47035735	rs2094884	A	G	A	G	0.9054	0.90705	0.90705	0.0160683576602075	0.0028988557929293	2.977e-08	694649.85	5.543	0.0125117131739328	0.00985174265664	0.2041	61101.49	1.27	direct
21:47286278	21	47286278	rs3788211	A	G	A	G	0.1245	0.13465	0.13465	-0.0221993564564662	0.0025672899799313	5.286e-18	695901.85	-8.647	-0.0144158958102917	0.0060980946744042	0.01807	115388.49	-2.364	direct
21:47543286	21	47543286	rs10854478	T	C	T	C	0.192	0.10475	0.10475	0.0117549947088641	0.002155297893081	4.912e-08	693783.85	5.454	0.019369525850656	0.0070846839248924	0.006254	106218.49	2.734	direct
22:27486722	22	27486722	rs9608575	A	G	A	G	0.62975	0.5109	0.5109	-0.0104505582204413	0.0017757957893698	3.99e-09	679983.85	-5.885	-0.0142073471341544	0.004223349326443	0.0007691	112170.49	-3.364	direct
22:30236395	22	30236395	rs2097351	A	G	A	G	0.75445	0.88955	0.88955	0.0110818042119933	0.0019739587125032	1.98e-08	692633.85	5.614	0.0228662590065	0.0067352751123711	0.0006854	112170.49	3.395	direct
22:32871227	22	32871227	rs8136485	T	C	T	C	0.20835	0.18055	0.18055	-0.0119391697115749	0.0020869025889835	1.056e-08	696014.85	-5.721	-0.0168144056563048	0.0074367119222931	0.02376	61101.49	-2.261	direct
22:37903578	22	37903578	rs5756708	A	G	A	G	0.4959	0.50195	0.50195	0.0102489025278775	0.0016943135275049	1.455e-09	696704.85	6.049	0.0129923634332224	0.0042224125554833	0.002094	112170.49	3.077	direct
22:40402817	22	40402817	rs1108047	T	G	T	G	0.7275	0.92215	0.92215	0.0111552743975555	0.0019072105312968	4.959e-09	693348.85	5.849	0.0023307449328361	0.0077691497761203	0.7644	115388.49	0.3	direct
22:41407165	22	41407165	rs5751022	A	G	A	G	0.1911	0.18905	0.18905	-0.0192706939831327	0.0021671945550081	5.987e-19	688602.85	-8.892	0.0013264634987426	0.0053921280436694	0.8059	112170.49	0.246	direct
22:41657705	22	41657705	rs139516	A	G	A	G	0.47275	0.1982	0.1982	-0.0108183191381184	0.0016983232555915	1.888e-10	695433.85	-6.37	-0.00774383192565	0.0052217342721848	0.1381	115388.49	-1.483	direct
22:42386487	22	42386487	rs146951100	T	C	T	C	0.9057	0.98115	0.98115	0.0186730395435953	0.0029867305731918	4.043e-10	656229.85	6.252	-0.0207215000639883	0.0164195721584693	0.2071	100275.0	-1.262	direct
22:46362396	22	46362396	rs9330811	A	G	A	G	0.4505	0.34275	0.34275	0.011638875032223	0.0017470541927683	2.693e-11	661706.85	6.662	0.0112702682205071	0.0060268814013406	0.0615	61101.49	1.87	direct
3:4108261	3	4108261	rs666412	T	C	T	C	0.29095	0.21525	0.21525	-0.0105952670104979	0.0018792598457782	1.722e-08	686247.85	-5.638	-0.0144241834180867	0.0050646711439911	0.004398	115388.49	-2.848	direct
3:8138131	3	8138131	rs1682834	A	C	A	C	0.3849	0.49855	0.49855	-0.0103387084073593	0.0017416961602694	2.917e-09	696160.85	-5.936	-0.0024752190848069	0.0042749897837771	0.5627	109436.49	-0.579	direct
3:15997849	3	15997849	rs723247	T	C	T	C	0.499	0.78955	0.78955	-0.013605530662575	0.001713758743239	2.046e-15	680913.85	-7.939	-0.0288079701867998	0.0051059854992555	1.676e-08	115388.49	-5.642	direct
3:24187500	3	24187500	rs826386	T	C	T	C	0.64205	0.40605	0.40605	0.0113223044429819	0.0017819176019801	2.099e-10	685137.85	6.354	-0.0051373471286862	0.0042387352546915	0.2254	115388.49	-1.212	direct
3:29431595	3	29431595	rs4401328	A	C	A	C	0.34735	0.64885	0.64885	0.0099031166276378	0.0018008940948604	3.829e-08	680027.85	5.499	-0.0036108904515734	0.0043609788062481	0.4074	115388.49	-0.828	direct
3:33164092	3	33164092	rs34429545	T	G	T	G	0.77275	0.7371	0.7371	-0.0115534186462697	0.0020340525785686	1.346e-08	688148.85	-5.68	0.0028488721321136	0.0047960810304943	0.5524	112170.49	0.594	direct
3:41048799	3	41048799	rs11719036	T	C	T	C	0.49935	0.5427	0.5427	0.0103052577400122	0.0017053214860189	1.516e-09	687693.85	6.043	0.0068610616962214	0.0041784784995258	0.1006	115388.49	1.642	direct
3:41308752	3	41308752	rs11712479	A	G	A	G	0.62985	0.75925	0.75925	0.0113811420731951	0.0017691811088442	1.254e-10	685147.85	6.433	-0.0090316198076368	0.0048687977399659	0.06365	115388.49	-1.855	direct
3:44883971	3	44883971	rs10514710	A	G	A	G	0.20445	0.0521	0.0521	-0.0115098095490769	0.0021068661081963	4.68e-08	692504.85	-5.463	-0.0095289391996846	0.0095004378860265	0.3159	112170.49	-1.003	direct
3:49391240	3	49391240	rs11711536	T	C	T	C	0.36625	0.06955	0.06955	-0.0098831579906458	0.0018067930513063	4.492e-08	659838.85	-5.47	0.0154118876521177	0.0082993471470747	0.06335	112170.49	1.857	direct
3:53744982	3	53744982	rs2612013	A	G	A	G	0.70755	0.57305	0.57305	-0.0114939544037677	0.0018765639842886	9.051e-10	686136.85	-6.125	-0.0099147970819542	0.0042083179465001	0.01848	115388.49	-2.356	direct
3:66858050	3	66858050	rs6781336	A	G	A	G	0.67615	0.43195	0.43195	-0.0102664945824944	0.0018164357010782	1.587e-08	692026.85	-5.652	-0.0047318366136608	0.0042023415751872	0.26	115388.49	-1.126	direct
3:68812466	3	68812466	rs35508315	T	C	T	C	0.4535	0.3899	0.3899	-0.0030652183485427	0.0017105013105707	0.07313	689530.85	-1.792	0.0254420274453971	0.0042673645497143	2.486e-09	115388.49	5.962	direct
3:73050914	3	73050914	rs9843247	T	C	T	C	0.50455	0.5365	0.5365	0.0093168393601289	0.0016948952810858	3.853e-08	696243.85	5.497	0.0073677159166301	0.0041743432955411	0.0775	115388.49	1.765	direct
3:85406367	3	85406367	rs12498010	T	C	T	C	0.23595	0.15585	0.15585	0.0111221181784793	0.0019953566879223	2.491e-08	696574.85	5.574	0.0017384513920739	0.0058930555663522	0.7682	109436.49	0.295	direct
3:98440021	3	98440021	rs278363	T	C	T	C	0.556	0.5325	0.5325	-0.009336536469159	0.0017049920506134	4.357e-08	696704.85	-5.476	0.0025157632651689	0.0041720783833647	0.5466	115388.49	0.603	direct
3:98691340	3	98691340	rs66517942	A	C	A	C	0.83235	0.93435	0.93435	-0.0179758434490512	0.0022691041970526	2.331e-15	695844.85	-7.922	-0.0135754919758761	0.0086303191200737	0.1157	109436.49	-1.573	direct
3:98972926	3	98972926	rs1520670	A	G	A	G	0.4246	0.2787	0.2787	0.0106162896002067	0.0017242633750538	7.401e-10	688317.85	6.157	-0.0001067837434762	0.0046427714554912	0.982	115388.49	-0.023	direct
3:99434166	3	99434166	rs1857290	A	G	A	G	0.36515	0.2379	0.2379	-0.0097771121365664	0.0017619592965518	2.87e-08	694730.85	-5.549	-0.0042190041195002	0.0048887649125147	0.388	115388.49	-0.863	direct
3:99686665	3	99686665	rs10936008	A	G	A	G	0.3373	0.18795	0.18795	-0.0098851628395262	0.0017920889846856	3.467e-08	696463.85	-5.516	-0.0153290588889578	0.005328140037872	0.004019	115388.49	-2.877	direct
3:100064005	3	100064005	rs395399	T	G	T	G	0.63285	0.2863	0.2863	-0.0100910364616054	0.0017589395958873	9.652e-09	695509.85	-5.737	-0.0014800607623993	0.0047286286338638	0.754	109436.49	-0.313	direct
3:100475568	3	100475568	rs1143774	T	C	T	C	0.32045	0.02685	0.02685	-0.010026174870893	0.0018153494243876	3.334e-08	696704.85	-5.523	-0.0037378489058587	0.0176313627634846	0.832	61556.49	-0.212	direct
3:118737675	3	118737675	rs35871	T	C	T	C	0.5092	0.55355	0.55355	0.0101527594717601	0.0016980698230072	2.248e-09	693814.85	5.979	-0.0024747181269959	0.004187340316406	0.5544	115388.49	-0.591	direct
3:127183627	3	127183627	rs7620707	A	G	A	G	0.49365	0.38575	0.38575	0.0093073320731508	0.0017009013291576	4.442e-08	691389.85	5.472	0.0002309255366214	0.0042763988263237	0.9566	115388.49	0.054	direct
3:130514936	3	130514936	rs10934960	A	G	A	G	0.5122	0.5304	0.5304	0.0104581849473161	0.0017041200826651	8.388e-10	689071.85	6.137	0.0070860026693467	0.0043472409014397	0.1032	106218.49	1.63	direct
3:132445167	3	132445167	rs80155922	A	G	A	G	0.1888	0.0945	0.0945	0.0128892422757876	0.0021853581342468	3.684e-09	683553.85	5.898	0.0037169975742883	0.0072174710180357	0.6068	112170.49	0.515	direct
3:141037030	3	141037030	rs13324219	A	G	A	G	0.662	0.9756	0.9756	-0.0176211200247338	0.0018069237104936	1.8009999999999997e-22	684313.85	-9.752	-0.0166533878126243	0.0136839669783273	0.2235	112170.49	-1.217	direct
3:141292618	3	141292618	rs1493209	A	G	A	G	0.3826	0.2883	0.2883	0.0134460955111724	0.0017512497409706	1.61e-14	690120.85	7.678	0.0096200279907077	0.0046608662745677	0.03903	112170.49	2.064	direct
3:147683426	3	147683426	rs6788384	A	G	A	G	0.14705	0.0452	0.0452	0.013098551717824	0.0023941787091617	4.47e-08	695423.85	5.471	0.0071038944649015	0.0101629391486431	0.4843	112170.49	0.699	direct
3:171765125	3	171765125	rs7636836	T	C	T	C	0.075	0.2785	0.2785	0.0227298044651795	0.003227748432999	1.892e-12	691729.85	7.042	0.0123381844669528	0.004643652415112	0.007873	115388.49	2.657	direct
3:177284035	3	177284035	rs564702	A	G	A	G	0.4443	0.3763	0.3763	0.0101669344296557	0.0017064341103819	2.561e-09	695427.85	5.958	0.0079705118973951	0.0042967719123424	0.06357	115388.49	1.855	direct
3:178665861	3	178665861	rs6789706	A	C	A	C	0.77645	0.9655	0.9655	0.0127468396370776	0.002033313070199	3.641e-10	696704.85	6.269	0.0211266864751838	0.0114756580527886	0.06568	113980.49	1.841	direct
3:178921023	3	178921023	rs2677763	T	C	T	C	0.23005	0.0668	0.0668	-0.0118378805475344	0.0020135874379204	4.125e-09	696181.85	-5.879	-0.0029097344675335	0.0083373480445087	0.7268	115388.49	-0.349	direct
4:6467985	4	6467985	rs77946058	A	G	A	G	0.97845	0.692	0.692	-0.0183176250640205	0.00583735661696	0.001702	695897.85	-3.138	-0.025633596934892	0.0045725288859957	2.073e-08	112170.49	-5.606	direct
4:44901237	4	44901237	rs73187018	T	C	T	C	0.77515	0.65995	0.65995	-0.0118144272002458	0.0020394315898922	6.932e-09	689686.85	-5.793	-0.0197792323087267	0.0045116862018081	1.165e-05	109436.49	-4.384	direct
4:55121921	4	55121921	rs4422471	T	C	T	C	0.1472	0.1811	0.1811	-0.0131565720206969	0.0023938449819317	3.878e-08	695030.85	-5.496	0.0024108133113883	0.0054054110120814	0.6554	115388.49	0.446	direct
4:72462642	4	72462642	rs74549396	A	C	A	C	0.0495	0.2293	0.2293	-0.0221037757573391	0.0039107883505554	1.589e-08	694806.85	-5.652	-0.0029264821118637	0.0049517463821721	0.5546	115388.49	-0.591	direct
4:80398561	4	80398561	rs13102787	T	C	T	C	0.75155	0.59605	0.59605	0.0178688473330818	0.00198763596586	2.465e-19	677715.85	8.99	0.0084292520840147	0.0042422003442449	0.04691	115388.49	1.987	direct
4:80649297	4	80649297	rs35844219	A	G	A	G	0.38795	0.4503	0.4503	0.0112062169362259	0.0017406363678511	1.211e-10	694968.85	6.438	0.0051295297946532	0.0041839557868297	0.2201	115388.49	1.226	direct
4:80908268	4	80908268	rs7686031	T	C	T	C	0.26095	0.03475	0.03475	0.020997927011058	0.001928892799105	1.338e-27	696704.85	10.886	-0.00190297683448	0.0117467705832101	0.8713	108028.49	-0.162	direct
4:81221136	4	81221136	rs1118550	T	C	T	C	0.7486	0.6348	0.6348	0.0116012045306157	0.0019543808171522	2.925e-09	695527.85	5.936	0.0069605075952606	0.004323296643019	0.1073	115388.49	1.61	direct
4:81535316	4	81535316	rs13152520	T	C	T	C	0.1324	0.3895	0.3895	-0.0144330242914799	0.0025005239590228	7.819e-09	696112.85	-5.772	-0.0154308873986223	0.0042685718945013	0.0002998	115388.49	-3.615	direct
4:81788101	4	81788101	rs10516649	A	G	A	G	0.10315	0.10655	0.10655	-0.0160984257037792	0.0027890550422348	7.848e-09	694777.85	-5.772	0.0092564076476733	0.0067466528044266	0.17	115388.49	1.372	direct
4:82149016	4	82149016	rs17005096	T	C	T	C	0.89985	0.72795	0.72795	0.015885782551761	0.0028291687536529	1.965e-08	693124.85	5.615	0.0049767280690416	0.0047442593603828	0.2942	112170.49	1.049	direct
4:82422433	4	82422433	rs10018581	T	C	T	C	0.8239	0.8435	0.8435	-0.0168791981731396	0.0022321076663765	3.959e-14	691623.85	-7.562	-0.0221481658905243	0.0057289616892199	0.0001107	115388.49	-3.866	direct
4:87985166	4	87985166	rs3775228	T	C	T	C	0.39475	0.35985	0.35985	0.0101966743835411	0.0017403438101282	4.656e-09	690909.85	5.859	0.0074944583027339	0.0043370707770451	0.08399	115388.49	1.728	direct
4:89704367	4	89704367	rs13118477	A	G	A	G	0.42375	0.6149	0.6149	-0.0135393311764108	0.0017201538783395	3.528e-15	691951.85	-7.871	-0.0078273781840975	0.0043924681167775	0.0747	109436.49	-1.782	direct
4:89954777	4	89954777	rs17768752	T	C	T	C	0.8275	0.87405	0.87405	0.0136184581940575	0.0022428290833428	1.261e-09	696301.85	6.072	0.008099526644399	0.0062738393837327	0.1966	115388.49	1.291	direct
4:112133105	4	112133105	rs7694073	T	C	T	C	0.4148	0.26515	0.26515	0.0094209642754844	0.0017219821377233	4.475e-08	694625.85	5.471	0.0036641941311985	0.0047158225626751	0.437	115388.49	0.777	direct
4:120224565	4	120224565	rs4834767	T	C	T	C	0.49465	0.3971	0.3971	-0.0109815926234023	0.0016965228832693	9.631e-11	694918.85	-6.473	0.0023327705840228	0.0043684842397431	0.5934	109436.49	0.534	direct
4:120524283	4	120524283	rs28394116	T	G	T	G	0.7199	0.6569	0.6569	-0.0109661885538183	0.0018877928307485	6.272e-09	695752.85	-5.809	-0.0004560128555227	0.0043847389954114	0.9168	115388.49	-0.104	direct
4:120791979	4	120791979	rs1032818	T	C	T	C	0.5817	0.50285	0.50285	-0.0100771332805079	0.0017270151294786	5.38e-09	688920.85	-5.835	-0.0027394658242342	0.0041633219213287	0.5107	115388.49	-0.658	direct
4:138188783	4	138188783	rs1425992	A	G	A	G	0.3232	0.1434	0.1434	-0.0101672100661067	0.0018246967096386	2.517e-08	686494.85	-5.572	0.0003903195277763	0.0060987426215057	0.9493	109436.49	0.064	direct
4:151183334	4	151183334	rs6852279	A	G	A	G	0.27545	0.276	0.276	-0.0107009342669159	0.00189665619761	1.686e-08	696404.85	-5.642	-0.0097090740069837	0.0046566302191768	0.03705	115388.49	-2.085	direct
5:3931045	5	3931045	rs2932330	A	G	A	G	0.3456	0.2525	0.2525	-0.0112813360009102	0.0018047250041449	4.081e-10	678743.85	-6.251	-0.0027653507948647	0.0069307037465281	0.69	55149.49	-0.399	direct
5:17488035	5	17488035	rs2459840	T	C	T	C	0.715	0.3607	0.3607	-0.0112819358807363	0.001881577031477	2.017e-09	693030.85	-5.996	-0.0088509969974557	0.0045483026708405	0.0517	104810.49	-1.946	direct
5:52670974	5	52670974	rs12514897	T	G	T	G	0.8934	0.99205	0.99205	0.0163055126237597	0.0027450357952457	2.856e-09	696704.85	5.94	-0.033057102128473	0.0339047201317672	0.3296	55149.49	-0.975	direct
5:60513501	5	60513501	rs34635	A	G	A	G	0.57825	0.85775	0.85775	-0.0096381967553057	0.0017162031259447	1.956e-08	696052.85	-5.616	0.0041417239733277	0.0059593150695363	0.4869	115388.49	0.695	direct
5:64240458	5	64240458	rs10056155	A	G	A	G	0.41675	0.2754	0.2754	0.0114586312996594	0.0017192245010741	2.645e-11	695899.85	6.665	0.0069990373560305	0.0046598118215915	0.1331	115388.49	1.502	direct
5:71730463	5	71730463	rs72761169	T	G	T	G	0.26375	0.0202	0.0202	-0.0109081519865676	0.0019241756899925	1.438e-08	695412.85	-5.669	-0.0175883963588658	0.0150071641287251	0.241	112170.49	-1.172	direct
5:78139633	5	78139633	rs12522878	A	G	A	G	0.33625	0.2111	0.2111	0.0100809997788655	0.0017937722026451	1.904e-08	696223.85	5.62	0.0017292116164519	0.005100919222572	0.7343	115388.49	0.339	direct
5:79307480	5	79307480	rs71635001	A	G	A	G	0.0982	0.0279	0.0279	-0.01691062582467	0.0028512267450126	3.019e-09	694484.85	-5.931	-0.0101877904426767	0.0126399385144873	0.4203	115388.49	-0.806	direct
5:87522417	5	87522417	rs17468356	T	C	T	C	0.9025	0.9353	0.9353	-0.0176110212799119	0.0028659107046235	7.998e-10	691781.85	-6.145	-0.0050687666340888	0.0084620478031533	0.5493	115388.49	-0.599	direct
5:87783687	5	87783687	rs2067918	A	G	A	G	0.09795	0.0407	0.0407	0.0176802622312697	0.0028530356997369	5.741e-10	695178.85	6.197	0.0097025829466651	0.0105348349040882	0.3569	115388.49	0.921	direct
5:88035887	5	88035887	rs676096	T	C	T	C	0.57875	0.5188	0.5188	0.009679863034759	0.0017175058613838	1.74e-08	695220.85	5.636	0.0076073861693552	0.0041661479569305	0.06779	115388.49	1.826	direct
5:92428532	5	92428532	rs11958890	A	G	A	G	0.3107	0.3878	0.3878	0.0100479075293853	0.0018345640915437	4.32e-08	693642.85	5.477	-0.005575200608592	0.0042721843744	0.1919	115388.49	-1.305	direct
5:101877132	5	101877132	rs10463984	A	G	A	G	0.36185	0.35815	0.35815	0.0096732146884875	0.0017677658421943	4.452e-08	692867.85	5.472	0.0036860467612253	0.0043416334054479	0.3959	115388.49	0.849	direct
5:102127168	5	102127168	rs32674	T	C	T	C	0.64285	0.75855	0.75855	-0.0112738233944141	0.0017883603100276	2.898e-10	680885.85	-6.304	-0.0018879467016405	0.0049945679937579	0.7057	109436.49	-0.378	direct
5:102377889	5	102377889	rs6883113	T	C	T	C	0.3197	0.4363	0.4363	0.0110308358592247	0.0018178701152315	1.295e-09	695629.85	6.068	-0.0018804628997359	0.0041974618297677	0.6541	115388.49	-0.448	direct
5:102631962	5	102631962	rs253754	T	C	T	C	0.72905	0.68765	0.68765	-0.012367157778306	0.0019088065717403	9.204e-11	694661.85	-6.479	-0.0001594443949538	0.0045555541415388	0.972	112170.49	-0.035	direct
5:130526219	5	130526219	rs60280131	T	C	T	C	0.12555	0.1091	0.1091	-0.014210593205732	0.0025860952148738	3.913e-08	680941.85	-5.495	-0.0042799052902178	0.006676919329513	0.5214	115388.49	-0.641	direct
5:140239786	5	140239786	rs251366	A	C	A	C	0.6631	0.49775	0.49775	0.0111494969908672	0.0018117479673167	7.571e-10	681820.85	6.154	0.007896141524516	0.0042225355746074	0.06146	112170.49	1.87	direct
5:140560641	5	140560641	rs7730978	A	G	A	G	0.75945	0.4994	0.4994	0.0108454214523366	0.0019823471855852	4.479e-08	696445.85	5.471	0.0019650592282666	0.0041632610768361	0.6372	115388.49	0.472	direct
5:140815310	5	140815310	rs3805699	T	G	T	G	0.07185	0.14065	0.14065	-0.0180003064260944	0.003280536983068	4.084e-08	696652.85	-5.487	-0.0042484069981801	0.0061482011551088	0.4894	109436.49	-0.691	direct
5:143518023	5	143518023	rs6580312	A	G	A	G	0.2547	0.1568	0.1568	-0.0108619102262049	0.0019504238150843	2.565e-08	692360.85	-5.569	-0.0034692641001958	0.0057248582511482	0.5447	115388.49	-0.606	direct
5:144527685	5	144527685	rs13168909	T	C	T	C	0.4317	0.2992	0.2992	-0.0094213735360982	0.001711110340737	3.679e-08	696041.85	-5.506	-0.0043777449717091	0.0045459449342774	0.3354	115388.49	-0.963	direct
5:158457906	5	158457906	rs6884603	A	C	A	C	0.4693	0.2404	0.2404	0.0096718346579274	0.0017012901772959	1.31e-08	693574.85	5.685	0.0110673249218353	0.0048711817437655	0.02307	115388.49	2.272	direct
5:165945301	5	165945301	rs10060380	A	G	A	G	0.1387	0.06505	0.06505	-0.0142992378772065	0.0024666617003978	6.754e-09	687857.85	-5.797	-0.0193218874549791	0.0085608717124408	0.024	112170.49	-2.257	direct
5:174709899	5	174709899	rs1471107	A	G	A	G	0.4871	0.1636	0.1636	-0.0112382967295848	0.0016948117523125	3.34e-11	696704.85	-6.631	-0.0032863763808452	0.0056273568165158	0.5593	115388.49	-0.584	direct
5:176864202	5	176864202	rs2545797	T	C	T	C	0.482	0.7907	0.7907	-0.0094233090082312	0.0016966706892746	2.799e-08	695630.85	-5.554	-0.0060789288213386	0.0051169434523052	0.2349	115388.49	-1.188	direct
5:178289591	5	178289591	rs111295415	A	C	A	C	0.8787	0.9859	0.9859	0.0168855589487677	0.0026005789232662	8.39e-11	693588.85	6.493	0.0030123266975165	0.0266577583851022	0.91	50614.0	0.113	direct
6:2387890	6	2387890	rs4959180	T	C	T	C	0.8646	0.8249	0.8249	-0.0136811579533478	0.0024829687755622	3.589e-08	692746.85	-5.51	-0.0199852156779725	0.0054769020767258	0.0002634	115388.49	-3.649	direct
6:3440026	6	3440026	rs6924205	T	C	T	C	0.5403	0.5391	0.5391	-0.0095044904045471	0.0017131381406898	2.886e-08	685892.85	-5.548	-0.0007332666901716	0.0042881092992494	0.8642	109436.49	-0.171	direct
6:6901659	6	6901659	rs2326837	A	G	A	G	0.6325	0.8435	0.8435	0.0149962430549882	0.0017570290632675	1.403e-17	696704.85	8.535	0.0186348126141811	0.0058106681054509	0.001343	112170.49	3.207	direct
6:7189858	6	7189858	rs59431963	A	G	A	G	0.4246	0.2757	0.2757	-0.010415482995221	0.0017347573276517	1.921e-09	680016.85	-6.004	-0.0069593169250362	0.0047245871860395	0.1407	112170.49	-1.473	direct
6:9087058	6	9087058	rs9405433	T	C	T	C	0.6565	0.5893	0.5893	-0.0118609036051361	0.0018064123675199	5.184e-11	679433.85	-6.566	-0.0133491562746878	0.0042311113390452	0.001603	115388.49	-3.155	direct
6:9972067	6	9972067	rs201270	T	C	T	C	0.6712	0.69455	0.69455	-0.0102847773603117	0.0018119762791246	1.38e-08	690018.85	-5.676	0.0045644134401936	0.0047104369867839	0.3325	106218.49	0.969	direct
6:21144599	6	21144599	rs10498701	A	G	A	G	0.2585	0.0164	0.0164	0.0129561740507002	0.0019583092579655	3.691e-11	680154.85	6.616	0.006965113417202	0.0166231823799573	0.675	112170.49	0.419	direct
6:22054517	6	22054517	rs6932932	T	C	T	C	0.4024	0.14	0.14	0.0179564291125381	0.0027527869251169	6.869e-11	274339.85	6.523	0.010119060402229	0.0082135230537572	0.2179	61556.49	1.232	direct
6:22561507	6	22561507	rs7758027	A	G	A	G	0.17395	0.19865	0.19865	-0.0129821914571757	0.0022398535985465	6.804e-09	693551.85	-5.796	-0.0012365070364389	0.0052173292676748	0.8127	115388.49	-0.237	direct
6:25700342	6	25700342	rs35436081	A	G	A	G	0.08895	0.0204	0.0204	-0.0185150655258443	0.0030278112061887	9.679e-10	672976.85	-6.115	-0.0180774044630572	0.0209471662376097	0.3883	57021.0	-0.863	direct
6:25955741	6	25955741	rs13191776	T	C	T	C	0.08785	0.0186	0.0186	-0.0202651187705909	0.0030368827769505	2.498e-11	676514.85	-6.673	0.018110522457968	0.0231592358797544	0.4343	51069.0	0.782	direct
6:26325228	6	26325228	rs1053860	T	C	T	C	0.50135	0.796	0.796	-0.0109070861885224	0.0017198180681996	2.272e-10	676148.85	-6.342	0.0096325574416472	0.0053042717189687	0.06931	109436.49	1.816	direct
6:26579560	6	26579560	rs9379891	T	C	T	C	0.1221	0.12455	0.12455	-0.0175429551331117	0.0026257978046866	2.381e-11	676484.85	-6.681	0.0091155016872428	0.0063039430755483	0.1483	115388.49	1.446	direct
6:26839945	6	26839945	rs3999364	T	C	T	C	0.67135	0.70015	0.70015	0.0107985056666559	0.001830875833614	3.674e-09	676000.85	5.898	0.0025224825952671	0.0060636600847769	0.6773	64774.49	0.416	direct
6:27091425	6	27091425	rs6913660	A	C	A	C	0.145	0.0215	0.0215	-0.0172198215019048	0.0024421814638923	1.782e-12	676157.85	-7.051	0.022191823364382	0.0204156608687966	0.2771	57021.0	1.087	direct
6:27352750	6	27352750	rs71559024	A	G	A	G	0.0808	0.0124	0.0124	-0.0233501953125248	0.0032403823636587	5.762e-13	641092.85	-7.206	0.0560574731923704	0.0267577437672413	0.03619	57021.0	2.095	direct
6:27626631	6	27626631	rs9468186	A	G	A	G	0.7119	0.6529	0.6529	0.0109142059391509	0.0019507070489992	2.208e-08	640622.85	5.595	-0.0052584098095185	0.0058361929073457	0.3679	64774.49	-0.901	direct
6:27965503	6	27965503	rs149901	T	C	T	C	0.21505	0.23085	0.23085	-0.0161067918128792	0.0020923346080643	1.383e-14	676531.85	-7.698	-0.0159679264642112	0.0050724035782119	0.001644	109436.49	-3.148	direct
6:28218199	6	28218199	rs13200462	A	C	A	C	0.87635	0.86175	0.86175	0.0212655136951184	0.002611508497497	3.871e-16	676507.85	8.143	0.0213300591196105	0.0060305510657649	0.0004045	115388.49	3.537	direct
6:28502794	6	28502794	rs13215054	A	C	A	C	0.2241	0.14215	0.14215	-0.0165481579389526	0.0020615619707179	1.001e-15	676531.85	-8.027	-0.0159203181943692	0.006120845134321	0.009301	109436.49	-2.601	direct
6:28754817	6	28754817	rs9257182	A	C	A	C	0.16175	0.0862	0.0862	-0.0150583821578115	0.0023346328926839	1.116e-10	676531.85	-6.45	0.0074910725198485	0.0074169034849985	0.3126	115388.49	1.01	direct
6:29117852	6	29117852	rs3129122	A	G	A	G	0.19735	0.1018	0.1018	-0.0118281688739926	0.0021600016205245	4.361e-08	676517.85	-5.476	-0.006113006035622	0.0068840158058806	0.3744	115388.49	-0.888	direct
6:29412968	6	29412968	rs2021078	A	G	A	G	0.23695	0.19685	0.19685	-0.0124635474018263	0.0020219901690179	7.093e-10	676359.85	-6.164	0.0032144403970929	0.0052352449464054	0.5393	115388.49	0.614	direct
6:31762844	6	31762844	rs2753960	T	G	T	G	0.3966	0.4041	0.4041	0.0100218339408773	0.0017600691852612	1.24e-08	674421.85	5.694	0.000436927966883	0.0042420190959523	0.9182	115388.49	0.103	direct
6:32213788	6	32213788	rs440169	A	G	A	G	0.372	0.4454	0.4454	0.0097776603236172	0.0017835936380184	4.212e-08	672753.85	5.482	0.0084937259800393	0.004300620749387	0.04826	109436.49	1.975	direct
6:33203908	6	33203908	rs1704997	A	G	A	G	0.88515	0.92195	0.92195	-0.0155220419886828	0.0027027758991263	9.318e-09	673256.85	-5.743	-0.0160707315534813	0.0077598896926515	0.0384	115388.49	-2.071	direct
6:40269544	6	40269544	rs10456480	T	C	T	C	0.14115	0.03715	0.03715	0.0141235098191424	0.0024760711464134	1.169e-08	672704.85	5.704	0.0223645911979476	0.0110061964556829	0.04218	115388.49	2.032	direct
6:43825459	6	43825459	rs9394969	T	G	T	G	0.48785	0.54955	0.54955	-0.0094959375843568	0.0017230879303859	3.561e-08	673987.85	-5.511	-0.0054824928521378	0.0042434155202305	0.1963	112170.49	-1.292	direct
6:50479739	6	50479739	rs2225204	A	G	A	G	0.1983	0.2322	0.2322	0.0127142901455278	0.0021318393939516	2.467e-09	691996.85	5.964	0.0089202950815701	0.0050001654044675	0.0744	112170.49	1.784	direct
6:50733176	6	50733176	rs9349557	A	G	A	G	0.41775	0.44035	0.44035	0.013937348123416	0.0017247058685083	6.445e-16	690991.85	8.081	0.0222492915161942	0.0043052034667558	2.37e-07	109436.49	5.168	direct
6:51173541	6	51173541	rs2256041	A	G	A	G	0.1256	0.20435	0.20435	-0.0162114210901949	0.0025594286533304	2.383e-10	694958.85	-6.334	-0.0034933340966081	0.005300962210331	0.5096	109436.49	-0.659	direct
6:51433599	6	51433599	rs2491422	T	C	T	C	0.10935	0.116	0.116	-0.0156840849261176	0.0027182122922214	7.936e-09	694794.85	-5.77	-0.010114715375979	0.0065004597531998	0.1197	115388.49	-1.556	direct
6:72077836	6	72077836	rs146936604	A	G	A	G	0.03245	0.01335	0.01335	0.0289958514909763	0.0047808493802104	1.318e-09	696704.85	6.065	-0.0145607528115605	0.0262355906514603	0.5787	55149.49	-0.555	direct
6:72334309	6	72334309	rs2208445	T	C	T	C	0.03625	0.0715	0.0715	0.0288800339479966	0.0045337572916792	1.894e-10	696234.85	6.37	0.0279197188141372	0.0080786223420536	0.0005478	115388.49	3.456	direct
6:73492028	6	73492028	rs4421163	A	G	A	G	0.3457	0.35635	0.35635	-0.0099693760639773	0.0017811999399638	2.175e-08	696704.85	-5.597	-0.0194709930192324	0.0044627533851094	1.285e-05	109436.49	-4.363	direct
6:76549096	6	76549096	rs12211167	A	G	A	G	0.0953	0.0517	0.0517	-0.0159135158911339	0.0028854969884195	3.478e-08	696485.85	-5.515	-0.0050578662564982	0.0094012383949781	0.5908	115388.49	-0.538	direct
6:84223760	6	84223760	rs9449648	A	G	A	G	0.15925	0.2525	0.2525	0.0145720122337473	0.0023237142774274	3.596e-10	691565.85	6.271	0.002764665888133	0.0047914486796066	0.5639	115388.49	0.577	direct
6:98452680	6	98452680	rs9401452	T	C	T	C	0.6301	0.62055	0.62055	0.0096937685975211	0.0017554814555453	3.36e-08	696088.85	5.522	0.0058855717371747	0.0042897753186404	0.1701	115388.49	1.372	direct
6:100080929	6	100080929	rs500526	T	G	T	G	0.362	0.0361	0.0361	0.0106405069105026	0.0017643022567571	1.63e-09	695459.85	6.031	0.0068740733835635	0.0111592100382524	0.538	115388.49	0.616	direct
6:111565847	6	111565847	rs411604	A	G	A	G	0.32195	0.1191	0.1191	0.0104066318485697	0.0018152157419448	9.88e-09	695092.85	5.733	0.0044519093081232	0.0065181688259491	0.4949	112170.49	0.683	direct
6:115075231	6	115075231	rs6927770	A	C	A	C	0.06765	0.0532	0.0532	-0.0263194242877265	0.0033755834664263	6.342e-15	695644.85	-7.797	-0.0114382380069391	0.0095239283987835	0.2296	109436.49	-1.201	direct
6:115350640	6	115350640	rs144529199	T	G	T	G	0.96765	0.96595	0.96595	0.030223853890714	0.0047913528679001	2.819e-10	695722.85	6.308	0.0041560214609102	0.0116415166972276	0.7214	112170.49	0.357	direct
6:115600950	6	115600950	rs6936254	A	G	A	G	0.665	0.55065	0.55065	0.0110334577982916	0.0017952258051239	7.947e-10	696372.85	6.146	0.0100599807603	0.0041846841764975	0.01623	115388.49	2.404	direct
6:115867155	6	115867155	rs6568904	T	G	T	G	0.6617	0.55265	0.55265	0.0106511894193602	0.0017934314563664	2.874e-09	694408.85	5.939	0.009105531646274	0.0041864513316202	0.02963	115388.49	2.175	direct
6:116182125	6	116182125	rs12663379	T	C	T	C	0.82055	0.8296	0.8296	-0.0027908976203937	0.0022149981114236	0.2078	692107.85	-1.26	0.030291748159376	0.0055357726899444	4.438e-08	115388.49	5.472	direct
6:116435795	6	116435795	rs9488836	T	C	T	C	0.34315	0.2335	0.2335	-0.0173900703310741	0.0017861617020413	2.116e-22	695214.85	-9.736	-0.0395099575482546	0.0049190684198524	9.563e-16	115388.49	-8.032	direct
6:116687175	6	116687175	rs77614264	T	C	T	C	0.7538	0.7088	0.7088	-0.0016321756705785	0.0019736102425375	0.4085	691675.85	-0.827	0.0271207678350641	0.00458121078295	3.223e-09	115388.49	5.92	direct
6:123294041	6	123294041	rs11154128	A	G	A	G	0.6774	0.9115	0.9115	0.0100868969340206	0.0018181140832769	2.897e-08	692147.85	5.548	0.0093226171981923	0.0073291015709059	0.2033	115388.49	1.272	direct
6:129721483	6	129721483	rs2326816	T	C	T	C	0.4999	0.4507	0.4507	-0.0126167980276621	0.0017123775824731	1.732e-13	682018.85	-7.368	0.0013722360352465	0.0041836464489225	0.743	115388.49	0.328	direct
6:130021265	6	130021265	rs17057659	A	G	A	G	0.06675	0.20905	0.20905	0.0196881008123425	0.0033974289581264	6.836e-09	695342.85	5.795	0.0005426377459995	0.0051192240188633	0.9153	115388.49	0.106	direct
6:130328639	6	130328639	rs6904762	A	G	A	G	0.7104	0.8588	0.8588	-0.0109530279440245	0.0018684796902123	4.569e-09	696097.85	-5.862	-0.003760021184131	0.0059777761273943	0.5293	115388.49	-0.629	direct
6:151281668	6	151281668	rs7739248	T	C	T	C	0.8095	0.98185	0.98185	0.0118927746167614	0.0021572237650573	3.523e-08	696704.85	5.513	0.021989769321717	0.0213492906036087	0.303	61556.49	1.03	direct
6:164211973	6	164211973	rs1111705	T	C	T	C	0.43295	0.35655	0.35655	-0.0095791585799017	0.0017123987450664	2.218e-08	694514.85	-5.594	-0.0135153819074946	0.0043457819638246	0.001869	115388.49	-3.11	direct
7:1670353	7	1670353	rs77791627	T	C	T	C	0.3102	0.5098	0.5098	0.0101008390320293	0.0018361823363078	3.777e-08	693033.85	5.501	-0.0011825431703178	0.0042233684654207	0.7795	112170.49	-0.28	direct
7:1926090	7	1926090	rs6967442	A	G	A	G	0.5868	0.4845	0.4845	-0.0100712913116783	0.0017233558028197	5.11e-09	694301.85	-5.844	-0.0115018557346169	0.0055591376194378	0.03855	64774.49	-2.069	direct
7:2180753	7	2180753	rs3778998	A	C	A	C	0.344	0.4949	0.4949	0.0125912773079169	0.0017859967812648	1.784e-12	694568.85	7.05	0.0040677018537119	0.0041634614674635	0.3284	115388.49	0.977	direct
7:7198043	7	7198043	rs12536320	T	C	T	C	0.57255	0.9181	0.9181	-0.0100816827066701	0.0017169078178934	4.298e-09	693035.85	-5.872	-0.0178489125962171	0.0104318600796126	0.08701	61101.49	-1.711	direct
7:17089943	7	17089943	rs581037	T	C	T	C	0.23755	0.0707	0.0707	-0.0116590829385128	0.0019960765174649	5.178e-09	692831.85	-5.841	-0.0272953873923105	0.0082363872638233	0.0009185	112170.49	-3.314	direct
7:19467748	7	19467748	rs11983438	A	G	A	G	0.7945	0.7062	0.7062	-0.0115919451497467	0.0021057121071292	3.688e-08	690632.85	-5.505	-0.0086234133552843	0.0045699063885979	0.05921	115388.49	-1.887	direct
7:21400762	7	21400762	rs7803655	A	G	A	G	0.4469	0.6484	0.6484	0.0099401243812139	0.0017073384371717	5.83e-09	693897.85	5.822	0.0038060161807516	0.0043596978015482	0.3826	115388.49	0.873	direct
7:36198404	7	36198404	rs2726054	T	C	T	C	0.1856	0.02375	0.02375	0.0124457931457633	0.0021915466007683	1.355e-08	688703.85	5.679	0.023103232918427	0.0136705520227379	0.09099	115388.49	1.69	direct
7:42116855	7	42116855	rs1405750	A	G	A	G	0.47375	0.53275	0.53275	-0.009975246997333	0.0017075054771196	5.154e-09	687832.85	-5.842	-0.01526110196816	0.0041719797616621	0.000254	115388.49	-3.658	direct
7:47758976	7	47758976	rs4724614	A	G	A	G	0.19775	0.27175	0.27175	0.0117280891473586	0.0021354860064381	3.967e-08	691084.85	5.492	0.0023255980680249	0.0046792717666498	0.6191	115388.49	0.497	direct
7:78073417	7	78073417	rs7786447	A	G	A	G	0.11755	0.0805	0.0805	-0.0169950214787333	0.0026320305836662	1.068e-10	695743.85	-6.457	-0.0149349094233652	0.0076510806472158	0.05095	115388.49	-1.952	direct
7:81724070	7	81724070	rs258656	T	C	T	C	0.4399	0.4239	0.4239	0.0027242432205459	0.001706919311119	0.1104	696502.85	1.596	0.0237879915620835	0.0042117548799723	1.619e-08	115388.49	5.648	direct
7:82386473	7	82386473	rs6963266	A	G	A	G	0.43285	0.16475	0.16475	0.011093589398661	0.0017322906618771	1.512e-10	678682.85	6.404	-0.0044726503240808	0.0077114660760015	0.5618	61101.49	-0.58	direct
7:84333090	7	84333090	rs12707670	T	C	T	C	0.8063	0.87785	0.87785	-0.0119573777309116	0.002146746450792	2.541e-08	694644.85	-5.57	0.0035344437517016	0.0063569132224848	0.5784	115388.49	0.556	direct
7:85701069	7	85701069	rs2040927	T	C	T	C	0.1459	0.146	0.146	-0.0133386934221626	0.0024025024175365	2.821e-08	695118.85	-5.552	-0.0112655450485481	0.005895104682652	0.05597	115388.49	-1.911	direct
7:85955357	7	85955357	rs76094199	T	C	T	C	0.8683	0.9313	0.9313	0.0144852247228903	0.0025069617035116	7.582e-09	695661.85	5.778	0.0190511631953454	0.0082294441448576	0.02063	115388.49	2.315	direct
7:86399943	7	86399943	rs982339	A	G	A	G	0.24455	0.09865	0.09865	-0.0119921582973712	0.0019775986638145	1.328e-09	691985.85	-6.064	0.00213614009166	0.0069808499727452	0.7594	115388.49	0.306	direct
7:95263268	7	95263268	rs11980806	A	G	A	G	0.1754	0.05385	0.05385	0.0125526054086631	0.0022451449487861	2.261e-08	685785.85	5.591	0.0029182819472045	0.0093534677795016	0.7549	112170.49	0.312	direct
7:99537653	7	99537653	rs2527896	A	G	A	G	0.71645	0.7924	0.7924	0.0106347251761597	0.0019014348607473	2.235e-08	680724.85	5.593	0.0122015128444419	0.0053491945832713	0.02258	106218.49	2.281	direct
7:99791539	7	99791539	rs10953295	T	C	T	C	0.50755	0.3718	0.3718	0.0092676941894011	0.0016961372967425	4.648e-08	695325.85	5.464	0.0070035085667803	0.0043072008405783	0.104	115388.49	1.626	direct
7:100091795	7	100091795	rs12539172	T	C	T	C	0.308	0.32545	0.32545	-0.0133875286926459	0.001834913472128	2.961e-13	696704.85	-7.296	-0.0036813030097557	0.0046305698235921	0.4269	106218.49	-0.795	direct
7:111808998	7	111808998	rs11534046	T	C	T	C	0.10095	0.13175	0.13175	0.0177475380019242	0.0028309998407918	3.641e-10	687345.85	6.269	0.0128692090009108	0.006154571497327	0.03649	115388.49	2.091	direct
7:112063642	7	112063642	rs2520482	T	C	T	C	0.8448	0.79455	0.79455	-0.0129312724750754	0.0023426218251948	3.397e-08	694865.85	-5.52	-0.0055076409841208	0.005152143109561	0.285	115388.49	-1.069	direct
7:114940159	7	114940159	rs6968380	A	G	A	G	0.66275	0.49195	0.49195	0.0100059198285802	0.0017967175127635	2.56e-08	692929.85	5.569	0.0103800783027926	0.004163689652143	0.01268	115388.49	2.493	direct
7:131535589	7	131535589	rs113825498	A	G	A	G	0.70955	0.96105	0.96105	-0.0106087407893957	0.0018749983721095	1.527e-08	690070.85	-5.658	-0.0262989620398058	0.0144103901587977	0.06793	64319.49	-1.825	direct
7:137603188	7	137603188	rs273956	A	G	A	G	0.4315	0.2957	0.2957	-0.0103715903828578	0.0017109189018241	1.34e-09	696268.85	-6.062	-0.0011288361224632	0.0046263775510789	0.8073	112170.49	-0.244	direct
7:151106933	7	151106933	rs11975357	T	C	T	C	0.1261	0.05835	0.05835	-0.0189863863495573	0.0025608829713457	1.229e-13	691797.85	-7.414	-0.0252187387556519	0.0090066924127328	0.005113	112170.49	-2.8	direct
7:158710642	7	158710642	rs10275341	A	G	A	G	0.8084	0.9587	0.9587	-0.0157131572190775	0.0021527821919547	2.893e-13	696489.85	-7.299	0.0036711757095966	0.0106103344207996	0.7292	112170.49	0.346	direct
7:158963626	7	158963626	rs35538775	A	G	A	G	0.0469	0.02725	0.02725	0.0289093949011039	0.0040101810100019	5.618e-13	695501.85	7.209	0.0726966807261736	0.0133241716873485	4.88e-08	106218.49	5.456	direct
8:2481431	8	2481431	rs9650499	T	G	T	G	0.3381	0.4651	0.4651	-0.0140978471180706	0.0021799670818108	9.984e-11	470104.0	-6.467	-0.0088351001145801	0.0042578795732916	0.03801	110853.0	-2.075	direct
8:9506810	8	9506810	rs11785458	T	C	T	C	0.4049	0.6038	0.6038	0.009465229392361	0.001732289420271	4.648e-08	691468.85	5.464	0.0110482113413238	0.0042558595305561	0.009439	115388.49	2.596	direct
8:10226355	8	10226355	rs3088186	T	C	T	C	0.30705	0.19715	0.19715	0.0103634703795473	0.0018365178769355	1.671e-08	696704.85	5.643	0.000183128611519	0.0052322460434	0.9723	115388.49	0.035	direct
8:10571491	8	10571491	rs4484649	A	C	A	C	0.5767	0.3249	0.3249	-0.0110875557470252	0.0017240795750311	1.266e-10	689018.85	-6.431	-0.0084626225204119	0.0044446546850903	0.05692	115388.49	-1.904	direct
8:13407297	8	13407297	rs1905014	T	C	T	C	0.5858	0.54205	0.54205	-0.0101035502842871	0.0017250384641091	4.724e-09	692454.85	-5.857	-0.0138621538916294	0.0041778643434687	0.0009078	115388.49	-3.318	direct
8:22449484	8	22449484	rs4592028	T	C	T	C	0.69585	0.8118	0.8118	0.0110451653779012	0.0018488726779211	2.317e-09	691082.85	5.974	0.0047717306706687	0.0053255922663713	0.37	115388.49	0.896	direct
8:27462481	8	27462481	rs7982	A	G	A	G	0.40535	0.2207	0.2207	-0.011106708662464	0.0017254479823619	1.215e-10	696704.85	-6.437	-0.0108484289191981	0.0050907690845603	0.03307	112170.49	-2.131	direct
8:40704729	8	40704729	rs2011796	A	C	A	C	0.4921	0.2126	0.2126	0.0096313694472344	0.0030211321980032	0.001435	219168.85	3.188	0.0446356514830064	0.0069634401689557	1.457e-10	61556.49	6.41	direct
8:53333700	8	53333700	rs7465621	A	G	A	G	0.867	0.8868	0.8868	0.0221712984300691	0.0025077817475476	9.48e-19	689398.85	8.841	0.0171351844773882	0.0067461356210189	0.01108	109436.49	2.54	direct
8:56054306	8	56054306	rs11778084	A	G	A	G	0.29385	0.39385	0.39385	-0.0105105989845069	0.0018732131499745	2.01e-08	686677.85	-5.611	-0.0113826217287362	0.0043745663830654	0.009263	109436.49	-2.602	direct
8:56854016	8	56854016	rs17515910	A	C	A	C	0.8478	0.97205	0.97205	-0.0144122019922165	0.0023634309596944	1.074e-09	693669.85	-6.098	0.0078047016337383	0.0126289670448841	0.5368	115388.49	0.618	direct
8:57106499	8	57106499	rs13258395	A	G	A	G	0.1673	0.07005	0.07005	0.0177430865608198	0.0022703885554471	5.485e-15	696220.85	7.815	0.0021449911577536	0.0081558599154131	0.7928	115388.49	0.263	direct
8:59801932	8	59801932	rs1448542	A	G	A	G	0.7389	0.8957	0.8957	-0.0110759159745535	0.0019486129441508	1.317e-08	682504.85	-5.684	0.0005039785181236	0.0068105205151843	0.941	115388.49	0.074	direct
8:60056887	8	60056887	rs10087510	A	G	A	G	0.134	0.2275	0.2275	0.0357955678569318	0.0024896068894791	7.123999999999999e-47	694954.85	14.378	0.0031580584735948	0.004965500744646	0.525	115388.49	0.636	direct
8:60360845	8	60360845	rs2326322	A	G	A	G	0.7512	0.4373	0.4373	-0.0123545030548671	0.002049859474841	1.67e-09	636635.85	-6.027	-0.0037445014776976	0.0043089775347499	0.3849	109436.49	-0.869	direct
8:60611239	8	60611239	rs72655591	T	C	T	C	0.2577	0.0286	0.0286	0.0184802175609108	0.0019401803213554	1.658e-21	694280.85	9.525	-0.0120891366014198	0.0124887774808056	0.3332	115388.49	-0.968	direct
8:60864318	8	60864318	rs665987	T	G	T	G	0.53405	0.4763	0.4763	-0.0116147622504221	0.0017000530226027	8.354e-12	695175.85	-6.832	0.0069545730390995	0.0042797372548304	0.1042	109436.49	1.625	direct
8:61561944	8	61561944	rs2680299	A	G	A	G	0.23955	0.26475	0.26475	0.0108793787827731	0.0019849258862932	4.236e-08	696619.85	5.481	0.0033828788463933	0.0047181015988749	0.4733	115388.49	0.717	direct
8:71441724	8	71441724	rs7830427	A	G	A	G	0.3479	0.07545	0.07545	0.0126940308136372	0.0017843731815627	1.13e-12	692146.85	7.114	0.0507116403823657	0.0110796679882818	4.717e-06	58367.49	4.577	direct
8:75704722	8	75704722	rs34168294	A	G	A	G	0.1165	0.0483	0.0483	0.019451374343712	0.0026406970328145	1.752e-13	696572.85	7.366	0.0200975185885453	0.0097089461780411	0.03848	115388.49	2.07	direct
8:78911919	8	78911919	rs57034374	T	C	T	C	0.40065	0.5214	0.5214	0.0110704451356226	0.0017311094817236	1.609e-10	694783.85	6.395	0.0099910493876331	0.0041926350766399	0.01715	113980.49	2.383	direct
8:87673711	8	87673711	rs13268738	T	C	T	C	0.4398	0.6338	0.6338	0.0095536900555773	0.0017090679884753	2.266e-08	694757.85	5.59	0.0074818618122068	0.0043473921047105	0.08529	113980.49	1.721	direct
8:89312391	8	89312391	rs7816934	T	C	T	C	0.89805	0.88865	0.88865	0.015553477961012	0.0028044496864428	2.929e-08	694332.85	5.546	0.0238017760419886	0.0066171187217093	0.0003214	115388.49	3.597	direct
8:121570655	8	121570655	rs6997783	T	C	T	C	0.8779	0.5713	0.5713	0.0114255232710726	0.0025884737813938	1.016e-05	696160.85	4.414	0.0238103819010862	0.0042655646544403	2.377e-08	112170.49	5.582	direct
8:131155443	8	131155443	rs7846376	A	G	A	G	0.6698	0.73095	0.73095	-0.0098490127388727	0.0018031879785559	4.716e-08	695259.85	-5.462	-0.0168270660220061	0.0046937422655526	0.0003377	115388.49	-3.585	direct
8:131417745	8	131417745	rs10103280	A	G	A	G	0.3303	0.27405	0.27405	0.0104231745357182	0.0018064427271608	7.948e-09	692646.85	5.77	0.0148743591049195	0.0047919971343168	0.001907	109436.49	3.104	direct
9:18266633	9	18266633	rs2891123	T	C	T	C	0.35065	0.38675	0.38675	-0.0100259800548411	0.0017830304205657	1.876e-08	690684.85	-5.623	-0.0031863835205773	0.0043352156742548	0.4622	112170.49	-0.735	direct
9:22768289	9	22768289	rs643958	T	C	T	C	0.41905	0.3507	0.3507	-0.0097152176545587	0.0017222509580852	1.69e-08	692392.85	-5.641	-0.003638127494654	0.0043622631830384	0.404	115388.49	-0.834	direct
9:33782375	9	33782375	rs1971430	A	G	A	G	0.3768	0.2444	0.2444	-0.0103907549589348	0.0017540099525548	3.142e-09	692062.85	-5.924	-0.0103902457550741	0.0048439374149529	0.03198	115388.49	-2.145	direct
9:34042371	9	34042371	rs6476433	A	G	A	G	0.3367	0.2116	0.2116	-0.0102146899341165	0.0017929945469749	1.221e-08	696367.85	-5.697	-0.0094861918325603	0.0052671803623322	0.0717	108028.49	-1.801	direct
9:71643131	9	71643131	rs9314845	T	C	T	C	0.283	0.27895	0.27895	-0.0104374438441706	0.001892555547447	3.496e-08	687935.85	-5.515	0.0004270175210897	0.0046414947944538	0.9264	115388.49	0.092	direct
9:72043280	9	72043280	rs1761293	T	C	T	C	0.2579	0.2144	0.2144	0.010860221124561	0.0019396715707378	2.155e-08	694352.85	5.599	0.0032664477535345	0.0050721238408922	0.5196	115388.49	0.644	direct
9:74985705	9	74985705	rs7859416	T	C	T	C	0.0835	0.026	0.026	-0.0170686184155021	0.0030654846292209	2.578e-08	695237.85	-5.568	-0.0039246000278683	0.0175205358386982	0.8226	64319.49	-0.224	direct
9:76207300	9	76207300	rs9314809	A	G	A	G	0.6412	0.6237	0.6237	-0.0108158611821644	0.0017661432368002	9.14e-10	696704.85	-6.124	-0.0042011283246138	0.0043580169342467	0.3351	112170.49	-0.964	direct
9:76648938	9	76648938	rs11143764	T	C	T	C	0.35875	0.18145	0.18145	-0.01517985905478	0.0017754221116701	1.236e-17	689447.85	-8.55	-0.0108811582154475	0.0056672699038789	0.05488	104810.49	-1.92	direct
9:76974920	9	76974920	rs3903098	A	G	A	G	0.13305	0.40715	0.40715	-0.0147411958152331	0.0024942801717822	3.428e-09	696704.85	-5.91	-0.0126163993249606	0.0042971387346596	0.003329	112170.49	-2.936	direct
9:77226524	9	77226524	rs7869723	T	C	T	C	0.5144	0.28745	0.28745	0.0093422496779324	0.0016967398615932	3.675e-08	695249.85	5.506	0.0105557162316184	0.0045994406237988	0.02175	115388.49	2.295	direct
9:101860076	9	101860076	rs10819634	T	C	T	C	0.1575	0.40235	0.40235	-0.0200496446585947	0.0023270246818239	6.91e-18	695778.85	-8.616	-0.0197774532878737	0.0043050616647526	4.338e-06	112170.49	-4.594	direct
9:109731122	9	109731122	rs79146649	A	G	A	G	0.0451	0.066	0.066	-0.0274018288933512	0.004086775375593	2.019e-11	695097.85	-6.705	-0.0171359926384953	0.0087383950221801	0.04992	106218.49	-1.961	direct
9:123636121	9	123636121	rs10985070	A	C	A	C	0.54345	0.4865	0.4865	0.0094898593108728	0.0017185547466267	3.346e-08	682300.85	5.522	0.00581626106703	0.004190389817745	0.1651	113980.49	1.388	direct
9:127834878	9	127834878	rs643228	A	G	A	G	0.6258	0.4523	0.4523	0.0107179373365603	0.0017538761800949	9.903e-10	694079.85	6.111	0.0072877822566464	0.0042945092850008	0.08974	109436.49	1.697	direct
9:128101240	9	128101240	rs4838258	A	G	A	G	0.58055	0.5276	0.5276	-0.0108558183064976	0.0017943501333054	1.45e-09	637691.85	-6.05	-0.0013279074668319	0.0042290046714391	0.7533	112170.49	-0.314	direct
9:129071748	9	129071748	rs1360258	A	C	A	C	0.57055	0.4799	0.4799	-0.0117529019939102	0.0017342337308411	1.227e-11	678451.85	-6.777	-0.0066665343370547	0.0041665839606592	0.1096	115388.49	-1.6	direct
9:137427625	9	137427625	rs3118594	A	G	A	G	0.6664	0.606	0.606	0.0109767451189132	0.0018101492610345	1.327e-09	686367.85	6.064	-0.0010096423858508	0.0042600944550667	0.8128	115388.49	-0.237	direct
9:139097773	9	139097773	rs11103381	A	C	A	C	0.6828	0.87435	0.87435	-0.0113373253737876	0.0018761087826886	1.51e-09	655847.85	-6.043	-0.0176860747714381	0.0065455495083042	0.006892	106218.49	-2.702	direct
