metric_name	block_index	block_start_row	block_end_row	block_snp_n	start_chr	start_bp	end_chr	end_bp	full_estimate	full_SE	full_CI95_low	full_CI95_high	leave_block_estimate	delta_from_full	absolute_delta	influence_SE_ratio	sign_flip	influential	catastrophic	min_leave_block_estimate	max_leave_block_estimate	largest_influence_block	number_blocks
HSQ1	1	1	15563	15563	1	734349	1	14148441	0.4942643977082528	0.0331367103074015	0.4293164455057459	0.5592123499107597	0.4935167532474105	-0.0007476444608423005	0.0007476444608423005	0.022562422579265655	False	False	False	0.48677343342028334	0.49982065992701474	100	200
HSQ1	2	15564	31126	15563	1	14148565	1	28311773	0.4942643977082528	0.0331367103074015	0.4293164455057459	0.5592123499107597	0.4949073144715884	0.0006429167633356103	0.0006429167633356103	0.01940194899769537	False	False	False	0.48677343342028334	0.49982065992701474	100	200
HSQ1	3	31127	46689	15563	1	28312046	1	45739452	0.4942643977082528	0.0331367103074015	0.4293164455057459	0.5592123499107597	0.49434025142332794	7.585371507512484e-05	7.585371507512484e-05	0.002289114229247493	False	False	False	0.48677343342028334	0.49982065992701474	100	200
HSQ1	4	46690	62252	15563	1	45740701	1	62124897	0.4942643977082528	0.0331367103074015	0.4293164455057459	0.5592123499107597	0.49289241746627754	-0.001371980241975268	0.001371980241975268	0.0414036344962348	False	False	False	0.48677343342028334	0.49982065992701474	100	200
HSQ1	5	62253	77815	15563	1	62125490	1	78388269	0.4942643977082528	0.0331367103074015	0.4293164455057459	0.5592123499107597	0.49114123967001466	-0.0031231580382381496	0.0031231580382381496	0.09425069686354934	False	False	False	0.48677343342028334	0.49982065992701474	100	200
HSQ1	6	77816	93378	15563	1	78390390	1	90821175	0.4942643977082528	0.0331367103074015	0.4293164455057459	0.5592123499107597	0.4986687799375166	0.004404382229263815	0.004404382229263815	0.13291549427826094	False	False	False	0.48677343342028334	0.49982065992701474	100	200
HSQ1	7	93379	108941	15563	1	90821577	1	105208305	0.4942643977082528	0.0331367103074015	0.4293164455057459	0.5592123499107597	0.4912090937673429	-0.0030553039409099148	0.0030553039409099148	0.09220299518469323	False	False	False	0.48677343342028334	0.49982065992701474	100	200
HSQ1	8	108942	124504	15563	1	105208438	1	119907660	0.4942643977082528	0.0331367103074015	0.4293164455057459	0.5592123499107597	0.49305791633802104	-0.0012064813702317712	0.0012064813702317712	0.03640920776502936	False	False	False	0.48677343342028334	0.49982065992701474	100	200
HSQ1	9	124505	140067	15563	1	119908304	1	163571924	0.4942643977082528	0.0331367103074015	0.4293164455057459	0.5592123499107597	0.49394451035234666	-0.0003198873559061566	0.0003198873559061566	0.009653564066518266	False	False	False	0.48677343342028334	0.49982065992701474	100	200
HSQ1	10	140068	155630	15563	1	163573221	1	178057658	0.4942643977082528	0.0331367103074015	0.4293164455057459	0.5592123499107597	0.4869583220104273	-0.007306075697825487	0.007306075697825487	0.22048283097654336	False	False	False	0.48677343342028334	0.49982065992701474	100	200
HSQ1	11	155631	171193	15563	1	178057927	1	191147815	0.4942643977082528	0.0331367103074015	0.4293164455057459	0.5592123499107597	0.4953220846900967	0.001057686981843886	0.001057686981843886	0.03191888911216508	False	False	False	0.48677343342028334	0.49982065992701474	100	200
HSQ1	12	171194	186756	15563	1	191148108	1	206813737	0.4942643977082528	0.0331367103074015	0.4293164455057459	0.5592123499107597	0.4943302655068031	6.586779855027869e-05	6.586779855027869e-05	0.001987759132974835	False	False	False	0.48677343342028334	0.49982065992701474	100	200
HSQ1	13	186757	202319	15563	1	206817271	1	221044204	0.4942643977082528	0.0331367103074015	0.4293164455057459	0.5592123499107597	0.4943872760981127	0.00012287838985991506	0.00012287838985991506	0.003708225370593551	False	False	False	0.48677343342028334	0.49982065992701474	100	200
HSQ1	14	202320	217882	15563	1	221044966	1	233237589	0.4942643977082528	0.0331367103074015	0.4293164455057459	0.5592123499107597	0.4926407976169477	-0.001623600091305133	0.001623600091305133	0.0489970210151634	False	False	False	0.48677343342028334	0.49982065992701474	100	200
HSQ1	15	217883	233445	15563	1	233237670	1	244392845	0.4942643977082528	0.0331367103074015	0.4293164455057459	0.5592123499107597	0.49661008659361466	0.002345688885361852	0.002345688885361852	0.07078822440735504	False	False	False	0.48677343342028334	0.49982065992701474	100	200
HSQ1	16	233446	249008	15563	1	244392878	2	6598379	0.4942643977082528	0.0331367103074015	0.4293164455057459	0.5592123499107597	0.49611523950826275	0.0018508418000099391	0.0018508418000099391	0.05585472374415303	False	False	False	0.48677343342028334	0.49982065992701474	100	200
HSQ1	17	249009	264571	15563	2	6598529	2	20713697	0.4942643977082528	0.0331367103074015	0.4293164455057459	0.5592123499107597	0.4996700358523541	0.005405638144101277	0.005405638144101277	0.1631314060434617	False	False	False	0.48677343342028334	0.49982065992701474	100	200
HSQ1	18	264572	280134	15563	2	20713703	2	37136760	0.4942643977082528	0.0331367103074015	0.4293164455057459	0.5592123499107597	0.49628491576489653	0.0020205180566437164	0.0020205180566437164	0.060975215641499825	False	False	False	0.48677343342028334	0.49982065992701474	100	200
HSQ1	19	280135	295697	15563	2	37138046	2	51191994	0.4942643977082528	0.0331367103074015	0.4293164455057459	0.5592123499107597	0.49008306363623305	-0.00418133407201976	0.00418133407201976	0.1261843445903502	False	False	False	0.48677343342028334	0.49982065992701474	100	200
HSQ1	20	295698	311260	15563	2	51193859	2	64552357	0.4942643977082528	0.0331367103074015	0.4293164455057459	0.5592123499107597	0.4909749519680033	-0.0032894457402495303	0.0032894457402495303	0.09926892892306184	False	False	False	0.48677343342028334	0.49982065992701474	100	200
HSQ1	21	311261	326823	15563	2	64553247	2	78963044	0.4942643977082528	0.0331367103074015	0.4293164455057459	0.5592123499107597	0.49820232612077	0.0039379284125171665	0.0039379284125171665	0.11883884598036218	False	False	False	0.48677343342028334	0.49982065992701474	100	200
HSQ1	22	326824	342386	15563	2	78963673	2	104422349	0.4942643977082528	0.0331367103074015	0.4293164455057459	0.5592123499107597	0.49621329290998634	0.0019488952017335248	0.0019488952017335248	0.05881378035580721	False	False	False	0.48677343342028334	0.49982065992701474	100	200
HSQ1	23	342387	357949	15563	2	104422882	2	121309759	0.4942643977082528	0.0331367103074015	0.4293164455057459	0.5592123499107597	0.4969055659257986	0.0026411682175457862	0.0026411682175457862	0.07970520287150677	False	False	False	0.48677343342028334	0.49982065992701474	100	200
HSQ1	24	357950	373512	15563	2	121309778	2	137101277	0.4942643977082528	0.0331367103074015	0.4293164455057459	0.5592123499107597	0.4948354914502714	0.0005710937420185802	0.0005710937420185802	0.01723447308802465	False	False	False	0.48677343342028334	0.49982065992701474	100	200
HSQ1	25	373513	389075	15563	2	137101357	2	151539581	0.4942643977082528	0.0331367103074015	0.4293164455057459	0.5592123499107597	0.4884548790709055	-0.0058095186373472996	0.0058095186373472996	0.175319715911862	False	False	False	0.48677343342028334	0.49982065992701474	100	200
HSQ1	26	389076	404638	15563	2	151539798	2	167351483	0.4942643977082528	0.0331367103074015	0.4293164455057459	0.5592123499107597	0.49385988460351377	-0.000404513104739046	0.000404513104739046	0.012207400824839662	False	False	False	0.48677343342028334	0.49982065992701474	100	200
HSQ1	27	404639	420201	15563	2	167352464	2	181570507	0.4942643977082528	0.0331367103074015	0.4293164455057459	0.5592123499107597	0.493265596773364	-0.0009988009348887994	0.0009988009348887994	0.03014182535390982	False	False	False	0.48677343342028334	0.49982065992701474	100	200
HSQ1	28	420202	435764	15563	2	181571918	2	198083833	0.4942643977082528	0.0331367103074015	0.4293164455057459	0.5592123499107597	0.4945801896613271	0.00031579195307429586	0.00031579195307429586	0.009529972955817517	False	False	False	0.48677343342028334	0.49982065992701474	100	200
HSQ1	29	435765	451327	15563	2	198084218	2	216858592	0.4942643977082528	0.0331367103074015	0.4293164455057459	0.5592123499107597	0.49904075980706253	0.004776362098809717	0.004776362098809717	0.14414110678158829	False	False	False	0.48677343342028334	0.49982065992701474	100	200
HSQ1	30	451328	466890	15563	2	216858824	2	230271780	0.4942643977082528	0.0331367103074015	0.4293164455057459	0.5592123499107597	0.49761693009169805	0.003352532383445239	0.003352532383445239	0.10117275831983868	False	False	False	0.48677343342028334	0.49982065992701474	100	200
HSQ1	31	466891	482453	15563	2	230272648	2	241484072	0.4942643977082528	0.0331367103074015	0.4293164455057459	0.5592123499107597	0.4911965072746445	-0.0030678904336083335	0.0030678904336083335	0.09258283049669784	False	False	False	0.48677343342028334	0.49982065992701474	100	200
HSQ1	32	482454	498016	15563	2	241485268	3	8016833	0.4942643977082528	0.0331367103074015	0.4293164455057459	0.5592123499107597	0.49411578421164903	-0.00014861349660377776	0.00014861349660377776	0.00448485969865823	False	False	False	0.48677343342028334	0.49982065992701474	100	200
HSQ1	33	498017	513579	15563	3	8016955	3	21340533	0.4942643977082528	0.0331367103074015	0.4293164455057459	0.5592123499107597	0.49369748517844125	-0.0005669125298115585	0.0005669125298115585	0.01710829242107752	False	False	False	0.48677343342028334	0.49982065992701474	100	200
HSQ1	34	513580	529142	15563	3	21340863	3	31813629	0.4942643977082528	0.0331367103074015	0.4293164455057459	0.5592123499107597	0.4971863846305007	0.0029219869222478767	0.0029219869222478767	0.08817975276185501	False	False	False	0.48677343342028334	0.49982065992701474	100	200
HSQ1	35	529143	544705	15563	3	31814685	3	46662428	0.4942643977082528	0.0331367103074015	0.4293164455057459	0.5592123499107597	0.49678975930004	0.0025253615917871786	0.0025253615917871786	0.07621038927401032	False	False	False	0.48677343342028334	0.49982065992701474	100	200
HSQ1	36	544706	560268	15563	3	46662736	3	63661117	0.4942643977082528	0.0331367103074015	0.4293164455057459	0.5592123499107597	0.4928386660407259	-0.0014257316675269083	0.0014257316675269083	0.04302574559456052	False	False	False	0.48677343342028334	0.49982065992701474	100	200
HSQ1	37	560269	575831	15563	3	63661629	3	77099218	0.4942643977082528	0.0331367103074015	0.4293164455057459	0.5592123499107597	0.4987960842178816	0.004531686509628763	0.004531686509628763	0.13675728422011021	False	False	False	0.48677343342028334	0.49982065992701474	100	200
HSQ1	38	575832	591394	15563	3	77099267	3	95430903	0.4942643977082528	0.0331367103074015	0.4293164455057459	0.5592123499107597	0.4948042898426214	0.0005398921343686136	0.0005398921343686136	0.016292870636830294	False	False	False	0.48677343342028334	0.49982065992701474	100	200
HSQ1	39	591395	606957	15563	3	95431652	3	108897123	0.4942643977082528	0.0331367103074015	0.4293164455057459	0.5592123499107597	0.49205914008728746	-0.0022052576209653507	0.0022052576209653507	0.0665502882002375	False	False	False	0.48677343342028334	0.49982065992701474	100	200
HSQ1	40	606958	622520	15563	3	108897541	3	122443054	0.4942643977082528	0.0331367103074015	0.4293164455057459	0.5592123499107597	0.4969837242650022	0.0027193265567493907	0.0027193265567493907	0.08206386607248684	False	False	False	0.48677343342028334	0.49982065992701474	100	200
HSQ1	41	622521	638083	15563	3	122443946	3	135656738	0.4942643977082528	0.0331367103074015	0.4293164455057459	0.5592123499107597	0.49592578077953886	0.001661383071286049	0.001661383071286049	0.05013723619133545	False	False	False	0.48677343342028334	0.49982065992701474	100	200
HSQ1	42	638084	653646	15563	3	135657414	3	150151120	0.4942643977082528	0.0331367103074015	0.4293164455057459	0.5592123499107597	0.4973628540893922	0.0030984563811393695	0.0030984563811393695	0.0935052499899874	False	False	False	0.48677343342028334	0.49982065992701474	100	200
HSQ1	43	653647	669209	15563	3	150151697	3	162739273	0.4942643977082528	0.0331367103074015	0.4293164455057459	0.5592123499107597	0.49671905978488806	0.00245466207663525	0.00245466207663525	0.07407681854547192	False	False	False	0.48677343342028334	0.49982065992701474	100	200
HSQ1	44	669210	684772	15563	3	162739768	3	176246068	0.4942643977082528	0.0331367103074015	0.4293164455057459	0.5592123499107597	0.4887278194111911	-0.005536578297061723	0.005536578297061723	0.1670829193875971	False	False	False	0.48677343342028334	0.49982065992701474	100	200
HSQ1	45	684773	700335	15563	3	176246528	3	190250499	0.4942643977082528	0.0331367103074015	0.4293164455057459	0.5592123499107597	0.4932720767137647	-0.000992320994488094	0.000992320994488094	0.0299462736428138	False	False	False	0.48677343342028334	0.49982065992701474	100	200
HSQ1	46	700336	715898	15563	3	190252635	4	4180841	0.4942643977082528	0.0331367103074015	0.4293164455057459	0.5592123499107597	0.49721280937424667	0.0029484116659938553	0.0029484116659938553	0.0889771989627857	False	False	False	0.48677343342028334	0.49982065992701474	100	200
HSQ1	47	715899	731461	15563	4	4180886	4	14491265	0.4942643977082528	0.0331367103074015	0.4293164455057459	0.5592123499107597	0.4946305442510613	0.00036614654280847647	0.00036614654280847647	0.011049574306315285	False	False	False	0.48677343342028334	0.49982065992701474	100	200
HSQ1	48	731462	747024	15563	4	14491446	4	26065536	0.4942643977082528	0.0331367103074015	0.4293164455057459	0.5592123499107597	0.49532174496413406	0.001057347255881247	0.001057347255881247	0.031908636858411235	False	False	False	0.48677343342028334	0.49982065992701474	100	200
HSQ1	49	747025	762587	15563	4	26065733	4	38197669	0.4942643977082528	0.0331367103074015	0.4293164455057459	0.5592123499107597	0.4965657429085792	0.002301345200326377	0.002301345200326377	0.06945002020349444	False	False	False	0.48677343342028334	0.49982065992701474	100	200
HSQ1	50	762588	778150	15563	4	38197920	4	55620606	0.4942643977082528	0.0331367103074015	0.4293164455057459	0.5592123499107597	0.4896128555136299	-0.004651542194622937	0.004651542194622937	0.1403742903707601	False	False	False	0.48677343342028334	0.49982065992701474	100	200
HSQ1	51	778151	793713	15563	4	55620867	4	66414095	0.4942643977082528	0.0331367103074015	0.4293164455057459	0.5592123499107597	0.49512477069215777	0.0008603729839049556	0.0008603729839049556	0.025964345160502566	False	False	False	0.48677343342028334	0.49982065992701474	100	200
HSQ1	52	793714	809276	15563	4	66414681	4	79300180	0.4942643977082528	0.0331367103074015	0.4293164455057459	0.5592123499107597	0.4963044295535835	0.002040031845330692	0.002040031845330692	0.06156410296634139	False	False	False	0.48677343342028334	0.49982065992701474	100	200
HSQ1	53	809277	824839	15563	4	79300355	4	95707791	0.4942643977082528	0.0331367103074015	0.4293164455057459	0.5592123499107597	0.4909479384204807	-0.0033164592877721333	0.0033164592877721333	0.10008414405069535	False	False	False	0.48677343342028334	0.49982065992701474	100	200
HSQ1	54	824840	840402	15563	4	95708358	4	111420577	0.4942643977082528	0.0331367103074015	0.4293164455057459	0.5592123499107597	0.4972693722599829	0.0030049745517300996	0.0030049745517300996	0.0906841543367961	False	False	False	0.48677343342028334	0.49982065992701474	100	200
HSQ1	55	840403	855965	15563	4	111421776	4	122952215	0.4942643977082528	0.0331367103074015	0.4293164455057459	0.5592123499107597	0.49225836092408887	-0.002006036784163945	0.002006036784163945	0.06053819964487758	False	False	False	0.48677343342028334	0.49982065992701474	100	200
HSQ1	56	855966	871528	15563	4	122952241	4	135372682	0.4942643977082528	0.0331367103074015	0.4293164455057459	0.5592123499107597	0.49267442954751334	-0.0015899681607394744	0.0015899681607394744	0.047982076252884254	False	False	False	0.48677343342028334	0.49982065992701474	100	200
HSQ1	57	871529	887091	15563	4	135373049	4	149492755	0.4942643977082528	0.0331367103074015	0.4293164455057459	0.5592123499107597	0.49134864987432386	-0.00291574783392895	0.00291574783392895	0.08799146948747297	False	False	False	0.48677343342028334	0.49982065992701474	100	200
HSQ1	58	887092	902654	15563	4	149493045	4	162934006	0.4942643977082528	0.0331367103074015	0.4293164455057459	0.5592123499107597	0.49607684617094366	0.0018124484626908521	0.0018124484626908521	0.05469608919766604	False	False	False	0.48677343342028334	0.49982065992701474	100	200
HSQ1	59	902655	918217	15563	4	162934057	4	176825687	0.4942643977082528	0.0331367103074015	0.4293164455057459	0.5592123499107597	0.4924235116923594	-0.0018408860158934393	0.0018408860158934393	0.05555427798402349	False	False	False	0.48677343342028334	0.49982065992701474	100	200
HSQ1	60	918218	933780	15563	4	176828699	4	186410627	0.4942643977082528	0.0331367103074015	0.4293164455057459	0.5592123499107597	0.4984104083998055	0.004146010691552682	0.004146010691552682	0.12511835523475662	False	False	False	0.48677343342028334	0.49982065992701474	100	200
HSQ1	61	933781	949343	15563	4	186410731	5	4725242	0.4942643977082528	0.0331367103074015	0.4293164455057459	0.5592123499107597	0.49627306214326905	0.0020086644350162386	0.0020086644350162386	0.06061749692055515	False	False	False	0.48677343342028334	0.49982065992701474	100	200
HSQ1	62	949344	964906	15563	5	4725595	5	16684109	0.4942643977082528	0.0331367103074015	0.4293164455057459	0.5592123499107597	0.49794823935709276	0.0036838416488399472	0.0036838416488399472	0.11117101289373059	False	False	False	0.48677343342028334	0.49982065992701474	100	200
HSQ1	63	964907	980469	15563	5	16684597	5	29758199	0.4942643977082528	0.0331367103074015	0.4293164455057459	0.5592123499107597	0.4963173080704957	0.0020529103622428657	0.0020529103622428657	0.061952750988209064	False	False	False	0.48677343342028334	0.49982065992701474	100	200
HSQ1	64	980470	996032	15563	5	29758510	5	43233397	0.4942643977082528	0.0331367103074015	0.4293164455057459	0.5592123499107597	0.49640891147791016	0.0021445137696573524	0.0021445137696573524	0.06471715960224175	False	False	False	0.48677343342028334	0.49982065992701474	100	200
HSQ1	65	996033	1011595	15563	5	43237748	5	58986312	0.4942643977082528	0.0331367103074015	0.4293164455057459	0.5592123499107597	0.49298557830901835	-0.0012788193992344654	0.0012788193992344654	0.03859222558217631	False	False	False	0.48677343342028334	0.49982065992701474	100	200
HSQ1	66	1011596	1027158	15563	5	58986989	5	76161368	0.4942643977082528	0.0331367103074015	0.4293164455057459	0.5592123499107597	0.4948452831597777	0.000580885451524904	0.000580885451524904	0.01752996740280389	False	False	False	0.48677343342028334	0.49982065992701474	100	200
HSQ1	67	1027159	1042721	15563	5	76163520	5	91832191	0.4942643977082528	0.0331367103074015	0.4293164455057459	0.5592123499107597	0.49367163218327526	-0.0005927655249775565	0.0005927655249775565	0.017888484387213143	False	False	False	0.48677343342028334	0.49982065992701474	100	200
HSQ1	68	1042722	1058284	15563	5	91832192	5	107021498	0.4942643977082528	0.0331367103074015	0.4293164455057459	0.5592123499107597	0.4975787200477934	0.0033143223395405985	0.0033143223395405985	0.10001965520398394	False	False	False	0.48677343342028334	0.49982065992701474	100	200
HSQ1	69	1058285	1073847	15563	5	107022017	5	121023412	0.4942643977082528	0.0331367103074015	0.4293164455057459	0.5592123499107597	0.49532098382612777	0.001056586117874958	0.001056586117874958	0.031885667227472374	False	False	False	0.48677343342028334	0.49982065992701474	100	200
HSQ1	70	1073848	1089410	15563	5	121023551	5	135185565	0.4942643977082528	0.0331367103074015	0.4293164455057459	0.5592123499107597	0.49982065992701474	0.0055562622187619315	0.0055562622187619315	0.16767694098834157	False	False	False	0.48677343342028334	0.49982065992701474	100	200
HSQ1	71	1089411	1104973	15563	5	135185569	5	150955163	0.4942643977082528	0.0331367103074015	0.4293164455057459	0.5592123499107597	0.4963749008960885	0.0021105031878356773	0.0021105031878356773	0.06369078789828662	False	False	False	0.48677343342028334	0.49982065992701474	100	200
HSQ1	72	1104974	1120536	15563	5	150955282	5	164512265	0.4942643977082528	0.0331367103074015	0.4293164455057459	0.5592123499107597	0.495031916355706	0.0007675186474531692	0.0007675186474531692	0.023162185996530086	False	False	False	0.48677343342028334	0.49982065992701474	100	200
HSQ1	73	1120537	1136099	15563	5	164512291	5	178194492	0.4942643977082528	0.0331367103074015	0.4293164455057459	0.5592123499107597	0.4942772694141709	1.287170591807163e-05	1.287170591807163e-05	0.00038844247961441645	False	False	False	0.48677343342028334	0.49982065992701474	100	200
HSQ1	74	1136100	1151662	15563	5	178194562	6	8492776	0.4942643977082528	0.0331367103074015	0.4293164455057459	0.5592123499107597	0.4911025691878688	-0.0031618285203839913	0.0031618285203839913	0.09541769508959848	False	False	False	0.48677343342028334	0.49982065992701474	100	200
HSQ1	75	1151663	1167225	15563	6	8493757	6	21204822	0.4942643977082528	0.0331367103074015	0.4293164455057459	0.5592123499107597	0.4918607175237806	-0.0024036801844722344	0.0024036801844722344	0.07253828645553093	False	False	False	0.48677343342028334	0.49982065992701474	100	200
HSQ1	76	1167226	1182788	15563	6	21205877	6	30361480	0.4942643977082528	0.0331367103074015	0.4293164455057459	0.5592123499107597	0.49433225184463064	6.785413637783178e-05	6.785413637783178e-05	0.002047702857295273	False	False	False	0.48677343342028334	0.49982065992701474	100	200
HSQ1	77	1182789	1198351	15563	6	30361608	6	33203688	0.4942643977082528	0.0331367103074015	0.4293164455057459	0.5592123499107597	0.494406285173268	0.00014188746501520022	0.00014188746501520022	0.004281881445048209	False	False	False	0.48677343342028334	0.49982065992701474	100	200
HSQ1	78	1198352	1213914	15563	6	33203908	6	46017626	0.4942643977082528	0.0331367103074015	0.4293164455057459	0.5592123499107597	0.4934194928875644	-0.0008449048206883858	0.0008449048206883858	0.02549754676461247	False	False	False	0.48677343342028334	0.49982065992701474	100	200
HSQ1	79	1213915	1229477	15563	6	46018287	6	62472864	0.4942643977082528	0.0331367103074015	0.4293164455057459	0.5592123499107597	0.49150799350568475	-0.0027564042025680635	0.0027564042025680635	0.08318279566672573	False	False	False	0.48677343342028334	0.49982065992701474	100	200
HSQ1	80	1229478	1245040	15563	6	62474097	6	73591559	0.4942643977082528	0.0331367103074015	0.4293164455057459	0.5592123499107597	0.4948082314636741	0.0005438337554212747	0.0005438337554212747	0.016411820919344625	False	False	False	0.48677343342028334	0.49982065992701474	100	200
HSQ1	81	1245041	1260603	15563	6	73591660	6	84931878	0.4942643977082528	0.0331367103074015	0.4293164455057459	0.5592123499107597	0.4953322808706752	0.0010678831624224006	0.0010678831624224006	0.03222658955931046	False	False	False	0.48677343342028334	0.49982065992701474	100	200
HSQ1	82	1260604	1276166	15563	6	84935441	6	97778185	0.4942643977082528	0.0331367103074015	0.4293164455057459	0.5592123499107597	0.4931438525724924	-0.0011205451357604312	0.0011205451357604312	0.0338158231570182	False	False	False	0.48677343342028334	0.49982065992701474	100	200
HSQ1	83	1276167	1291729	15563	6	97778418	6	110461062	0.4942643977082528	0.0331367103074015	0.4293164455057459	0.5592123499107597	0.49931441242463526	0.005050014716382445	0.005050014716382445	0.15239939841748446	False	False	False	0.48677343342028334	0.49982065992701474	100	200
HSQ1	84	1291730	1307292	15563	6	110461195	6	123286751	0.4942643977082528	0.0331367103074015	0.4293164455057459	0.5592123499107597	0.4953985319333404	0.0011341342250875686	0.0011341342250875686	0.03422591484086595	False	False	False	0.48677343342028334	0.49982065992701474	100	200
HSQ1	85	1307293	1322855	15563	6	123286895	6	141043296	0.4942643977082528	0.0331367103074015	0.4293164455057459	0.5592123499107597	0.4906800621011636	-0.0035843356070892063	0.0035843356070892063	0.10816811849571561	False	False	False	0.48677343342028334	0.49982065992701474	100	200
HSQ1	86	1322856	1338418	15563	6	141045356	6	154018460	0.4942643977082528	0.0331367103074015	0.4293164455057459	0.5592123499107597	0.4938359031132935	-0.00042849459495930553	0.00042849459495930553	0.012931114494597126	False	False	False	0.48677343342028334	0.49982065992701474	100	200
HSQ1	87	1338419	1353981	15563	6	154019185	6	165836786	0.4942643977082528	0.0331367103074015	0.4293164455057459	0.5592123499107597	0.49405581711297647	-0.00020858059527634198	0.00020858059527634198	0.0062945474472688645	False	False	False	0.48677343342028334	0.49982065992701474	100	200
HSQ1	88	1353982	1369544	15563	6	165836946	7	4401934	0.4942643977082528	0.0331367103074015	0.4293164455057459	0.5592123499107597	0.4945902464671308	0.00032584875887797793	0.00032584875887797793	0.00983346734950921	False	False	False	0.48677343342028334	0.49982065992701474	100	200
HSQ1	89	1369545	1385107	15563	7	4401983	7	13645738	0.4942643977082528	0.0331367103074015	0.4293164455057459	0.5592123499107597	0.4962302984317658	0.001965900723512992	0.001965900723512992	0.059326973174940775	False	False	False	0.48677343342028334	0.49982065992701474	100	200
HSQ1	90	1385108	1400670	15563	7	13645763	7	24558250	0.4942643977082528	0.0331367103074015	0.4293164455057459	0.5592123499107597	0.49140050812816083	-0.002863889580091983	0.002863889580091983	0.08642649054551131	False	False	False	0.48677343342028334	0.49982065992701474	100	200
HSQ1	91	1400671	1416233	15563	7	24560690	7	36885381	0.4942643977082528	0.0331367103074015	0.4293164455057459	0.5592123499107597	0.49742281024283497	0.0031584125345821557	0.0031584125345821557	0.09531460743333608	False	False	False	0.48677343342028334	0.49982065992701474	100	200
HSQ1	92	1416234	1431796	15563	7	36885782	7	48723412	0.4942643977082528	0.0331367103074015	0.4293164455057459	0.5592123499107597	0.4956988065297804	0.0014344088215275663	0.0014344088215275663	0.04328760484130415	False	False	False	0.48677343342028334	0.49982065992701474	100	200
HSQ1	93	1431797	1447359	15563	7	48723560	7	57700234	0.4942643977082528	0.0331367103074015	0.4293164455057459	0.5592123499107597	0.4927164699636441	-0.0015479277446087125	0.0015479277446087125	0.04671338012279883	False	False	False	0.48677343342028334	0.49982065992701474	100	200
HSQ1	94	1447360	1462922	15563	7	57701145	7	73903036	0.4942643977082528	0.0331367103074015	0.4293164455057459	0.5592123499107597	0.4958974658701234	0.0016330681618705878	0.0016330681618705878	0.04928274855050477	False	False	False	0.48677343342028334	0.49982065992701474	100	200
HSQ1	95	1462923	1478485	15563	7	73903312	7	88824027	0.4942643977082528	0.0331367103074015	0.4293164455057459	0.5592123499107597	0.49488690928839213	0.0006225115801393177	0.0006225115801393177	0.018786161159765818	False	False	False	0.48677343342028334	0.49982065992701474	100	200
HSQ1	96	1478486	1494048	15563	7	88824196	7	104295174	0.4942643977082528	0.0331367103074015	0.4293164455057459	0.5592123499107597	0.49481961871127533	0.0005552210030225213	0.0005552210030225213	0.016755465399910435	False	False	False	0.48677343342028334	0.49982065992701474	100	200
HSQ1	97	1494049	1509611	15563	7	104295232	7	122892339	0.4942643977082528	0.0331367103074015	0.4293164455057459	0.5592123499107597	0.4981409635149963	0.003876565806743504	0.003876565806743504	0.11698704460344768	False	False	False	0.48677343342028334	0.49982065992701474	100	200
HSQ1	98	1509612	1525174	15563	7	122893897	7	137871149	0.4942643977082528	0.0331367103074015	0.4293164455057459	0.5592123499107597	0.49516155078866564	0.0008971530804128269	0.0008971530804128269	0.027074295308440334	False	False	False	0.48677343342028334	0.49982065992701474	100	200
HSQ1	99	1525175	1540737	15563	7	137872583	7	152902954	0.4942643977082528	0.0331367103074015	0.4293164455057459	0.5592123499107597	0.49403785665062905	-0.00022654105762376364	0.00022654105762376364	0.006836558473131319	False	False	False	0.48677343342028334	0.49982065992701474	100	200
HSQ1	100	1540738	1556300	15563	7	152905314	8	2832494	0.4942643977082528	0.0331367103074015	0.4293164455057459	0.5592123499107597	0.48677343342028334	-0.0074909642879694704	0.0074909642879694704	0.2260624008381505	False	False	False	0.48677343342028334	0.49982065992701474	100	200
HSQ1	101	1556301	1571863	15563	8	2833794	8	10353290	0.4942643977082528	0.0331367103074015	0.4293164455057459	0.5592123499107597	0.4944449114273541	0.00018051371910127179	0.00018051371910127179	0.0054475449562339864	False	False	False	0.48677343342028334	0.49982065992701474	100	200
HSQ1	102	1571864	1587426	15563	8	10353295	8	19885726	0.4942643977082528	0.0331367103074015	0.4293164455057459	0.5592123499107597	0.49207060558808013	-0.0021937921201726773	0.0021937921201726773	0.06620428219401932	False	False	False	0.48677343342028334	0.49982065992701474	100	200
HSQ1	103	1587427	1602989	15563	8	19885934	8	33294410	0.4942643977082528	0.0331367103074015	0.4293164455057459	0.5592123499107597	0.49478903982671196	0.000524642118459151	0.000524642118459151	0.015832655492719977	False	False	False	0.48677343342028334	0.49982065992701474	100	200
HSQ1	104	1602990	1618552	15563	8	33294599	8	55428780	0.4942643977082528	0.0331367103074015	0.4293164455057459	0.5592123499107597	0.49433732157347887	7.292386522605998e-05	7.292386522605998e-05	0.0022006971889955993	False	False	False	0.48677343342028334	0.49982065992701474	100	200
HSQ1	105	1618553	1634115	15563	8	55429439	8	70023319	0.4942643977082528	0.0331367103074015	0.4293164455057459	0.5592123499107597	0.49156695970340614	-0.002697438004846675	0.002697438004846675	0.08140331311778311	False	False	False	0.48677343342028334	0.49982065992701474	100	200
HSQ1	106	1634116	1649678	15563	8	70025994	8	84328920	0.4942643977082528	0.0331367103074015	0.4293164455057459	0.5592123499107597	0.495441416802995	0.0011770190947422154	0.0011770190947422154	0.03552009489847619	False	False	False	0.48677343342028334	0.49982065992701474	100	200
HSQ1	107	1649679	1665241	15563	8	84330065	8	101674931	0.4942643977082528	0.0331367103074015	0.4293164455057459	0.5592123499107597	0.4927084008281556	-0.0015559968800972213	0.0015559968800972213	0.04695689058034436	False	False	False	0.48677343342028334	0.49982065992701474	100	200
HSQ1	108	1665242	1680804	15563	8	101675010	8	116980396	0.4942643977082528	0.0331367103074015	0.4293164455057459	0.5592123499107597	0.4931927894945965	-0.0010716082136563165	0.0010716082136563165	0.032339004195505776	False	False	False	0.48677343342028334	0.49982065992701474	100	200
HSQ1	109	1680805	1696367	15563	8	116980929	8	130480557	0.4942643977082528	0.0331367103074015	0.4293164455057459	0.5592123499107597	0.4928823229766711	-0.001382074731581695	0.001382074731581695	0.04170826611213097	False	False	False	0.48677343342028334	0.49982065992701474	100	200
HSQ1	110	1696368	1711930	15563	8	130480641	8	142628372	0.4942643977082528	0.0331367103074015	0.4293164455057459	0.5592123499107597	0.49435395126395376	8.95535557009497e-05	8.95535557009497e-05	0.0027025481669780234	False	False	False	0.48677343342028334	0.49982065992701474	100	200
HSQ1	111	1711931	1727493	15563	8	142629143	9	7924256	0.4942643977082528	0.0331367103074015	0.4293164455057459	0.5592123499107597	0.4933132357204971	-0.0009511619877556887	0.0009511619877556887	0.028704176695030427	False	False	False	0.48677343342028334	0.49982065992701474	100	200
HSQ1	112	1727494	1743056	15563	9	7925381	9	19011141	0.4942643977082528	0.0331367103074015	0.4293164455057459	0.5592123499107597	0.49499632052035486	0.0007319228121020482	0.0007319228121020482	0.022087974494515952	False	False	False	0.48677343342028334	0.49982065992701474	100	200
HSQ1	113	1743057	1758619	15563	9	19011300	9	31376645	0.4942643977082528	0.0331367103074015	0.4293164455057459	0.5592123499107597	0.4956990691917387	0.001434671483485861	0.001434671483485861	0.043295531456706164	False	False	False	0.48677343342028334	0.49982065992701474	100	200
HSQ1	114	1758620	1774182	15563	9	31377848	9	76598874	0.4942643977082528	0.0331367103074015	0.4293164455057459	0.5592123499107597	0.49262174589422286	-0.0016426518140299495	0.0016426518140299495	0.04957196410843	False	False	False	0.48677343342028334	0.49982065992701474	100	200
HSQ1	115	1774183	1789745	15563	9	76599091	9	89129213	0.4942643977082528	0.0331367103074015	0.4293164455057459	0.5592123499107597	0.49092236076698764	-0.0033420369412651696	0.0033420369412651696	0.10085602675286338	False	False	False	0.48677343342028334	0.49982065992701474	100	200
HSQ1	116	1789746	1805308	15563	9	89129608	9	101821883	0.4942643977082528	0.0331367103074015	0.4293164455057459	0.5592123499107597	0.494508765477812	0.00024436776955916173	0.00024436776955916173	0.007374533177621411	False	False	False	0.48677343342028334	0.49982065992701474	100	200
HSQ1	117	1805309	1820871	15563	9	101822220	9	113878799	0.4942643977082528	0.0331367103074015	0.4293164455057459	0.5592123499107597	0.4913289158231051	-0.002935481885147695	0.002935481885147695	0.08858700389736691	False	False	False	0.48677343342028334	0.49982065992701474	100	200
HSQ1	118	1820872	1836434	15563	9	113878895	9	127068176	0.4942643977082528	0.0331367103074015	0.4293164455057459	0.5592123499107597	0.4960385698534975	0.001774172145244668	0.001774172145244668	0.053540986078161906	False	False	False	0.48677343342028334	0.49982065992701474	100	200
HSQ1	119	1836435	1851997	15563	9	127069629	10	767395	0.4942643977082528	0.0331367103074015	0.4293164455057459	0.5592123499107597	0.4905489257499498	-0.0037154719583030182	0.0037154719583030182	0.11212555271285095	False	False	False	0.48677343342028334	0.49982065992701474	100	200
HSQ1	120	1851998	1867560	15563	10	767727	10	10192661	0.4942643977082528	0.0331367103074015	0.4293164455057459	0.5592123499107597	0.49193030045231584	-0.0023340972559369733	0.0023340972559369733	0.07043841208991779	False	False	False	0.48677343342028334	0.49982065992701474	100	200
HSQ1	121	1867561	1883123	15563	10	10192664	10	20542634	0.4942643977082528	0.0331367103074015	0.4293164455057459	0.5592123499107597	0.497338893747612	0.0030744960393591647	0.0030744960393591647	0.09278217453808134	False	False	False	0.48677343342028334	0.49982065992701474	100	200
HSQ1	122	1883124	1898686	15563	10	20543040	10	33730377	0.4942643977082528	0.0331367103074015	0.4293164455057459	0.5592123499107597	0.4957511727150345	0.001486775006781682	0.001486775006781682	0.04486791214303468	False	False	False	0.48677343342028334	0.49982065992701474	100	200
HSQ1	123	1898687	1914249	15563	10	33730883	10	53512766	0.4942643977082528	0.0331367103074015	0.4293164455057459	0.5592123499107597	0.49521156680090206	0.0009471690926492471	0.0009471690926492471	0.028583679063569716	False	False	False	0.48677343342028334	0.49982065992701474	100	200
HSQ1	124	1914250	1929812	15563	10	53512966	10	66559591	0.4942643977082528	0.0331367103074015	0.4293164455057459	0.5592123499107597	0.49389338074879774	-0.00037101695945507274	0.00037101695945507274	0.011196553792251413	False	False	False	0.48677343342028334	0.49982065992701474	100	200
HSQ1	125	1929813	1945375	15563	10	66559785	10	80220985	0.4942643977082528	0.0331367103074015	0.4293164455057459	0.5592123499107597	0.4940571215128863	-0.00020727619536653474	0.00020727619536653474	0.006255183252763537	False	False	False	0.48677343342028334	0.49982065992701474	100	200
HSQ1	126	1945376	1960938	15563	10	80221107	10	92423933	0.4942643977082528	0.0331367103074015	0.4293164455057459	0.5592123499107597	0.49509587037566094	0.0008314726674081285	0.0008314726674081285	0.025092191098475117	False	False	False	0.48677343342028334	0.49982065992701474	100	200
HSQ1	127	1960939	1976501	15563	10	92424342	10	108998976	0.4942643977082528	0.0331367103074015	0.4293164455057459	0.5592123499107597	0.4935179143191838	-0.0007464833890690192	0.0007464833890690192	0.022527383742805718	False	False	False	0.48677343342028334	0.49982065992701474	100	200
HSQ1	128	1976502	1992064	15563	10	108999693	10	122948519	0.4942643977082528	0.0331367103074015	0.4293164455057459	0.5592123499107597	0.49355978239177367	-0.0007046153164791402	0.0007046153164791402	0.0212638885979504	False	False	False	0.48677343342028334	0.49982065992701474	100	200
HSQ1	129	1992065	2007627	15563	10	122949506	10	132618241	0.4942643977082528	0.0331367103074015	0.4293164455057459	0.5592123499107597	0.4934866240660731	-0.0007777736421797354	0.0007777736421797354	0.023471661337667846	False	False	False	0.48677343342028334	0.49982065992701474	100	200
HSQ1	130	2007628	2023190	15563	10	132618278	11	7351799	0.4942643977082528	0.0331367103074015	0.4293164455057459	0.5592123499107597	0.4920692373799431	-0.0021951603283096865	0.0021951603283096865	0.06624557199389132	False	False	False	0.48677343342028334	0.49982065992701474	100	200
HSQ1	131	2023191	2038753	15563	11	7351944	11	20010105	0.4942643977082528	0.0331367103074015	0.4293164455057459	0.5592123499107597	0.4911111980377062	-0.0031531996705466137	0.0031531996705466137	0.09515729356641377	False	False	False	0.48677343342028334	0.49982065992701474	100	200
HSQ1	132	2038754	2054316	15563	11	20010141	11	31871538	0.4942643977082528	0.0331367103074015	0.4293164455057459	0.5592123499107597	0.49524351511227943	0.0009791174040266193	0.0009791174040266193	0.02954781554787957	False	False	False	0.48677343342028334	0.49982065992701474	100	200
HSQ1	133	2054317	2069879	15563	11	31871946	11	45356863	0.4942643977082528	0.0331367103074015	0.4293164455057459	0.5592123499107597	0.4926916305544565	-0.0015727671537963395	0.0015727671537963395	0.04746298408037934	False	False	False	0.48677343342028334	0.49982065992701474	100	200
HSQ1	134	2069880	2085442	15563	11	45357533	11	66344727	0.4942643977082528	0.0331367103074015	0.4293164455057459	0.5592123499107597	0.4921944587330767	-0.0020699389751761	0.0020699389751761	0.06246664065242931	False	False	False	0.48677343342028334	0.49982065992701474	100	200
HSQ1	135	2085443	2101005	15563	11	66354825	11	81221576	0.4942643977082528	0.0331367103074015	0.4293164455057459	0.5592123499107597	0.4918435073990446	-0.0024208903092082235	0.0024208903092082235	0.07305765378488664	False	False	False	0.48677343342028334	0.49982065992701474	100	200
HSQ1	136	2101006	2116568	15563	11	81221742	11	93811663	0.4942643977082528	0.0331367103074015	0.4293164455057459	0.5592123499107597	0.4958642811017092	0.0015998833934564027	0.0015998833934564027	0.04828129825244146	False	False	False	0.48677343342028334	0.49982065992701474	100	200
HSQ1	137	2116569	2132131	15563	11	93812039	11	104483684	0.4942643977082528	0.0331367103074015	0.4293164455057459	0.5592123499107597	0.4958652940334503	0.0016008963251974984	0.0016008963251974984	0.048311866517417035	False	False	False	0.48677343342028334	0.49982065992701474	100	200
HSQ1	138	2132132	2147694	15563	11	104483850	11	118577614	0.4942643977082528	0.0331367103074015	0.4293164455057459	0.5592123499107597	0.49633455997153025	0.002070162263277442	0.002070162263277442	0.06247337904315279	False	False	False	0.48677343342028334	0.49982065992701474	100	200
HSQ1	139	2147695	2163257	15563	11	118577873	11	131030381	0.4942643977082528	0.0331367103074015	0.4293164455057459	0.5592123499107597	0.4925648162230752	-0.0016995814851776259	0.0016995814851776259	0.05128998833653089	False	False	False	0.48677343342028334	0.49982065992701474	100	200
HSQ1	140	2163258	2178820	15563	11	131030628	12	11129433	0.4942643977082528	0.0331367103074015	0.4293164455057459	0.5592123499107597	0.4946901769032993	0.000425779195046494	0.000425779195046494	0.012849169126827622	False	False	False	0.48677343342028334	0.49982065992701474	100	200
HSQ1	141	2178821	2194383	15563	12	11130766	12	24607488	0.4942643977082528	0.0331367103074015	0.4293164455057459	0.5592123499107597	0.4954318173640777	0.0011674196558248973	0.0011674196558248973	0.03523040292759959	False	False	False	0.48677343342028334	0.49982065992701474	100	200
HSQ1	142	2194384	2209946	15563	12	24607950	12	39590941	0.4942643977082528	0.0331367103074015	0.4293164455057459	0.5592123499107597	0.4958754788031161	0.001611081094863298	0.001611081094863298	0.0486192226059158	False	False	False	0.48677343342028334	0.49982065992701474	100	200
HSQ1	143	2209947	2225509	15563	12	39591089	12	53418213	0.4942643977082528	0.0331367103074015	0.4293164455057459	0.5592123499107597	0.4979409688065069	0.003676571098254089	0.003676571098254089	0.11095160213996501	False	False	False	0.48677343342028334	0.49982065992701474	100	200
HSQ1	144	2225510	2241072	15563	12	53418575	12	68399273	0.4942643977082528	0.0331367103074015	0.4293164455057459	0.5592123499107597	0.4980617861405804	0.0037973884323275753	0.0037973884323275753	0.11459762894687169	False	False	False	0.48677343342028334	0.49982065992701474	100	200
HSQ1	145	2241073	2256635	15563	12	68399871	12	83457942	0.4942643977082528	0.0331367103074015	0.4293164455057459	0.5592123499107597	0.49534052596192574	0.0010761282536729255	0.0010761282536729255	0.03247541001173429	False	False	False	0.48677343342028334	0.49982065992701474	100	200
HSQ1	146	2256636	2272198	15563	12	83458058	12	96913156	0.4942643977082528	0.0331367103074015	0.4293164455057459	0.5592123499107597	0.4921615551653109	-0.0021028425429419073	0.0021028425429419073	0.06345960487430194	False	False	False	0.48677343342028334	0.49982065992701474	100	200
HSQ1	147	2272199	2287761	15563	12	96914286	12	112509281	0.4942643977082528	0.0331367103074015	0.4293164455057459	0.5592123499107597	0.49476335812655775	0.000498960418304939	0.000498960418304939	0.015057632869292095	False	False	False	0.48677343342028334	0.49982065992701474	100	200
HSQ1	148	2287762	2303324	15563	12	112515312	12	126571073	0.4942643977082528	0.0331367103074015	0.4293164455057459	0.5592123499107597	0.48964768928367586	-0.004616708424576954	0.004616708424576954	0.13932307648371947	False	False	False	0.48677343342028334	0.49982065992701474	100	200
HSQ1	149	2303325	2318887	15563	12	126571735	13	22821162	0.4942643977082528	0.0331367103074015	0.4293164455057459	0.5592123499107597	0.49481111527772703	0.0005467175694742199	0.0005467175694742199	0.016498848690846165	False	False	False	0.48677343342028334	0.49982065992701474	100	200
HSQ1	150	2318888	2334450	15563	13	22821270	13	33278525	0.4942643977082528	0.0331367103074015	0.4293164455057459	0.5592123499107597	0.49223024789987724	-0.002034149808375574	0.002034149808375574	0.06138659479185599	False	False	False	0.48677343342028334	0.49982065992701474	100	200
HSQ1	151	2334451	2350013	15563	13	33280204	13	46833150	0.4942643977082528	0.0331367103074015	0.4293164455057459	0.5592123499107597	0.4955664377257048	0.0013020400174519886	0.0013020400174519886	0.03929297764845298	False	False	False	0.48677343342028334	0.49982065992701474	100	200
HSQ1	152	2350014	2365576	15563	13	46833218	13	61692090	0.4942643977082528	0.0331367103074015	0.4293164455057459	0.5592123499107597	0.49314285421204546	-0.0011215434962073556	0.0011215434962073556	0.03384595168932158	False	False	False	0.48677343342028334	0.49982065992701474	100	200
HSQ1	153	2365577	2381139	15563	13	61692288	13	74323682	0.4942643977082528	0.0331367103074015	0.4293164455057459	0.5592123499107597	0.4947755260681921	0.0005111283599392724	0.0005111283599392724	0.01542483714278377	False	False	False	0.48677343342028334	0.49982065992701474	100	200
HSQ1	154	2381140	2396702	15563	13	74328404	13	87228925	0.4942643977082528	0.0331367103074015	0.4293164455057459	0.5592123499107597	0.49374590441035204	-0.0005184932979007684	0.0005184932979007684	0.01564709631978635	False	False	False	0.48677343342028334	0.49982065992701474	100	200
HSQ1	155	2396703	2412265	15563	13	87229330	13	100709000	0.4942643977082528	0.0331367103074015	0.4293164455057459	0.5592123499107597	0.49284807337976994	-0.0014163243284828764	0.0014163243284828764	0.04274185081572574	False	False	False	0.48677343342028334	0.49982065992701474	100	200
HSQ1	156	2412266	2427828	15563	13	100711312	13	111624246	0.4942643977082528	0.0331367103074015	0.4293164455057459	0.5592123499107597	0.4942377090715903	-2.6688636662497434e-05	2.6688636662497434e-05	0.0008054099642032418	False	False	False	0.48677343342028334	0.49982065992701474	100	200
HSQ1	157	2427829	2443391	15563	13	111624376	14	28993235	0.4942643977082528	0.0331367103074015	0.4293164455057459	0.5592123499107597	0.4946151698969626	0.00035077218870976923	0.00035077218870976923	0.010585606882992843	False	False	False	0.48677343342028334	0.49982065992701474	100	200
HSQ1	158	2443392	2458954	15563	14	28993586	14	42645947	0.4942643977082528	0.0331367103074015	0.4293164455057459	0.5592123499107597	0.49644380760443113	0.0021794098961783193	0.0021794098961783193	0.06577025528365502	False	False	False	0.48677343342028334	0.49982065992701474	100	200
HSQ1	159	2458955	2474517	15563	14	42646073	14	55999660	0.4942643977082528	0.0331367103074015	0.4293164455057459	0.5592123499107597	0.4894014170492845	-0.004862980658968286	0.004862980658968286	0.1467550826215262	False	False	False	0.48677343342028334	0.49982065992701474	100	200
HSQ1	160	2474518	2490080	15563	14	55999682	14	71859858	0.4942643977082528	0.0331367103074015	0.4293164455057459	0.5592123499107597	0.49598972468841535	0.0017253269801625337	0.0017253269801625337	0.052066936161045546	False	False	False	0.48677343342028334	0.49982065992701474	100	200
HSQ1	161	2490081	2505643	15563	14	71860318	14	84946184	0.4942643977082528	0.0331367103074015	0.4293164455057459	0.5592123499107597	0.49601750057452876	0.0017531028662759462	0.0017531028662759462	0.052905157150870484	False	False	False	0.48677343342028334	0.49982065992701474	100	200
HSQ1	162	2505644	2521206	15563	14	84946396	14	96948604	0.4942643977082528	0.0331367103074015	0.4293164455057459	0.5592123499107597	0.4940687113877753	-0.00019568632047750611	0.00019568632047750611	0.0059054238837280455	False	False	False	0.48677343342028334	0.49982065992701474	100	200
HSQ1	163	2521207	2536769	15563	14	96953484	15	26210930	0.4942643977082528	0.0331367103074015	0.4293164455057459	0.5592123499107597	0.4974169078758165	0.0031525101675636824	0.0031525101675636824	0.09513648573798014	False	False	False	0.48677343342028334	0.49982065992701474	100	200
HSQ1	164	2536770	2552332	15563	15	26211385	15	44081143	0.4942643977082528	0.0331367103074015	0.4293164455057459	0.5592123499107597	0.4901468384704367	-0.004117559237816093	0.004117559237816093	0.12425974695793458	False	False	False	0.48677343342028334	0.49982065992701474	100	200
HSQ1	165	2552333	2567895	15563	15	44082088	15	58655480	0.4942643977082528	0.0331367103074015	0.4293164455057459	0.5592123499107597	0.49616442649611914	0.0019000287878663258	0.0019000287878663258	0.05733908919262666	False	False	False	0.48677343342028334	0.49982065992701474	100	200
HSQ1	166	2567896	2583458	15563	15	58656447	15	74686902	0.4942643977082528	0.0331367103074015	0.4293164455057459	0.5592123499107597	0.4936269172155483	-0.0006374804927045119	0.0006374804927045119	0.019237893164129893	False	False	False	0.48677343342028334	0.49982065992701474	100	200
HSQ1	167	2583459	2599021	15563	15	74687184	15	90325358	0.4942643977082528	0.0331367103074015	0.4293164455057459	0.5592123499107597	0.4929233613896246	-0.001341036318628197	0.001341036318628197	0.0404698084447043	False	False	False	0.48677343342028334	0.49982065992701474	100	200
HSQ1	168	2599022	2614584	15563	15	90326274	15	100798777	0.4942643977082528	0.0331367103074015	0.4293164455057459	0.5592123499107597	0.4954476124049688	0.0011832146967160062	0.0011832146967160062	0.03570706584146708	False	False	False	0.48677343342028334	0.49982065992701474	100	200
HSQ1	169	2614585	2630147	15563	15	100799317	16	8619291	0.4942643977082528	0.0331367103074015	0.4293164455057459	0.5592123499107597	0.4922631087709536	-0.002001288937299228	0.002001288937299228	0.0603949190711371	False	False	False	0.48677343342028334	0.49982065992701474	100	200
HSQ1	170	2630148	2645710	15563	16	8619300	16	23871398	0.4942643977082528	0.0331367103074015	0.4293164455057459	0.5592123499107597	0.4944800263629365	0.00021562865468366388	0.00021562865468366388	0.006507243859855953	False	False	False	0.48677343342028334	0.49982065992701474	100	200
HSQ1	171	2645711	2661273	15563	16	23871621	16	55404630	0.4942643977082528	0.0331367103074015	0.4293164455057459	0.5592123499107597	0.49433455656814107	7.015885988825854e-05	7.015885988825854e-05	0.0021172548281773065	False	False	False	0.48677343342028334	0.49982065992701474	100	200
HSQ1	172	2661274	2676836	15563	16	55404755	16	69468435	0.4942643977082528	0.0331367103074015	0.4293164455057459	0.5592123499107597	0.4939129496654639	-0.0003514480427889155	0.0003514480427889155	0.010606002814661272	False	False	False	0.48677343342028334	0.49982065992701474	100	200
HSQ1	173	2676837	2692399	15563	16	69468842	16	81145135	0.4942643977082528	0.0331367103074015	0.4293164455057459	0.5592123499107597	0.4934843571044129	-0.0007800406038399044	0.0007800406038399044	0.02354007373102672	False	False	False	0.48677343342028334	0.49982065992701474	100	200
HSQ1	174	2692400	2707962	15563	16	81148941	16	89197568	0.4942643977082528	0.0331367103074015	0.4293164455057459	0.5592123499107597	0.4972677834406281	0.0030033857323752966	0.0030033857323752966	0.09063620692922111	False	False	False	0.48677343342028334	0.49982065992701474	100	200
HSQ1	175	2707963	2723525	15563	16	89199108	17	11279638	0.4942643977082528	0.0331367103074015	0.4293164455057459	0.5592123499107597	0.4974231035353356	0.003158705827082775	0.003158705827082775	0.09532345841757377	False	False	False	0.48677343342028334	0.49982065992701474	100	200
HSQ1	176	2723526	2739088	15563	17	11281163	17	31541600	0.4942643977082528	0.0331367103074015	0.4293164455057459	0.5592123499107597	0.4927607190908999	-0.0015036786173528993	0.0015036786173528993	0.04537802948462973	False	False	False	0.48677343342028334	0.49982065992701474	100	200
HSQ1	177	2739089	2754651	15563	17	31541717	17	48701800	0.4942643977082528	0.0331367103074015	0.4293164455057459	0.5592123499107597	0.4960943874635979	0.0018299897553450961	0.0018299897553450961	0.05522545051602014	False	False	False	0.48677343342028334	0.49982065992701474	100	200
HSQ1	178	2754652	2770214	15563	17	48702094	17	66950453	0.4942643977082528	0.0331367103074015	0.4293164455057459	0.5592123499107597	0.4949292256774854	0.000664827969232562	0.000664827969232562	0.02006318560488077	False	False	False	0.48677343342028334	0.49982065992701474	100	200
HSQ1	179	2770215	2785777	15563	17	66950686	17	78712885	0.4942643977082528	0.0331367103074015	0.4293164455057459	0.5592123499107597	0.49369447267548955	-0.0005699250327632632	0.0005699250327632632	0.01719920376754971	False	False	False	0.48677343342028334	0.49982065992701474	100	200
HSQ1	180	2785778	2801340	15563	17	78712990	18	8378718	0.4942643977082528	0.0331367103074015	0.4293164455057459	0.5592123499107597	0.493771706328521	-0.0004926913797317911	0.0004926913797317911	0.01486844575581609	False	False	False	0.48677343342028334	0.49982065992701474	100	200
HSQ1	181	2801341	2816903	15563	18	8378745	18	25131421	0.4942643977082528	0.0331367103074015	0.4293164455057459	0.5592123499107597	0.49767017911552985	0.003405781407277042	0.003405781407277042	0.10277970793366045	False	False	False	0.48677343342028334	0.49982065992701474	100	200
HSQ1	182	2816904	2832466	15563	18	25131805	18	40720680	0.4942643977082528	0.0331367103074015	0.4293164455057459	0.5592123499107597	0.4945153517553066	0.0002509540470537752	0.0002509540470537752	0.0075732939306809065	False	False	False	0.48677343342028334	0.49982065992701474	100	200
HSQ1	183	2832467	2848029	15563	18	40720691	18	53831095	0.4942643977082528	0.0331367103074015	0.4293164455057459	0.5592123499107597	0.4963320969345948	0.002067699226341979	0.002067699226341979	0.06239904948802756	False	False	False	0.48677343342028334	0.49982065992701474	100	200
HSQ1	184	2848030	2863592	15563	18	53831124	18	65408540	0.4942643977082528	0.0331367103074015	0.4293164455057459	0.5592123499107597	0.49131611903539724	-0.0029482786728555754	0.0029482786728555754	0.08897318549442852	False	False	False	0.48677343342028334	0.49982065992701474	100	200
HSQ1	185	2863593	2879155	15563	18	65408831	18	75302838	0.4942643977082528	0.0331367103074015	0.4293164455057459	0.5592123499107597	0.4959348590211951	0.0016704613129422952	0.0016704613129422952	0.05041119946566261	False	False	False	0.48677343342028334	0.49982065992701474	100	200
HSQ1	186	2879156	2894718	15563	18	75302993	19	7963949	0.4942643977082528	0.0331367103074015	0.4293164455057459	0.5592123499107597	0.49198465239750605	-0.0022797453107467613	0.0022797453107467613	0.06879817850348142	False	False	False	0.48677343342028334	0.49982065992701474	100	200
HSQ1	187	2894719	2910281	15563	19	7963976	19	20925318	0.4942643977082528	0.0331367103074015	0.4293164455057459	0.5592123499107597	0.49171837657543865	-0.002546021132814158	0.002546021132814158	0.07683385312528963	False	False	False	0.48677343342028334	0.49982065992701474	100	200
HSQ1	188	2910282	2925844	15563	19	20925352	19	34228538	0.4942643977082528	0.0331367103074015	0.4293164455057459	0.5592123499107597	0.49333243260982007	-0.000931965098432741	0.000931965098432741	0.028124852762604347	False	False	False	0.48677343342028334	0.49982065992701474	100	200
HSQ1	189	2925845	2941407	15563	19	34228547	19	48595415	0.4942643977082528	0.0331367103074015	0.4293164455057459	0.5592123499107597	0.494348151001688	8.375329343518478e-05	8.375329343518478e-05	0.002527507789947315	False	False	False	0.48677343342028334	0.49982065992701474	100	200
HSQ1	190	2941408	2956970	15563	19	48598948	19	58573559	0.4942643977082528	0.0331367103074015	0.4293164455057459	0.5592123499107597	0.4957242672905086	0.0014598695822558017	0.0014598695822558017	0.04405595995235898	False	False	False	0.48677343342028334	0.49982065992701474	100	200
HSQ1	191	2956971	2972533	15563	19	58573649	20	11334115	0.4942643977082528	0.0331367103074015	0.4293164455057459	0.5592123499107597	0.49660361101611467	0.0023392133078618538	0.0023392133078618538	0.07059280435992348	False	False	False	0.48677343342028334	0.49982065992701474	100	200
HSQ1	192	2972534	2988096	15563	20	11334229	20	23350525	0.4942643977082528	0.0331367103074015	0.4293164455057459	0.5592123499107597	0.4934659973839884	-0.0007984003242644255	0.0007984003242644255	0.024094133571433397	False	False	False	0.48677343342028334	0.49982065992701474	100	200
HSQ1	193	2988097	3003659	15563	20	23350790	20	44361759	0.4942643977082528	0.0331367103074015	0.4293164455057459	0.5592123499107597	0.4948045097843678	0.0005401120761149847	0.0005401120761149847	0.016299508041217475	False	False	False	0.48677343342028334	0.49982065992701474	100	200
HSQ1	194	3003660	3019222	15563	20	44363682	20	56790133	0.4942643977082528	0.0331367103074015	0.4293164455057459	0.5592123499107597	0.4934495609474106	-0.000814836760842208	0.000814836760842208	0.02459015253123072	False	False	False	0.48677343342028334	0.49982065992701474	100	200
HSQ1	195	3019223	3034785	15563	20	56790245	21	21313910	0.4942643977082528	0.0331367103074015	0.4293164455057459	0.5592123499107597	0.49414359911203054	-0.00012079859622227129	0.00012079859622227129	0.003645461335831198	False	False	False	0.48677343342028334	0.49982065992701474	100	200
HSQ1	196	3034786	3050348	15563	21	21313911	21	32381039	0.4942643977082528	0.0331367103074015	0.4293164455057459	0.5592123499107597	0.4920394836971507	-0.002224914011102086	0.002224914011102086	0.06714347895316342	False	False	False	0.48677343342028334	0.49982065992701474	100	200
HSQ1	197	3050349	3065911	15563	21	32381162	21	43560383	0.4942643977082528	0.0331367103074015	0.4293164455057459	0.5592123499107597	0.4935477070725454	-0.0007166906357073954	0.0007166906357073954	0.021628297711475408	False	False	False	0.48677343342028334	0.49982065992701474	100	200
HSQ1	198	3065912	3081474	15563	21	43560554	22	25403114	0.4942643977082528	0.0331367103074015	0.4293164455057459	0.5592123499107597	0.4899663366354181	-0.004298061072834702	0.004298061072834702	0.12970693327619418	False	False	False	0.48677343342028334	0.49982065992701474	100	200
HSQ1	199	3081475	3097037	15563	22	25403232	22	38800590	0.4942643977082528	0.0331367103074015	0.4293164455057459	0.5592123499107597	0.4956522168116606	0.0013878191034077947	0.0013878191034077947	0.041881619826872434	False	False	False	0.48677343342028334	0.49982065992701474	100	200
HSQ1	200	3097038	3112573	15536	22	38800842	22	51231220	0.4942643977082528	0.0331367103074015	0.4293164455057459	0.5592123499107597	0.4904202013205547	-0.0038441963876981178	0.0038441963876981178	0.11601019992740402	False	False	False	0.48677343342028334	0.49982065992701474	100	200
HSQ2	1	1	15563	15563	1	734349	1	14148441	0.3788002272521303	0.0198619849704412	0.33987073671006557	0.41772971779419504	0.37417160933051796	-0.0046286179216123435	0.0046286179216123435	0.23303904058434735	False	False	False	0.3714245403249474	0.3814665667035655	53	200
HSQ2	2	15564	31126	15563	1	14148565	1	28311773	0.3788002272521303	0.0198619849704412	0.33987073671006557	0.41772971779419504	0.38029169186943423	0.001491464617303928	0.001491464617303928	0.07509141807948905	False	False	False	0.3714245403249474	0.3814665667035655	53	200
HSQ2	3	31127	46689	15563	1	28312046	1	45739452	0.3788002272521303	0.0198619849704412	0.33987073671006557	0.41772971779419504	0.37942381944797654	0.0006235921958462343	0.0006235921958462343	0.031396267632579036	False	False	False	0.3714245403249474	0.3814665667035655	53	200
HSQ2	4	46690	62252	15563	1	45740701	1	62124897	0.3788002272521303	0.0198619849704412	0.33987073671006557	0.41772971779419504	0.3785047940052876	-0.00029543324684272454	0.00029543324684272454	0.014874306232855941	False	False	False	0.3714245403249474	0.3814665667035655	53	200
HSQ2	5	62253	77815	15563	1	62125490	1	78388269	0.3788002272521303	0.0198619849704412	0.33987073671006557	0.41772971779419504	0.3804208698957644	0.001620642643634096	0.001620642643634096	0.08159520038132907	False	False	False	0.3714245403249474	0.3814665667035655	53	200
HSQ2	6	77816	93378	15563	1	78390390	1	90821175	0.3788002272521303	0.0198619849704412	0.33987073671006557	0.41772971779419504	0.3799842537970875	0.0011840265449571952	0.0011840265449571952	0.05961269967323382	False	False	False	0.3714245403249474	0.3814665667035655	53	200
HSQ2	7	93379	108941	15563	1	90821577	1	105208305	0.3788002272521303	0.0198619849704412	0.33987073671006557	0.41772971779419504	0.3795344713950749	0.0007342441429445956	0.0007342441429445956	0.036967309361944686	False	False	False	0.3714245403249474	0.3814665667035655	53	200
HSQ2	8	108942	124504	15563	1	105208438	1	119907660	0.3788002272521303	0.0198619849704412	0.33987073671006557	0.41772971779419504	0.3803367370447724	0.0015365097926420823	0.0015365097926420823	0.07735932712308116	False	False	False	0.3714245403249474	0.3814665667035655	53	200
HSQ2	9	124505	140067	15563	1	119908304	1	163571924	0.3788002272521303	0.0198619849704412	0.33987073671006557	0.41772971779419504	0.3797434638789992	0.0009432366268689041	0.0009432366268689041	0.047489544890535265	False	False	False	0.3714245403249474	0.3814665667035655	53	200
HSQ2	10	140068	155630	15563	1	163573221	1	178057658	0.3788002272521303	0.0198619849704412	0.33987073671006557	0.41772971779419504	0.3792649468318254	0.00046471957969507205	0.00046471957969507205	0.023397438895793765	False	False	False	0.3714245403249474	0.3814665667035655	53	200
HSQ2	11	155631	171193	15563	1	178057927	1	191147815	0.3788002272521303	0.0198619849704412	0.33987073671006557	0.41772971779419504	0.37931755481082885	0.0005173275586985437	0.0005173275586985437	0.026046115706382603	False	False	False	0.3714245403249474	0.3814665667035655	53	200
HSQ2	12	171194	186756	15563	1	191148108	1	206813737	0.3788002272521303	0.0198619849704412	0.33987073671006557	0.41772971779419504	0.37776361550680054	-0.001036611745329763	0.001036611745329763	0.05219074261069368	False	False	False	0.3714245403249474	0.3814665667035655	53	200
HSQ2	13	186757	202319	15563	1	206817271	1	221044204	0.3788002272521303	0.0198619849704412	0.33987073671006557	0.41772971779419504	0.37756894924931617	-0.0012312780028141401	0.0012312780028141401	0.06199168938283561	False	False	False	0.3714245403249474	0.3814665667035655	53	200
HSQ2	14	202320	217882	15563	1	221044966	1	233237589	0.3788002272521303	0.0198619849704412	0.33987073671006557	0.41772971779419504	0.3802144712387497	0.001414243986619379	0.001414243986619379	0.07120355738482688	False	False	False	0.3714245403249474	0.3814665667035655	53	200
HSQ2	15	217883	233445	15563	1	233237670	1	244392845	0.3788002272521303	0.0198619849704412	0.33987073671006557	0.41772971779419504	0.37951781024154796	0.0007175829894176533	0.0007175829894176533	0.036128463015432113	False	False	False	0.3714245403249474	0.3814665667035655	53	200
HSQ2	16	233446	249008	15563	1	244392878	2	6598379	0.3788002272521303	0.0198619849704412	0.33987073671006557	0.41772971779419504	0.37848685059729414	-0.0003133766548361616	0.0003133766548361616	0.01577771080295005	False	False	False	0.3714245403249474	0.3814665667035655	53	200
HSQ2	17	249009	264571	15563	2	6598529	2	20713697	0.3788002272521303	0.0198619849704412	0.33987073671006557	0.41772971779419504	0.3800777152010705	0.0012774879489401703	0.0012774879489401703	0.06431824164812029	False	False	False	0.3714245403249474	0.3814665667035655	53	200
HSQ2	18	264572	280134	15563	2	20713703	2	37136760	0.3788002272521303	0.0198619849704412	0.33987073671006557	0.41772971779419504	0.3802730692259855	0.0014728419738552212	0.0014728419738552212	0.0741538157463677	False	False	False	0.3714245403249474	0.3814665667035655	53	200
HSQ2	19	280135	295697	15563	2	37138046	2	51191994	0.3788002272521303	0.0198619849704412	0.33987073671006557	0.41772971779419504	0.3794469885831231	0.0006467613309927844	0.0006467613309927844	0.03256277416156044	False	False	False	0.3714245403249474	0.3814665667035655	53	200
HSQ2	20	295698	311260	15563	2	51193859	2	64552357	0.3788002272521303	0.0198619849704412	0.33987073671006557	0.41772971779419504	0.37767523932935876	-0.0011249879227715476	0.0011249879227715476	0.05664025647213839	False	False	False	0.3714245403249474	0.3814665667035655	53	200
HSQ2	21	311261	326823	15563	2	64553247	2	78963044	0.3788002272521303	0.0198619849704412	0.33987073671006557	0.41772971779419504	0.38074501389305404	0.0019447866409237347	0.0019447866409237347	0.0979150192600581	False	False	False	0.3714245403249474	0.3814665667035655	53	200
HSQ2	22	326824	342386	15563	2	78963673	2	104422349	0.3788002272521303	0.0198619849704412	0.33987073671006557	0.41772971779419504	0.37857483063559644	-0.00022539661653386833	0.00022539661653386833	0.011348141531136278	False	False	False	0.3714245403249474	0.3814665667035655	53	200
HSQ2	23	342387	357949	15563	2	104422882	2	121309759	0.3788002272521303	0.0198619849704412	0.33987073671006557	0.41772971779419504	0.3809698439593827	0.0021696167072524086	0.0021696167072524086	0.10923463644148626	False	False	False	0.3714245403249474	0.3814665667035655	53	200
HSQ2	24	357950	373512	15563	2	121309778	2	137101277	0.3788002272521303	0.0198619849704412	0.33987073671006557	0.41772971779419504	0.37949832779625103	0.0006981005441207278	0.0006981005441207278	0.03514757186452652	False	False	False	0.3714245403249474	0.3814665667035655	53	200
HSQ2	25	373513	389075	15563	2	137101357	2	151539581	0.3788002272521303	0.0198619849704412	0.33987073671006557	0.41772971779419504	0.37662207360065425	-0.0021781536514760558	0.0021781536514760558	0.10966444968705824	False	False	False	0.3714245403249474	0.3814665667035655	53	200
HSQ2	26	389076	404638	15563	2	151539798	2	167351483	0.3788002272521303	0.0198619849704412	0.33987073671006557	0.41772971779419504	0.379747445016936	0.000947217764805719	0.000947217764805719	0.04768998497458223	False	False	False	0.3714245403249474	0.3814665667035655	53	200
HSQ2	27	404639	420201	15563	2	167352464	2	181570507	0.3788002272521303	0.0198619849704412	0.33987073671006557	0.41772971779419504	0.3776777177252592	-0.001122509526871096	0.001122509526871096	0.056515475595295524	False	False	False	0.3714245403249474	0.3814665667035655	53	200
HSQ2	28	420202	435764	15563	2	181571918	2	198083833	0.3788002272521303	0.0198619849704412	0.33987073671006557	0.41772971779419504	0.37781379209965027	-0.0009864351524800363	0.0009864351524800363	0.04966447985677458	False	False	False	0.3714245403249474	0.3814665667035655	53	200
HSQ2	29	435765	451327	15563	2	198084218	2	216858592	0.3788002272521303	0.0198619849704412	0.33987073671006557	0.41772971779419504	0.37871188535793865	-8.834189419165694e-05	8.834189419165694e-05	0.0044477877877326065	False	False	False	0.3714245403249474	0.3814665667035655	53	200
HSQ2	30	451328	466890	15563	2	216858824	2	230271780	0.3788002272521303	0.0198619849704412	0.33987073671006557	0.41772971779419504	0.37750861466639773	-0.001291612585732571	0.001291612585732571	0.06502938088286551	False	False	False	0.3714245403249474	0.3814665667035655	53	200
HSQ2	31	466891	482453	15563	2	230272648	2	241484072	0.3788002272521303	0.0198619849704412	0.33987073671006557	0.41772971779419504	0.37367081015275055	-0.005129417099379752	0.005129417099379752	0.25825299470387275	False	False	False	0.3714245403249474	0.3814665667035655	53	200
HSQ2	32	482454	498016	15563	2	241485268	3	8016833	0.3788002272521303	0.0198619849704412	0.33987073671006557	0.41772971779419504	0.3796458658682116	0.000845638616081279	0.000845638616081279	0.04257573537286262	False	False	False	0.3714245403249474	0.3814665667035655	53	200
HSQ2	33	498017	513579	15563	3	8016955	3	21340533	0.3788002272521303	0.0198619849704412	0.33987073671006557	0.41772971779419504	0.38022411212964174	0.0014238848775114388	0.0014238848775114388	0.07168895151368196	False	False	False	0.3714245403249474	0.3814665667035655	53	200
HSQ2	34	513580	529142	15563	3	21340863	3	31813629	0.3788002272521303	0.0198619849704412	0.33987073671006557	0.41772971779419504	0.3780842252519746	-0.0007160020001557021	0.0007160020001557021	0.03604886426111304	False	False	False	0.3714245403249474	0.3814665667035655	53	200
HSQ2	35	529143	544705	15563	3	31814685	3	46662428	0.3788002272521303	0.0198619849704412	0.33987073671006557	0.41772971779419504	0.3796269271317453	0.0008266998796149783	0.0008266998796149783	0.04162221856704056	False	False	False	0.3714245403249474	0.3814665667035655	53	200
HSQ2	36	544706	560268	15563	3	46662736	3	63661117	0.3788002272521303	0.0198619849704412	0.33987073671006557	0.41772971779419504	0.3792712636958784	0.0004710364437480741	0.0004710364437480741	0.02371547679897428	False	False	False	0.3714245403249474	0.3814665667035655	53	200
HSQ2	37	560269	575831	15563	3	63661629	3	77099218	0.3788002272521303	0.0198619849704412	0.33987073671006557	0.41772971779419504	0.3797448513154689	0.0009446240633386171	0.0009446240633386171	0.047559398758201456	False	False	False	0.3714245403249474	0.3814665667035655	53	200
HSQ2	38	575832	591394	15563	3	77099267	3	95430903	0.3788002272521303	0.0198619849704412	0.33987073671006557	0.41772971779419504	0.37979910014854723	0.0009988728964169247	0.0009988728964169247	0.05029068836289309	False	False	False	0.3714245403249474	0.3814665667035655	53	200
HSQ2	39	591395	606957	15563	3	95431652	3	108897123	0.3788002272521303	0.0198619849704412	0.33987073671006557	0.41772971779419504	0.37900326786270977	0.00020304061057946354	0.00020304061057946354	0.010222573971414768	False	False	False	0.3714245403249474	0.3814665667035655	53	200
HSQ2	40	606958	622520	15563	3	108897541	3	122443054	0.3788002272521303	0.0198619849704412	0.33987073671006557	0.41772971779419504	0.37874924181340164	-5.09854387286679e-05	5.09854387286679e-05	0.002566986069345281	False	False	False	0.3714245403249474	0.3814665667035655	53	200
HSQ2	41	622521	638083	15563	3	122443946	3	135656738	0.3788002272521303	0.0198619849704412	0.33987073671006557	0.41772971779419504	0.3776605401854336	-0.001139687066696704	0.001139687066696704	0.05738032066748603	False	False	False	0.3714245403249474	0.3814665667035655	53	200
HSQ2	42	638084	653646	15563	3	135657414	3	150151120	0.3788002272521303	0.0198619849704412	0.33987073671006557	0.41772971779419504	0.37903497644974116	0.00023474919761085067	0.00023474919761085067	0.01181902000027725	False	False	False	0.3714245403249474	0.3814665667035655	53	200
HSQ2	43	653647	669209	15563	3	150151697	3	162739273	0.3788002272521303	0.0198619849704412	0.33987073671006557	0.41772971779419504	0.37987040212484685	0.001070174872716545	0.001070174872716545	0.05388055998980916	False	False	False	0.3714245403249474	0.3814665667035655	53	200
HSQ2	44	669210	684772	15563	3	162739768	3	176246068	0.3788002272521303	0.0198619849704412	0.33987073671006557	0.41772971779419504	0.37787541550713105	-0.0009248117449992543	0.0009248117449992543	0.04656189934568817	False	False	False	0.3714245403249474	0.3814665667035655	53	200
HSQ2	45	684773	700335	15563	3	176246528	3	190250499	0.3788002272521303	0.0198619849704412	0.33987073671006557	0.41772971779419504	0.37768252173827144	-0.0011177055138588687	0.0011177055138588687	0.05627360586176301	False	False	False	0.3714245403249474	0.3814665667035655	53	200
HSQ2	46	700336	715898	15563	3	190252635	4	4180841	0.3788002272521303	0.0198619849704412	0.33987073671006557	0.41772971779419504	0.3809840301706553	0.0021838029185249908	0.0021838029185249908	0.10994887579337854	False	False	False	0.3714245403249474	0.3814665667035655	53	200
HSQ2	47	715899	731461	15563	4	4180886	4	14491265	0.3788002272521303	0.0198619849704412	0.33987073671006557	0.41772971779419504	0.37954339248170454	0.0007431652295742386	0.0007431652295742386	0.037416463192386076	False	False	False	0.3714245403249474	0.3814665667035655	53	200
HSQ2	48	731462	747024	15563	4	14491446	4	26065536	0.3788002272521303	0.0198619849704412	0.33987073671006557	0.41772971779419504	0.38043259101615273	0.0016323637640224264	0.0016323637640224264	0.08218532872981861	False	False	False	0.3714245403249474	0.3814665667035655	53	200
HSQ2	49	747025	762587	15563	4	26065733	4	38197669	0.3788002272521303	0.0198619849704412	0.33987073671006557	0.41772971779419504	0.37960072068551	0.0008004934333796787	0.0008004934333796787	0.04030279121502613	False	False	False	0.3714245403249474	0.3814665667035655	53	200
HSQ2	50	762588	778150	15563	4	38197920	4	55620606	0.3788002272521303	0.0198619849704412	0.33987073671006557	0.41772971779419504	0.3756070938784222	-0.003193133373708079	0.003193133373708079	0.160766075417947	False	False	False	0.3714245403249474	0.3814665667035655	53	200
HSQ2	51	778151	793713	15563	4	55620867	4	66414095	0.3788002272521303	0.0198619849704412	0.33987073671006557	0.41772971779419504	0.3781755602745456	-0.0006246669775847313	0.0006246669775847313	0.03145038013644492	False	False	False	0.3714245403249474	0.3814665667035655	53	200
HSQ2	52	793714	809276	15563	4	66414681	4	79300180	0.3788002272521303	0.0198619849704412	0.33987073671006557	0.41772971779419504	0.3787108485127329	-8.937873939740548e-05	8.937873939740548e-05	0.004499990284476592	False	False	False	0.3714245403249474	0.3814665667035655	53	200
HSQ2	53	809277	824839	15563	4	79300355	4	95707791	0.3788002272521303	0.0198619849704412	0.33987073671006557	0.41772971779419504	0.3714245403249474	-0.0073756869271828784	0.0073756869271828784	0.3713469191603683	False	False	False	0.3714245403249474	0.3814665667035655	53	200
HSQ2	54	824840	840402	15563	4	95708358	4	111420577	0.3788002272521303	0.0198619849704412	0.33987073671006557	0.41772971779419504	0.3793329129431615	0.0005326856910312094	0.0005326856910312094	0.026819358277833636	False	False	False	0.3714245403249474	0.3814665667035655	53	200
HSQ2	55	840403	855965	15563	4	111421776	4	122952215	0.3788002272521303	0.0198619849704412	0.33987073671006557	0.41772971779419504	0.3786570806605185	-0.000143146591611798	0.000143146591611798	0.007207063736319917	False	False	False	0.3714245403249474	0.3814665667035655	53	200
HSQ2	56	855966	871528	15563	4	122952241	4	135372682	0.3788002272521303	0.0198619849704412	0.33987073671006557	0.41772971779419504	0.37846222317423556	-0.00033800407789474907	0.00033800407789474907	0.017017638387994454	False	False	False	0.3714245403249474	0.3814665667035655	53	200
HSQ2	57	871529	887091	15563	4	135373049	4	149492755	0.3788002272521303	0.0198619849704412	0.33987073671006557	0.41772971779419504	0.37913573329808553	0.00033550604595522504	0.00033550604595522504	0.01689186888694803	False	False	False	0.3714245403249474	0.3814665667035655	53	200
HSQ2	58	887092	902654	15563	4	149493045	4	162934006	0.3788002272521303	0.0198619849704412	0.33987073671006557	0.41772971779419504	0.37984580990117683	0.001045582649046528	0.001045582649046528	0.05264240460369769	False	False	False	0.3714245403249474	0.3814665667035655	53	200
HSQ2	59	902655	918217	15563	4	162934057	4	176825687	0.3788002272521303	0.0198619849704412	0.33987073671006557	0.41772971779419504	0.3788431339604855	4.290670835521704e-05	4.290670835521704e-05	0.0021602427158751367	False	False	False	0.3714245403249474	0.3814665667035655	53	200
HSQ2	60	918218	933780	15563	4	176828699	4	186410627	0.3788002272521303	0.0198619849704412	0.33987073671006557	0.41772971779419504	0.378580122773323	-0.00022010447880732587	0.00022010447880732587	0.011081695970210808	False	False	False	0.3714245403249474	0.3814665667035655	53	200
HSQ2	61	933781	949343	15563	4	186410731	5	4725242	0.3788002272521303	0.0198619849704412	0.33987073671006557	0.41772971779419504	0.37791142279010537	-0.0008888044620249391	0.0008888044620249391	0.04474902500166356	False	False	False	0.3714245403249474	0.3814665667035655	53	200
HSQ2	62	949344	964906	15563	5	4725595	5	16684109	0.3788002272521303	0.0198619849704412	0.33987073671006557	0.41772971779419504	0.3789090568215576	0.00010882956942731559	0.00010882956942731559	0.005479289687776767	False	False	False	0.3714245403249474	0.3814665667035655	53	200
HSQ2	63	964907	980469	15563	5	16684597	5	29758199	0.3788002272521303	0.0198619849704412	0.33987073671006557	0.41772971779419504	0.3786589445365121	-0.00014128271561819616	0.00014128271561819616	0.007113222360627827	False	False	False	0.3714245403249474	0.3814665667035655	53	200
HSQ2	64	980470	996032	15563	5	29758510	5	43233397	0.3788002272521303	0.0198619849704412	0.33987073671006557	0.41772971779419504	0.37949377399879103	0.0006935467466607226	0.0006935467466607226	0.0349182998422799	False	False	False	0.3714245403249474	0.3814665667035655	53	200
HSQ2	65	996033	1011595	15563	5	43237748	5	58986312	0.3788002272521303	0.0198619849704412	0.33987073671006557	0.41772971779419504	0.3798773774566098	0.0010771502044795156	0.0010771502044795156	0.054231750053307416	False	False	False	0.3714245403249474	0.3814665667035655	53	200
HSQ2	66	1011596	1027158	15563	5	58986989	5	76161368	0.3788002272521303	0.0198619849704412	0.33987073671006557	0.41772971779419504	0.3803683343425836	0.0015681070904532968	0.0015681070904532968	0.07895017002514951	False	False	False	0.3714245403249474	0.3814665667035655	53	200
HSQ2	67	1027159	1042721	15563	5	76163520	5	91832191	0.3788002272521303	0.0198619849704412	0.33987073671006557	0.41772971779419504	0.37823896863571227	-0.0005612586164180366	0.0005612586164180366	0.028257931785433694	False	False	False	0.3714245403249474	0.3814665667035655	53	200
HSQ2	68	1042722	1058284	15563	5	91832192	5	107021498	0.3788002272521303	0.0198619849704412	0.33987073671006557	0.41772971779419504	0.37971487560331907	0.0009146483511887626	0.0009146483511887626	0.04605019853503823	False	False	False	0.3714245403249474	0.3814665667035655	53	200
HSQ2	69	1058285	1073847	15563	5	107022017	5	121023412	0.3788002272521303	0.0198619849704412	0.33987073671006557	0.41772971779419504	0.3808010509670638	0.002000823714933486	0.002000823714933486	0.10073634220905572	False	False	False	0.3714245403249474	0.3814665667035655	53	200
HSQ2	70	1073848	1089410	15563	5	121023551	5	135185565	0.3788002272521303	0.0198619849704412	0.33987073671006557	0.41772971779419504	0.38083607666106256	0.0020358494089322554	0.0020358494089322554	0.10249979606580241	False	False	False	0.3714245403249474	0.3814665667035655	53	200
HSQ2	71	1089411	1104973	15563	5	135185569	5	150955163	0.3788002272521303	0.0198619849704412	0.33987073671006557	0.41772971779419504	0.3785336158448162	-0.00026661140731409905	0.00026661140731409905	0.013423200536646904	False	False	False	0.3714245403249474	0.3814665667035655	53	200
HSQ2	72	1104974	1120536	15563	5	150955282	5	164512265	0.3788002272521303	0.0198619849704412	0.33987073671006557	0.41772971779419504	0.37977911085310617	0.0009788836009758661	0.0009788836009758661	0.04928427860723137	False	False	False	0.3714245403249474	0.3814665667035655	53	200
HSQ2	73	1120537	1136099	15563	5	164512291	5	178194492	0.3788002272521303	0.0198619849704412	0.33987073671006557	0.41772971779419504	0.3787296606686785	-7.056658345178102e-05	7.056658345178102e-05	0.003552846483208949	False	False	False	0.3714245403249474	0.3814665667035655	53	200
HSQ2	74	1136100	1151662	15563	5	178194562	6	8492776	0.3788002272521303	0.0198619849704412	0.33987073671006557	0.41772971779419504	0.37731474055999603	-0.0014854866921342746	0.0014854866921342746	0.07479044487975349	False	False	False	0.3714245403249474	0.3814665667035655	53	200
HSQ2	75	1151663	1167225	15563	6	8493757	6	21204822	0.3788002272521303	0.0198619849704412	0.33987073671006557	0.41772971779419504	0.3781329765862631	-0.0006672506658672028	0.0006672506658672028	0.03359435962015941	False	False	False	0.3714245403249474	0.3814665667035655	53	200
HSQ2	76	1167226	1182788	15563	6	21205877	6	30361480	0.3788002272521303	0.0198619849704412	0.33987073671006557	0.41772971779419504	0.37844190113876475	-0.0003583261133655591	0.0003583261133655591	0.01804080075072172	False	False	False	0.3714245403249474	0.3814665667035655	53	200
HSQ2	77	1182789	1198351	15563	6	30361608	6	33203688	0.3788002272521303	0.0198619849704412	0.33987073671006557	0.41772971779419504	0.37893386853626676	0.00013364128413645426	0.00013364128413645426	0.006728495884743672	False	False	False	0.3714245403249474	0.3814665667035655	53	200
HSQ2	78	1198352	1213914	15563	6	33203908	6	46017626	0.3788002272521303	0.0198619849704412	0.33987073671006557	0.41772971779419504	0.37947457923783284	0.0006743519857025371	0.0006743519857025371	0.03395189285995908	False	False	False	0.3714245403249474	0.3814665667035655	53	200
HSQ2	79	1213915	1229477	15563	6	46018287	6	62472864	0.3788002272521303	0.0198619849704412	0.33987073671006557	0.41772971779419504	0.3786747643334037	-0.0001254629187266154	0.0001254629187266154	0.006316736162741567	False	False	False	0.3714245403249474	0.3814665667035655	53	200
HSQ2	80	1229478	1245040	15563	6	62474097	6	73591559	0.3788002272521303	0.0198619849704412	0.33987073671006557	0.41772971779419504	0.3775835851707765	-0.0012166420813538026	0.0012166420813538026	0.06125480827643467	False	False	False	0.3714245403249474	0.3814665667035655	53	200
HSQ2	81	1245041	1260603	15563	6	73591660	6	84931878	0.3788002272521303	0.0198619849704412	0.33987073671006557	0.41772971779419504	0.38005117437466274	0.001250947122532431	0.001250947122532431	0.0629819791120627	False	False	False	0.3714245403249474	0.3814665667035655	53	200
HSQ2	82	1260604	1276166	15563	6	84935441	6	97778185	0.3788002272521303	0.0198619849704412	0.33987073671006557	0.41772971779419504	0.3796514782209782	0.0008512509688479164	0.0008512509688479164	0.0428583029397493	False	False	False	0.3714245403249474	0.3814665667035655	53	200
HSQ2	83	1276167	1291729	15563	6	97778418	6	110461062	0.3788002272521303	0.0198619849704412	0.33987073671006557	0.41772971779419504	0.37840743199870425	-0.00039279525342605925	0.00039279525342605925	0.01977623354416092	False	False	False	0.3714245403249474	0.3814665667035655	53	200
HSQ2	84	1291730	1307292	15563	6	110461195	6	123286751	0.3788002272521303	0.0198619849704412	0.33987073671006557	0.41772971779419504	0.37646187339781617	-0.0023383538543141347	0.0023383538543141347	0.11773011900845237	False	False	False	0.3714245403249474	0.3814665667035655	53	200
HSQ2	85	1307293	1322855	15563	6	123286895	6	141043296	0.3788002272521303	0.0198619849704412	0.33987073671006557	0.41772971779419504	0.3814665667035655	0.0026663394514351846	0.0026663394514351846	0.13424335258551737	False	False	False	0.3714245403249474	0.3814665667035655	53	200
HSQ2	86	1322856	1338418	15563	6	141045356	6	154018460	0.3788002272521303	0.0198619849704412	0.33987073671006557	0.41772971779419504	0.3799395177017688	0.0011392904496385081	0.0011392904496385081	0.05736035201587411	False	False	False	0.3714245403249474	0.3814665667035655	53	200
HSQ2	87	1338419	1353981	15563	6	154019185	6	165836786	0.3788002272521303	0.0198619849704412	0.33987073671006557	0.41772971779419504	0.3789522549963503	0.00015202774422001797	0.00015202774422001797	0.007654206991207935	False	False	False	0.3714245403249474	0.3814665667035655	53	200
HSQ2	88	1353982	1369544	15563	6	165836946	7	4401934	0.3788002272521303	0.0198619849704412	0.33987073671006557	0.41772971779419504	0.3795848979789128	0.0007846707267825104	0.0007846707267825104	0.03950615852092654	False	False	False	0.3714245403249474	0.3814665667035655	53	200
HSQ2	89	1369545	1385107	15563	7	4401983	7	13645738	0.3788002272521303	0.0198619849704412	0.33987073671006557	0.41772971779419504	0.37991206447872583	0.0011118372265955245	0.0011118372265955245	0.05597815264940396	False	False	False	0.3714245403249474	0.3814665667035655	53	200
HSQ2	90	1385108	1400670	15563	7	13645763	7	24558250	0.3788002272521303	0.0198619849704412	0.33987073671006557	0.41772971779419504	0.3782743389348364	-0.0005258883172938877	0.0005258883172938877	0.026477127944488928	False	False	False	0.3714245403249474	0.3814665667035655	53	200
HSQ2	91	1400671	1416233	15563	7	24560690	7	36885381	0.3788002272521303	0.0198619849704412	0.33987073671006557	0.41772971779419504	0.38109610643164243	0.002295879179512128	0.002295879179512128	0.11559162807387469	False	False	False	0.3714245403249474	0.3814665667035655	53	200
HSQ2	92	1416234	1431796	15563	7	36885782	7	48723412	0.3788002272521303	0.0198619849704412	0.33987073671006557	0.41772971779419504	0.38029056302680675	0.0014903357746764434	0.0014903357746764434	0.0750345837485214	False	False	False	0.3714245403249474	0.3814665667035655	53	200
HSQ2	93	1431797	1447359	15563	7	48723560	7	57700234	0.3788002272521303	0.0198619849704412	0.33987073671006557	0.41772971779419504	0.37944195186298685	0.0006417246108565422	0.0006417246108565422	0.03230918822119557	False	False	False	0.3714245403249474	0.3814665667035655	53	200
HSQ2	94	1447360	1462922	15563	7	57701145	7	73903036	0.3788002272521303	0.0198619849704412	0.33987073671006557	0.41772971779419504	0.3778583978968713	-0.000941829355258994	0.000941829355258994	0.047418692374434565	False	False	False	0.3714245403249474	0.3814665667035655	53	200
HSQ2	95	1462923	1478485	15563	7	73903312	7	88824027	0.3788002272521303	0.0198619849704412	0.33987073671006557	0.41772971779419504	0.37810706662130245	-0.0006931606308278604	0.0006931606308278604	0.03489885990042933	False	False	False	0.3714245403249474	0.3814665667035655	53	200
HSQ2	96	1478486	1494048	15563	7	88824196	7	104295174	0.3788002272521303	0.0198619849704412	0.33987073671006557	0.41772971779419504	0.3791893950696711	0.0003891678175407809	0.0003891678175407809	0.01959360145121166	False	False	False	0.3714245403249474	0.3814665667035655	53	200
HSQ2	97	1494049	1509611	15563	7	104295232	7	122892339	0.3788002272521303	0.0198619849704412	0.33987073671006557	0.41772971779419504	0.37971448694776266	0.0009142596956323579	0.0009142596956323579	0.04603063072462134	False	False	False	0.3714245403249474	0.3814665667035655	53	200
HSQ2	98	1509612	1525174	15563	7	122893897	7	137871149	0.3788002272521303	0.0198619849704412	0.33987073671006557	0.41772971779419504	0.37907312208359545	0.0002728948314651425	0.0002728948314651425	0.013739554826532557	False	False	False	0.3714245403249474	0.3814665667035655	53	200
HSQ2	99	1525175	1540737	15563	7	137872583	7	152902954	0.3788002272521303	0.0198619849704412	0.33987073671006557	0.41772971779419504	0.379552128493699	0.0007519012415687087	0.0007519012415687087	0.03785629898963752	False	False	False	0.3714245403249474	0.3814665667035655	53	200
HSQ2	100	1540738	1556300	15563	7	152905314	8	2832494	0.3788002272521303	0.0198619849704412	0.33987073671006557	0.41772971779419504	0.37702334754633454	-0.0017768797057957642	0.0017768797057957642	0.08946133573457708	False	False	False	0.3714245403249474	0.3814665667035655	53	200
HSQ2	101	1556301	1571863	15563	8	2833794	8	10353290	0.3788002272521303	0.0198619849704412	0.33987073671006557	0.41772971779419504	0.3789419074775745	0.00014168022544419623	0.00014168022544419623	0.007133235960808859	False	False	False	0.3714245403249474	0.3814665667035655	53	200
HSQ2	102	1571864	1587426	15563	8	10353295	8	19885726	0.3788002272521303	0.0198619849704412	0.33987073671006557	0.41772971779419504	0.377808066534367	-0.000992160717763313	0.000992160717763313	0.049952747383499495	False	False	False	0.3714245403249474	0.3814665667035655	53	200
HSQ2	103	1587427	1602989	15563	8	19885934	8	33294410	0.3788002272521303	0.0198619849704412	0.33987073671006557	0.41772971779419504	0.3792135895634806	0.0004133623113503071	0.0004133623113503071	0.020811732158969858	False	False	False	0.3714245403249474	0.3814665667035655	53	200
HSQ2	104	1602990	1618552	15563	8	33294599	8	55428780	0.3788002272521303	0.0198619849704412	0.33987073671006557	0.41772971779419504	0.37813980336358866	-0.0006604238885416502	0.0006604238885416502	0.033250648891563435	False	False	False	0.3714245403249474	0.3814665667035655	53	200
HSQ2	105	1618553	1634115	15563	8	55429439	8	70023319	0.3788002272521303	0.0198619849704412	0.33987073671006557	0.41772971779419504	0.3743623699558507	-0.0044378572962796015	0.0044378572962796015	0.22343473237363054	False	False	False	0.3714245403249474	0.3814665667035655	53	200
HSQ2	106	1634116	1649678	15563	8	70025994	8	84328920	0.3788002272521303	0.0198619849704412	0.33987073671006557	0.41772971779419504	0.3788771210642253	7.689381209496915e-05	7.689381209496915e-05	0.0038714062169215853	False	False	False	0.3714245403249474	0.3814665667035655	53	200
HSQ2	107	1649679	1665241	15563	8	84330065	8	101674931	0.3788002272521303	0.0198619849704412	0.33987073671006557	0.41772971779419504	0.38074995657887384	0.0019497293267435323	0.0019497293267435323	0.09816387081377509	False	False	False	0.3714245403249474	0.3814665667035655	53	200
HSQ2	108	1665242	1680804	15563	8	101675010	8	116980396	0.3788002272521303	0.0198619849704412	0.33987073671006557	0.41772971779419504	0.37891833977400885	0.00011811252187854393	0.00011811252187854393	0.005946662534198881	False	False	False	0.3714245403249474	0.3814665667035655	53	200
HSQ2	109	1680805	1696367	15563	8	116980929	8	130480557	0.3788002272521303	0.0198619849704412	0.33987073671006557	0.41772971779419504	0.3796724707089537	0.0008722434568234072	0.0008722434568234072	0.04391522086646871	False	False	False	0.3714245403249474	0.3814665667035655	53	200
HSQ2	110	1696368	1711930	15563	8	130480641	8	142628372	0.3788002272521303	0.0198619849704412	0.33987073671006557	0.41772971779419504	0.37952522317148407	0.0007249959193537658	0.0007249959193537658	0.03650168502456889	False	False	False	0.3714245403249474	0.3814665667035655	53	200
HSQ2	111	1711931	1727493	15563	8	142629143	9	7924256	0.3788002272521303	0.0198619849704412	0.33987073671006557	0.41772971779419504	0.37945755154626293	0.0006573242941326218	0.0006573242941326218	0.03309459226310252	False	False	False	0.3714245403249474	0.3814665667035655	53	200
HSQ2	112	1727494	1743056	15563	9	7925381	9	19011141	0.3788002272521303	0.0198619849704412	0.33987073671006557	0.41772971779419504	0.3786970603052166	-0.00010316694691370198	0.00010316694691370198	0.005194191168064826	False	False	False	0.3714245403249474	0.3814665667035655	53	200
HSQ2	113	1743057	1758619	15563	9	19011300	9	31376645	0.3788002272521303	0.0198619849704412	0.33987073671006557	0.41772971779419504	0.37985630931801606	0.001056082065885755	0.001056082065885755	0.05317102331199156	False	False	False	0.3714245403249474	0.3814665667035655	53	200
HSQ2	114	1758620	1774182	15563	9	31377848	9	76598874	0.3788002272521303	0.0198619849704412	0.33987073671006557	0.41772971779419504	0.37874385666301436	-5.63705891159505e-05	5.63705891159505e-05	0.0028381145791743253	False	False	False	0.3714245403249474	0.3814665667035655	53	200
HSQ2	115	1774183	1789745	15563	9	76599091	9	89129213	0.3788002272521303	0.0198619849704412	0.33987073671006557	0.41772971779419504	0.37935408661786174	0.000553859365731435	0.000553859365731435	0.027885398491424396	False	False	False	0.3714245403249474	0.3814665667035655	53	200
HSQ2	116	1789746	1805308	15563	9	89129608	9	101821883	0.3788002272521303	0.0198619849704412	0.33987073671006557	0.41772971779419504	0.3807406335439755	0.0019404062918452203	0.0019404062918452203	0.09769447991894828	False	False	False	0.3714245403249474	0.3814665667035655	53	200
HSQ2	117	1805309	1820871	15563	9	101822220	9	113878799	0.3788002272521303	0.0198619849704412	0.33987073671006557	0.41772971779419504	0.3774469345464685	-0.0013532927056618127	0.0013532927056618127	0.06813481672027223	False	False	False	0.3714245403249474	0.3814665667035655	53	200
HSQ2	118	1820872	1836434	15563	9	113878895	9	127068176	0.3788002272521303	0.0198619849704412	0.33987073671006557	0.41772971779419504	0.3802982633480629	0.0014980360959325756	0.0014980360959325756	0.07542227517350192	False	False	False	0.3714245403249474	0.3814665667035655	53	200
HSQ2	119	1836435	1851997	15563	9	127069629	10	767395	0.3788002272521303	0.0198619849704412	0.33987073671006557	0.41772971779419504	0.3785841429058112	-0.0002160843463190898	0.0002160843463190898	0.010879292610515446	False	False	False	0.3714245403249474	0.3814665667035655	53	200
HSQ2	120	1851998	1867560	15563	10	767727	10	10192661	0.3788002272521303	0.0198619849704412	0.33987073671006557	0.41772971779419504	0.37986295528438485	0.0010627280322545452	0.0010627280322545452	0.0535056306726698	False	False	False	0.3714245403249474	0.3814665667035655	53	200
HSQ2	121	1867561	1883123	15563	10	10192664	10	20542634	0.3788002272521303	0.0198619849704412	0.33987073671006557	0.41772971779419504	0.37915412283133143	0.00035389557920112447	0.00035389557920112447	0.01781773471925366	False	False	False	0.3714245403249474	0.3814665667035655	53	200
HSQ2	122	1883124	1898686	15563	10	20543040	10	33730377	0.3788002272521303	0.0198619849704412	0.33987073671006557	0.41772971779419504	0.3799731588557194	0.0011729316035891113	0.0011729316035891113	0.05905409783235058	False	False	False	0.3714245403249474	0.3814665667035655	53	200
HSQ2	123	1898687	1914249	15563	10	33730883	10	53512766	0.3788002272521303	0.0198619849704412	0.33987073671006557	0.41772971779419504	0.37940727035895955	0.0006070431068292415	0.0006070431068292415	0.03056306344671235	False	False	False	0.3714245403249474	0.3814665667035655	53	200
HSQ2	124	1914250	1929812	15563	10	53512966	10	66559591	0.3788002272521303	0.0198619849704412	0.33987073671006557	0.41772971779419504	0.3793760956209283	0.0005758683687979715	0.0005758683687979715	0.028993495345756456	False	False	False	0.3714245403249474	0.3814665667035655	53	200
HSQ2	125	1929813	1945375	15563	10	66559785	10	80220985	0.3788002272521303	0.0198619849704412	0.33987073671006557	0.41772971779419504	0.37886705731113696	6.683005900665062e-05	6.683005900665062e-05	0.003364722061068306	False	False	False	0.3714245403249474	0.3814665667035655	53	200
HSQ2	126	1945376	1960938	15563	10	80221107	10	92423933	0.3788002272521303	0.0198619849704412	0.33987073671006557	0.41772971779419504	0.3769241574315704	-0.0018760698205599335	0.0018760698205599335	0.09445530360394085	False	False	False	0.3714245403249474	0.3814665667035655	53	200
HSQ2	127	1960939	1976501	15563	10	92424342	10	108998976	0.3788002272521303	0.0198619849704412	0.33987073671006557	0.41772971779419504	0.378781830853698	-1.8396398432318772e-05	1.8396398432318772e-05	0.0009262114768335831	False	False	False	0.3714245403249474	0.3814665667035655	53	200
HSQ2	128	1976502	1992064	15563	10	108999693	10	122948519	0.3788002272521303	0.0198619849704412	0.33987073671006557	0.41772971779419504	0.3794557423230406	0.0006555150709102731	0.0006555150709102731	0.033003502514266175	False	False	False	0.3714245403249474	0.3814665667035655	53	200
HSQ2	129	1992065	2007627	15563	10	122949506	10	132618241	0.3788002272521303	0.0198619849704412	0.33987073671006557	0.41772971779419504	0.3768230957249734	-0.0019771315271568946	0.0019771315271568946	0.09954350132170985	False	False	False	0.3714245403249474	0.3814665667035655	53	200
HSQ2	130	2007628	2023190	15563	10	132618278	11	7351799	0.3788002272521303	0.0198619849704412	0.33987073671006557	0.41772971779419504	0.37952391119268214	0.0007236839405518336	0.0007236839405518336	0.03643563025693691	False	False	False	0.3714245403249474	0.3814665667035655	53	200
HSQ2	131	2023191	2038753	15563	11	7351944	11	20010105	0.3788002272521303	0.0198619849704412	0.33987073671006557	0.41772971779419504	0.3801000442402482	0.0012998169881178745	0.0012998169881178745	0.06544245149980099	False	False	False	0.3714245403249474	0.3814665667035655	53	200
HSQ2	132	2038754	2054316	15563	11	20010141	11	31871538	0.3788002272521303	0.0198619849704412	0.33987073671006557	0.41772971779419504	0.3809631607813513	0.0021629335292209784	0.0021629335292209784	0.1088981555690369	False	False	False	0.3714245403249474	0.3814665667035655	53	200
HSQ2	133	2054317	2069879	15563	11	31871946	11	45356863	0.3788002272521303	0.0198619849704412	0.33987073671006557	0.41772971779419504	0.37977839556639226	0.0009781683142619513	0.0009781683142619513	0.04924826575579787	False	False	False	0.3714245403249474	0.3814665667035655	53	200
HSQ2	134	2069880	2085442	15563	11	45357533	11	66344727	0.3788002272521303	0.0198619849704412	0.33987073671006557	0.41772971779419504	0.3762509584949941	-0.0025492687571361805	0.0025492687571361805	0.12834914339780376	False	False	False	0.3714245403249474	0.3814665667035655	53	200
HSQ2	135	2085443	2101005	15563	11	66354825	11	81221576	0.3788002272521303	0.0198619849704412	0.33987073671006557	0.41772971779419504	0.3801947615638307	0.0013945343117003905	0.0013945343117003905	0.07021122580526318	False	False	False	0.3714245403249474	0.3814665667035655	53	200
HSQ2	136	2101006	2116568	15563	11	81221742	11	93811663	0.3788002272521303	0.0198619849704412	0.33987073671006557	0.41772971779419504	0.37749465338006905	-0.0013055738720612609	0.0013055738720612609	0.06573229584073438	False	False	False	0.3714245403249474	0.3814665667035655	53	200
HSQ2	137	2116569	2132131	15563	11	93812039	11	104483684	0.3788002272521303	0.0198619849704412	0.33987073671006557	0.41772971779419504	0.3793114235322168	0.0005111962800865011	0.0005111962800865011	0.025737421554153244	False	False	False	0.3714245403249474	0.3814665667035655	53	200
HSQ2	138	2132132	2147694	15563	11	104483850	11	118577614	0.3788002272521303	0.0198619849704412	0.33987073671006557	0.41772971779419504	0.376921996668779	-0.0018782305833512924	0.0018782305833512924	0.09456409246842618	False	False	False	0.3714245403249474	0.3814665667035655	53	200
HSQ2	139	2147695	2163257	15563	11	118577873	11	131030381	0.3788002272521303	0.0198619849704412	0.33987073671006557	0.41772971779419504	0.37857644733935397	-0.00022377991277633402	0.00022377991277633402	0.011266744643567372	False	False	False	0.3714245403249474	0.3814665667035655	53	200
HSQ2	140	2163258	2178820	15563	11	131030628	12	11129433	0.3788002272521303	0.0198619849704412	0.33987073671006557	0.41772971779419504	0.37852055164492077	-0.00027967560720953966	0.00027967560720953966	0.014080949493505088	False	False	False	0.3714245403249474	0.3814665667035655	53	200
HSQ2	141	2178821	2194383	15563	12	11130766	12	24607488	0.3788002272521303	0.0198619849704412	0.33987073671006557	0.41772971779419504	0.37617211004968687	-0.0026281172024434363	0.0026281172024434363	0.13231896038359842	False	False	False	0.3714245403249474	0.3814665667035655	53	200
HSQ2	142	2194384	2209946	15563	12	24607950	12	39590941	0.3788002272521303	0.0198619849704412	0.33987073671006557	0.41772971779419504	0.3782596605191068	-0.0005405667330234953	0.0005405667330234953	0.027216148528355653	False	False	False	0.3714245403249474	0.3814665667035655	53	200
HSQ2	143	2209947	2225509	15563	12	39591089	12	53418213	0.3788002272521303	0.0198619849704412	0.33987073671006557	0.41772971779419504	0.3800471104417461	0.0012468831896157995	0.0012468831896157995	0.06277737051313971	False	False	False	0.3714245403249474	0.3814665667035655	53	200
HSQ2	144	2225510	2241072	15563	12	53418575	12	68399273	0.3788002272521303	0.0198619849704412	0.33987073671006557	0.41772971779419504	0.37867995429544693	-0.00012027295668337601	0.00012027295668337601	0.006055434885403821	False	False	False	0.3714245403249474	0.3814665667035655	53	200
HSQ2	145	2241073	2256635	15563	12	68399871	12	83457942	0.3788002272521303	0.0198619849704412	0.33987073671006557	0.41772971779419504	0.3799917041367707	0.0011914768846403856	0.0011914768846403856	0.05998780516718511	False	False	False	0.3714245403249474	0.3814665667035655	53	200
HSQ2	146	2256636	2272198	15563	12	83458058	12	96913156	0.3788002272521303	0.0198619849704412	0.33987073671006557	0.41772971779419504	0.3796105573551598	0.0008103301030294996	0.0008103301030294996	0.04079804230218887	False	False	False	0.3714245403249474	0.3814665667035655	53	200
HSQ2	147	2272199	2287761	15563	12	96914286	12	112509281	0.3788002272521303	0.0198619849704412	0.33987073671006557	0.41772971779419504	0.37960364970206606	0.0008034224499357534	0.0008034224499357534	0.04045025968609958	False	False	False	0.3714245403249474	0.3814665667035655	53	200
HSQ2	148	2287762	2303324	15563	12	112515312	12	126571073	0.3788002272521303	0.0198619849704412	0.33987073671006557	0.41772971779419504	0.3797795129514556	0.0009792856993253163	0.0009792856993253163	0.04930452322779918	False	False	False	0.3714245403249474	0.3814665667035655	53	200
HSQ2	149	2303325	2318887	15563	12	126571735	13	22821162	0.3788002272521303	0.0198619849704412	0.33987073671006557	0.41772971779419504	0.3777830159753319	-0.0010172112767983799	0.0010172112767983799	0.05121397877967402	False	False	False	0.3714245403249474	0.3814665667035655	53	200
HSQ2	150	2318888	2334450	15563	13	22821270	13	33278525	0.3788002272521303	0.0198619849704412	0.33987073671006557	0.41772971779419504	0.3776624654676247	-0.0011377617845055865	0.0011377617845055865	0.05728338764724748	False	False	False	0.3714245403249474	0.3814665667035655	53	200
HSQ2	151	2334451	2350013	15563	13	33280204	13	46833150	0.3788002272521303	0.0198619849704412	0.33987073671006557	0.41772971779419504	0.3784063239221156	-0.000393903330014711	0.000393903330014711	0.019832022358335373	False	False	False	0.3714245403249474	0.3814665667035655	53	200
HSQ2	152	2350014	2365576	15563	13	46833218	13	61692090	0.3788002272521303	0.0198619849704412	0.33987073671006557	0.41772971779419504	0.3783984610265586	-0.00040176622557169805	0.00040176622557169805	0.020227898982383207	False	False	False	0.3714245403249474	0.3814665667035655	53	200
HSQ2	153	2365577	2381139	15563	13	61692288	13	74323682	0.3788002272521303	0.0198619849704412	0.33987073671006557	0.41772971779419504	0.3795867841467785	0.0007865568946481827	0.0007865568946481827	0.03960112223520179	False	False	False	0.3714245403249474	0.3814665667035655	53	200
HSQ2	154	2381140	2396702	15563	13	74328404	13	87228925	0.3788002272521303	0.0198619849704412	0.33987073671006557	0.41772971779419504	0.3794093766261346	0.000609149374004303	0.000609149374004303	0.03066910859669087	False	False	False	0.3714245403249474	0.3814665667035655	53	200
HSQ2	155	2396703	2412265	15563	13	87229330	13	100709000	0.3788002272521303	0.0198619849704412	0.33987073671006557	0.41772971779419504	0.3792359915343476	0.00043576428221731023	0.00043576428221731023	0.02193961393414701	False	False	False	0.3714245403249474	0.3814665667035655	53	200
HSQ2	156	2412266	2427828	15563	13	100711312	13	111624246	0.3788002272521303	0.0198619849704412	0.33987073671006557	0.41772971779419504	0.37822919161688207	-0.0005710356352482404	0.0005710356352482404	0.02875017960682486	False	False	False	0.3714245403249474	0.3814665667035655	53	200
HSQ2	157	2427829	2443391	15563	13	111624376	14	28993235	0.3788002272521303	0.0198619849704412	0.33987073671006557	0.41772971779419504	0.37877565304285876	-2.4574209271543968e-05	2.4574209271543968e-05	0.0012372484073528173	False	False	False	0.3714245403249474	0.3814665667035655	53	200
HSQ2	158	2443392	2458954	15563	14	28993586	14	42645947	0.3788002272521303	0.0198619849704412	0.33987073671006557	0.41772971779419504	0.37957716955042003	0.0007769422982897289	0.0007769422982897289	0.03911705196867192	False	False	False	0.3714245403249474	0.3814665667035655	53	200
HSQ2	159	2458955	2474517	15563	14	42646073	14	55999660	0.3788002272521303	0.0198619849704412	0.33987073671006557	0.41772971779419504	0.37614498322404805	-0.00265524402808226	0.00265524402808226	0.1336847264779336	False	False	False	0.3714245403249474	0.3814665667035655	53	200
HSQ2	160	2474518	2490080	15563	14	55999682	14	71859858	0.3788002272521303	0.0198619849704412	0.33987073671006557	0.41772971779419504	0.38002152844598336	0.0012213011938530527	0.0012213011938530527	0.06148938264078868	False	False	False	0.3714245403249474	0.3814665667035655	53	200
HSQ2	161	2490081	2505643	15563	14	71860318	14	84946184	0.3788002272521303	0.0198619849704412	0.33987073671006557	0.41772971779419504	0.37981544959705005	0.0010152223449197417	0.0010152223449197417	0.051113841160921505	False	False	False	0.3714245403249474	0.3814665667035655	53	200
HSQ2	162	2505644	2521206	15563	14	84946396	14	96948604	0.3788002272521303	0.0198619849704412	0.33987073671006557	0.41772971779419504	0.3782151439362484	-0.000585083315881918	0.000585083315881918	0.029457444296360345	False	False	False	0.3714245403249474	0.3814665667035655	53	200
HSQ2	163	2521207	2536769	15563	14	96953484	15	26210930	0.3788002272521303	0.0198619849704412	0.33987073671006557	0.41772971779419504	0.37807024486992946	-0.0007299823822008444	0.0007299823822008444	0.03675274063932741	False	False	False	0.3714245403249474	0.3814665667035655	53	200
HSQ2	164	2536770	2552332	15563	15	26211385	15	44081143	0.3788002272521303	0.0198619849704412	0.33987073671006557	0.41772971779419504	0.37483482375632016	-0.003965403495810149	0.003965403495810149	0.19964789529906007	False	False	False	0.3714245403249474	0.3814665667035655	53	200
HSQ2	165	2552333	2567895	15563	15	44082088	15	58655480	0.3788002272521303	0.0198619849704412	0.33987073671006557	0.41772971779419504	0.3793062683416264	0.0005060410894960898	0.0005060410894960898	0.025477870930281397	False	False	False	0.3714245403249474	0.3814665667035655	53	200
HSQ2	166	2567896	2583458	15563	15	58656447	15	74686902	0.3788002272521303	0.0198619849704412	0.33987073671006557	0.41772971779419504	0.38028182747955735	0.001481600227427049	0.001481600227427049	0.07459477134999251	False	False	False	0.3714245403249474	0.3814665667035655	53	200
HSQ2	167	2583459	2599021	15563	15	74687184	15	90325358	0.3788002272521303	0.0198619849704412	0.33987073671006557	0.41772971779419504	0.3788343251399369	3.409788780661671e-05	3.409788780661671e-05	0.0017167411946671758	False	False	False	0.3714245403249474	0.3814665667035655	53	200
HSQ2	168	2599022	2614584	15563	15	90326274	15	100798777	0.3788002272521303	0.0198619849704412	0.33987073671006557	0.41772971779419504	0.3776683995891511	-0.0011318276629792012	0.0011318276629792012	0.05698461984860014	False	False	False	0.3714245403249474	0.3814665667035655	53	200
HSQ2	169	2614585	2630147	15563	15	100799317	16	8619291	0.3788002272521303	0.0198619849704412	0.33987073671006557	0.41772971779419504	0.3746792090317401	-0.004121018220390182	0.004121018220390182	0.20748269755128312	False	False	False	0.3714245403249474	0.3814665667035655	53	200
HSQ2	170	2630148	2645710	15563	16	8619300	16	23871398	0.3788002272521303	0.0198619849704412	0.33987073671006557	0.41772971779419504	0.37979445616444796	0.0009942289123176518	0.0009942289123176518	0.05005687567467567	False	False	False	0.3714245403249474	0.3814665667035655	53	200
HSQ2	171	2645711	2661273	15563	16	23871621	16	55404630	0.3788002272521303	0.0198619849704412	0.33987073671006557	0.41772971779419504	0.37950324046015294	0.0007030132080226292	0.0007030132080226292	0.03539491189167953	False	False	False	0.3714245403249474	0.3814665667035655	53	200
HSQ2	172	2661274	2676836	15563	16	55404755	16	69468435	0.3788002272521303	0.0198619849704412	0.33987073671006557	0.41772971779419504	0.38051592775614884	0.0017157005040185358	0.0017157005040185358	0.08638111984133802	False	False	False	0.3714245403249474	0.3814665667035655	53	200
HSQ2	173	2676837	2692399	15563	16	69468842	16	81145135	0.3788002272521303	0.0198619849704412	0.33987073671006557	0.41772971779419504	0.3789972882534216	0.00019706100129129878	0.00019706100129129878	0.00992151598063169	False	False	False	0.3714245403249474	0.3814665667035655	53	200
HSQ2	174	2692400	2707962	15563	16	81148941	16	89197568	0.3788002272521303	0.0198619849704412	0.33987073671006557	0.41772971779419504	0.3793526718383051	0.0005524445861748162	0.0005524445861748162	0.02781416796946376	False	False	False	0.3714245403249474	0.3814665667035655	53	200
HSQ2	175	2707963	2723525	15563	16	89199108	17	11279638	0.3788002272521303	0.0198619849704412	0.33987073671006557	0.41772971779419504	0.3802810081976595	0.0014807809455291698	0.0014807809455291698	0.07455352260777977	False	False	False	0.3714245403249474	0.3814665667035655	53	200
HSQ2	176	2723526	2739088	15563	17	11281163	17	31541600	0.3788002272521303	0.0198619849704412	0.33987073671006557	0.41772971779419504	0.3786602443047792	-0.00013998294735112493	0.00013998294735112493	0.007047782362107761	False	False	False	0.3714245403249474	0.3814665667035655	53	200
HSQ2	177	2739089	2754651	15563	17	31541717	17	48701800	0.3788002272521303	0.0198619849704412	0.33987073671006557	0.41772971779419504	0.37897653239516643	0.0001763051430361262	0.0001763051430361262	0.00887651175340759	False	False	False	0.3714245403249474	0.3814665667035655	53	200
HSQ2	178	2754652	2770214	15563	17	48702094	17	66950453	0.3788002272521303	0.0198619849704412	0.33987073671006557	0.41772971779419504	0.3791993631322482	0.0003991358801179179	0.0003991358801179179	0.02009546783525996	False	False	False	0.3714245403249474	0.3814665667035655	53	200
HSQ2	179	2770215	2785777	15563	17	66950686	17	78712885	0.3788002272521303	0.0198619849704412	0.33987073671006557	0.41772971779419504	0.3791020483824293	0.00030182113029897373	0.00030182113029897373	0.015195919780834942	False	False	False	0.3714245403249474	0.3814665667035655	53	200
HSQ2	180	2785778	2801340	15563	17	78712990	18	8378718	0.3788002272521303	0.0198619849704412	0.33987073671006557	0.41772971779419504	0.37790929757118885	-0.0008909296809414546	0.0008909296809414546	0.04485602432321568	False	False	False	0.3714245403249474	0.3814665667035655	53	200
HSQ2	181	2801341	2816903	15563	18	8378745	18	25131421	0.3788002272521303	0.0198619849704412	0.33987073671006557	0.41772971779419504	0.37931909348975285	0.0005188662376225395	0.0005188662376225395	0.026123584243705818	False	False	False	0.3714245403249474	0.3814665667035655	53	200
HSQ2	182	2816904	2832466	15563	18	25131805	18	40720680	0.3788002272521303	0.0198619849704412	0.33987073671006557	0.41772971779419504	0.37922055072875993	0.0004203234766296249	0.0004203234766296249	0.021162208976351276	False	False	False	0.3714245403249474	0.3814665667035655	53	200
HSQ2	183	2832467	2848029	15563	18	40720691	18	53831095	0.3788002272521303	0.0198619849704412	0.33987073671006557	0.41772971779419504	0.375818566969384	-0.0029816602827463234	0.0029816602827463234	0.15011894768743705	False	False	False	0.3714245403249474	0.3814665667035655	53	200
HSQ2	184	2848030	2863592	15563	18	53831124	18	65408540	0.3788002272521303	0.0198619849704412	0.33987073671006557	0.41772971779419504	0.38047547278286553	0.0016752455307352254	0.0016752455307352254	0.08434431569796988	False	False	False	0.3714245403249474	0.3814665667035655	53	200
HSQ2	185	2863593	2879155	15563	18	65408831	18	75302838	0.3788002272521303	0.0198619849704412	0.33987073671006557	0.41772971779419504	0.3778338819210415	-0.0009663453310888026	0.0009663453310888026	0.04865300887735678	False	False	False	0.3714245403249474	0.3814665667035655	53	200
HSQ2	186	2879156	2894718	15563	18	75302993	19	7963949	0.3788002272521303	0.0198619849704412	0.33987073671006557	0.41772971779419504	0.3796048840782146	0.0008046568260842712	0.0008046568260842712	0.04051240735917228	False	False	False	0.3714245403249474	0.3814665667035655	53	200
HSQ2	187	2894719	2910281	15563	19	7963976	19	20925318	0.3788002272521303	0.0198619849704412	0.33987073671006557	0.41772971779419504	0.37938212076417044	0.0005818935120401325	0.0005818935120401325	0.02929684585433491	False	False	False	0.3714245403249474	0.3814665667035655	53	200
HSQ2	188	2910282	2925844	15563	19	20925352	19	34228538	0.3788002272521303	0.0198619849704412	0.33987073671006557	0.41772971779419504	0.3776150329177651	-0.0011851943343652027	0.0011851943343652027	0.059671494874707666	False	False	False	0.3714245403249474	0.3814665667035655	53	200
HSQ2	189	2925845	2941407	15563	19	34228547	19	48595415	0.3788002272521303	0.0198619849704412	0.33987073671006557	0.41772971779419504	0.3776082563233875	-0.0011919709287427915	0.0011919709287427915	0.060012679020586025	False	False	False	0.3714245403249474	0.3814665667035655	53	200
HSQ2	190	2941408	2956970	15563	19	48598948	19	58573559	0.3788002272521303	0.0198619849704412	0.33987073671006557	0.41772971779419504	0.378581002748546	-0.00021922450358430323	0.00021922450358430323	0.011037391474747126	False	False	False	0.3714245403249474	0.3814665667035655	53	200
HSQ2	191	2956971	2972533	15563	19	58573649	20	11334115	0.3788002272521303	0.0198619849704412	0.33987073671006557	0.41772971779419504	0.38042372664221974	0.0016234993900894334	0.0016234993900894334	0.08173903023819327	False	False	False	0.3714245403249474	0.3814665667035655	53	200
HSQ2	192	2972534	2988096	15563	20	11334229	20	23350525	0.3788002272521303	0.0198619849704412	0.33987073671006557	0.41772971779419504	0.38037574225982523	0.0015755150076949276	0.0015755150076949276	0.07932313965797601	False	False	False	0.3714245403249474	0.3814665667035655	53	200
HSQ2	193	2988097	3003659	15563	20	23350790	20	44361759	0.3788002272521303	0.0198619849704412	0.33987073671006557	0.41772971779419504	0.3773804774146988	-0.0014197498374314832	0.0014197498374314832	0.07148076285146569	False	False	False	0.3714245403249474	0.3814665667035655	53	200
HSQ2	194	3003660	3019222	15563	20	44363682	20	56790133	0.3788002272521303	0.0198619849704412	0.33987073671006557	0.41772971779419504	0.3786266834040686	-0.00017354384806173018	0.00017354384806173018	0.00873748763378886	False	False	False	0.3714245403249474	0.3814665667035655	53	200
HSQ2	195	3019223	3034785	15563	20	56790245	21	21313910	0.3788002272521303	0.0198619849704412	0.33987073671006557	0.41772971779419504	0.37757867743065665	-0.0012215498214736553	0.0012215498214736553	0.06150190040379035	False	False	False	0.3714245403249474	0.3814665667035655	53	200
HSQ2	196	3034786	3050348	15563	21	21313911	21	32381039	0.3788002272521303	0.0198619849704412	0.33987073671006557	0.41772971779419504	0.37951474966959553	0.0007145224174652243	0.0007145224174652243	0.035974371067573736	False	False	False	0.3714245403249474	0.3814665667035655	53	200
HSQ2	197	3050349	3065911	15563	21	32381162	21	43560383	0.3788002272521303	0.0198619849704412	0.33987073671006557	0.41772971779419504	0.37787901443138494	-0.0009212128207453651	0.0009212128207453651	0.04638070274025094	False	False	False	0.3714245403249474	0.3814665667035655	53	200
HSQ2	198	3065912	3081474	15563	21	43560554	22	25403114	0.3788002272521303	0.0198619849704412	0.33987073671006557	0.41772971779419504	0.3774681231213094	-0.0013321041308209103	0.0013321041308209103	0.06706802632281521	False	False	False	0.3714245403249474	0.3814665667035655	53	200
HSQ2	199	3081475	3097037	15563	22	25403232	22	38800590	0.3788002272521303	0.0198619849704412	0.33987073671006557	0.41772971779419504	0.37840589617452386	-0.0003943310776064468	0.0003943310776064468	0.019853558352465488	False	False	False	0.3714245403249474	0.3814665667035655	53	200
HSQ2	200	3097038	3112573	15536	22	38800842	22	51231220	0.3788002272521303	0.0198619849704412	0.33987073671006557	0.41772971779419504	0.3787635525835249	-3.667466860540758e-05	3.667466860540758e-05	0.0018464754987976872	False	False	False	0.3714245403249474	0.3814665667035655	53	200
GCOV	1	1	15563	15563	1	734349	1	14148441	0.4354056295865452	0.0222461736952066	0.3918031291439403	0.47900813002915016	0.4359337237579566	0.0005280941714113641	0.0005280941714113641	0.023738651808025434	False	False	False	0.4239853519216409	0.43823430138499575	164	200
GCOV	2	15564	31126	15563	1	14148565	1	28311773	0.4354056295865452	0.0222461736952066	0.3918031291439403	0.47900813002915016	0.4370236809049879	0.0016180513184426704	0.0016180513184426704	0.0727339155313398	False	False	False	0.4239853519216409	0.43823430138499575	164	200
GCOV	3	31127	46689	15563	1	28312046	1	45739452	0.4354056295865452	0.0222461736952066	0.3918031291439403	0.47900813002915016	0.4338348185827784	-0.0015708110037668255	0.0015708110037668255	0.07061039014117242	False	False	False	0.4239853519216409	0.43823430138499575	164	200
GCOV	4	46690	62252	15563	1	45740701	1	62124897	0.4354056295865452	0.0222461736952066	0.3918031291439403	0.47900813002915016	0.4354893343121057	8.370472556046282e-05	8.370472556046282e-05	0.0037626571970216494	False	False	False	0.4239853519216409	0.43823430138499575	164	200
GCOV	5	62253	77815	15563	1	62125490	1	78388269	0.4354056295865452	0.0222461736952066	0.3918031291439403	0.47900813002915016	0.43449098780188716	-0.0009146417846580546	0.0009146417846580546	0.04111456636046733	False	False	False	0.4239853519216409	0.43823430138499575	164	200
GCOV	6	77816	93378	15563	1	78390390	1	90821175	0.4354056295865452	0.0222461736952066	0.3918031291439403	0.47900813002915016	0.43678721302633944	0.0013815834397942206	0.0013815834397942206	0.0621043177457484	False	False	False	0.4239853519216409	0.43823430138499575	164	200
GCOV	7	93379	108941	15563	1	90821577	1	105208305	0.4354056295865452	0.0222461736952066	0.3918031291439403	0.47900813002915016	0.43494012956101913	-0.0004655000255260888	0.0004655000255260888	0.0209249478990803	False	False	False	0.4239853519216409	0.43823430138499575	164	200
GCOV	8	108942	124504	15563	1	105208438	1	119907660	0.4354056295865452	0.0222461736952066	0.3918031291439403	0.47900813002915016	0.43556873114102296	0.00016310155447774033	0.00016310155447774033	0.00733166776059489	False	False	False	0.4239853519216409	0.43823430138499575	164	200
GCOV	9	124505	140067	15563	1	119908304	1	163571924	0.4354056295865452	0.0222461736952066	0.3918031291439403	0.47900813002915016	0.4367082827728558	0.001302653186310565	0.001302653186310565	0.058556280471335556	False	False	False	0.4239853519216409	0.43823430138499575	164	200
GCOV	10	140068	155630	15563	1	163573221	1	178057658	0.4354056295865452	0.0222461736952066	0.3918031291439403	0.47900813002915016	0.43603570400798336	0.0006300744214381426	0.0006300744214381426	0.028322822165768903	False	False	False	0.4239853519216409	0.43823430138499575	164	200
GCOV	11	155631	171193	15563	1	178057927	1	191147815	0.4354056295865452	0.0222461736952066	0.3918031291439403	0.47900813002915016	0.4358038397795839	0.0003982101930387061	0.0003982101930387061	0.017900165596769962	False	False	False	0.4239853519216409	0.43823430138499575	164	200
GCOV	12	171194	186756	15563	1	191148108	1	206813737	0.4354056295865452	0.0222461736952066	0.3918031291439403	0.47900813002915016	0.4336142593859107	-0.0017913702006345233	0.0017913702006345233	0.08052486801451664	False	False	False	0.4239853519216409	0.43823430138499575	164	200
GCOV	13	186757	202319	15563	1	206817271	1	221044204	0.4354056295865452	0.0222461736952066	0.3918031291439403	0.47900813002915016	0.4372991399074628	0.0018935103209175574	0.0018935103209175574	0.08511622478815552	False	False	False	0.4239853519216409	0.43823430138499575	164	200
GCOV	14	202320	217882	15563	1	221044966	1	233237589	0.4354056295865452	0.0222461736952066	0.3918031291439403	0.47900813002915016	0.43708301062539207	0.001677381038846848	0.001677381038846848	0.07540087845346072	False	False	False	0.4239853519216409	0.43823430138499575	164	200
GCOV	15	217883	233445	15563	1	233237670	1	244392845	0.4354056295865452	0.0222461736952066	0.3918031291439403	0.47900813002915016	0.43480109849726895	-0.0006045310892762723	0.0006045310892762723	0.02717460978049142	False	False	False	0.4239853519216409	0.43823430138499575	164	200
GCOV	16	233446	249008	15563	1	244392878	2	6598379	0.4354056295865452	0.0222461736952066	0.3918031291439403	0.47900813002915016	0.43548054329066505	7.491370411982778e-05	7.491370411982778e-05	0.0033674871529016915	False	False	False	0.4239853519216409	0.43823430138499575	164	200
GCOV	17	249009	264571	15563	2	6598529	2	20713697	0.4354056295865452	0.0222461736952066	0.3918031291439403	0.47900813002915016	0.43596491836116635	0.0005592887746211361	0.0005592887746211361	0.025140897589127718	False	False	False	0.4239853519216409	0.43823430138499575	164	200
GCOV	18	264572	280134	15563	2	20713703	2	37136760	0.4354056295865452	0.0222461736952066	0.3918031291439403	0.47900813002915016	0.43600882705646393	0.0006031974699187148	0.0006031974699187148	0.027114661522609895	False	False	False	0.4239853519216409	0.43823430138499575	164	200
GCOV	19	280135	295697	15563	2	37138046	2	51191994	0.4354056295865452	0.0222461736952066	0.3918031291439403	0.47900813002915016	0.4355910552922163	0.00018542570567109395	0.00018542570567109395	0.008335172970039686	False	False	False	0.4239853519216409	0.43823430138499575	164	200
GCOV	20	295698	311260	15563	2	51193859	2	64552357	0.4354056295865452	0.0222461736952066	0.3918031291439403	0.47900813002915016	0.43470740421451104	-0.000698225372034178	0.000698225372034178	0.03138631306221551	False	False	False	0.4239853519216409	0.43823430138499575	164	200
GCOV	21	311261	326823	15563	2	64553247	2	78963044	0.4354056295865452	0.0222461736952066	0.3918031291439403	0.47900813002915016	0.43636404048077926	0.0009584108942340408	0.0009584108942340408	0.043082055699338095	False	False	False	0.4239853519216409	0.43823430138499575	164	200
GCOV	22	326824	342386	15563	2	78963673	2	104422349	0.4354056295865452	0.0222461736952066	0.3918031291439403	0.47900813002915016	0.43487208369406644	-0.0005335458924787817	0.0005335458924787817	0.02398371512282785	False	False	False	0.4239853519216409	0.43823430138499575	164	200
GCOV	23	342387	357949	15563	2	104422882	2	121309759	0.4354056295865452	0.0222461736952066	0.3918031291439403	0.47900813002915016	0.4370637735144904	0.001658143927945166	0.001658143927945166	0.07453614049154203	False	False	False	0.4239853519216409	0.43823430138499575	164	200
GCOV	24	357950	373512	15563	2	121309778	2	137101277	0.4354056295865452	0.0222461736952066	0.3918031291439403	0.47900813002915016	0.43530206098218316	-0.00010356860436205872	0.00010356860436205872	0.00465556934783687	False	False	False	0.4239853519216409	0.43823430138499575	164	200
GCOV	25	373513	389075	15563	2	137101357	2	151539581	0.4354056295865452	0.0222461736952066	0.3918031291439403	0.47900813002915016	0.43649304898982255	0.0010874194032773343	0.0010874194032773343	0.04888118820683493	False	False	False	0.4239853519216409	0.43823430138499575	164	200
GCOV	26	389076	404638	15563	2	151539798	2	167351483	0.4354056295865452	0.0222461736952066	0.3918031291439403	0.47900813002915016	0.4335279377259772	-0.0018776918605680204	0.0018776918605680204	0.08440516046912859	False	False	False	0.4239853519216409	0.43823430138499575	164	200
GCOV	27	404639	420201	15563	2	167352464	2	181570507	0.4354056295865452	0.0222461736952066	0.3918031291439403	0.47900813002915016	0.4374495101045964	0.0020438805180511554	0.0020438805180511554	0.09187559829632867	False	False	False	0.4239853519216409	0.43823430138499575	164	200
GCOV	28	420202	435764	15563	2	181571918	2	198083833	0.4354056295865452	0.0222461736952066	0.3918031291439403	0.47900813002915016	0.43490584343170763	-0.0004997861548375893	0.0004997861548375893	0.02246616257182594	False	False	False	0.4239853519216409	0.43823430138499575	164	200
GCOV	29	435765	451327	15563	2	198084218	2	216858592	0.4354056295865452	0.0222461736952066	0.3918031291439403	0.47900813002915016	0.4363300621285941	0.0009244325420488808	0.0009244325420488808	0.04155467608562586	False	False	False	0.4239853519216409	0.43823430138499575	164	200
GCOV	30	451328	466890	15563	2	216858824	2	230271780	0.4354056295865452	0.0222461736952066	0.3918031291439403	0.47900813002915016	0.4360123048271517	0.0006066752406064801	0.0006066752406064801	0.027270992707262773	False	False	False	0.4239853519216409	0.43823430138499575	164	200
GCOV	31	466891	482453	15563	2	230272648	2	241484072	0.4354056295865452	0.0222461736952066	0.3918031291439403	0.47900813002915016	0.4361206616654313	0.0007150320788860687	0.0007150320788860687	0.032141800593786476	False	False	False	0.4239853519216409	0.43823430138499575	164	200
GCOV	32	482454	498016	15563	2	241485268	3	8016833	0.4354056295865452	0.0222461736952066	0.3918031291439403	0.47900813002915016	0.4357777106964478	0.0003720811099025556	0.0003720811099025556	0.016725622796999386	False	False	False	0.4239853519216409	0.43823430138499575	164	200
GCOV	33	498017	513579	15563	3	8016955	3	21340533	0.4354056295865452	0.0222461736952066	0.3918031291439403	0.47900813002915016	0.43739292914558925	0.001987299559044031	0.001987299559044031	0.0893321964609238	False	False	False	0.4239853519216409	0.43823430138499575	164	200
GCOV	34	513580	529142	15563	3	21340863	3	31813629	0.4354056295865452	0.0222461736952066	0.3918031291439403	0.47900813002915016	0.43575673581053453	0.000351106223989317	0.000351106223989317	0.015782769153913877	False	False	False	0.4239853519216409	0.43823430138499575	164	200
GCOV	35	529143	544705	15563	3	31814685	3	46662428	0.4354056295865452	0.0222461736952066	0.3918031291439403	0.47900813002915016	0.43451183932462617	-0.0008937902619190474	0.0008937902619190474	0.040177258083336505	False	False	False	0.4239853519216409	0.43823430138499575	164	200
GCOV	36	544706	560268	15563	3	46662736	3	63661117	0.4354056295865452	0.0222461736952066	0.3918031291439403	0.47900813002915016	0.4344628315804109	-0.0009427980061343377	0.0009427980061343377	0.04238023217167827	False	False	False	0.4239853519216409	0.43823430138499575	164	200
GCOV	37	560269	575831	15563	3	63661629	3	77099218	0.4354056295865452	0.0222461736952066	0.3918031291439403	0.47900813002915016	0.4337774178917006	-0.0016282116948446168	0.0016282116948446168	0.07319064020413761	False	False	False	0.4239853519216409	0.43823430138499575	164	200
GCOV	38	575832	591394	15563	3	77099267	3	95430903	0.4354056295865452	0.0222461736952066	0.3918031291439403	0.47900813002915016	0.4359136152629349	0.0005079856763896551	0.0005079856763896551	0.02283474377884189	False	False	False	0.4239853519216409	0.43823430138499575	164	200
GCOV	39	591395	606957	15563	3	95431652	3	108897123	0.4354056295865452	0.0222461736952066	0.3918031291439403	0.47900813002915016	0.4346342093222152	-0.000771420264330025	0.000771420264330025	0.034676536958634076	False	False	False	0.4239853519216409	0.43823430138499575	164	200
GCOV	40	606958	622520	15563	3	108897541	3	122443054	0.4354056295865452	0.0222461736952066	0.3918031291439403	0.47900813002915016	0.43682765712329064	0.0014220275367454183	0.0014220275367454183	0.06392234261174647	False	False	False	0.4239853519216409	0.43823430138499575	164	200
GCOV	41	622521	638083	15563	3	122443946	3	135656738	0.4354056295865452	0.0222461736952066	0.3918031291439403	0.47900813002915016	0.43552247177551584	0.00011684218897062282	0.00011684218897062282	0.005252237556510623	False	False	False	0.4239853519216409	0.43823430138499575	164	200
GCOV	42	638084	653646	15563	3	135657414	3	150151120	0.4354056295865452	0.0222461736952066	0.3918031291439403	0.47900813002915016	0.4339861053988864	-0.0014195241876588383	0.0014195241876588383	0.06380981318889478	False	False	False	0.4239853519216409	0.43823430138499575	164	200
GCOV	43	653647	669209	15563	3	150151697	3	162739273	0.4354056295865452	0.0222461736952066	0.3918031291439403	0.47900813002915016	0.43632537421041934	0.0009197446238741191	0.0009197446238741191	0.04134394689511469	False	False	False	0.4239853519216409	0.43823430138499575	164	200
GCOV	44	669210	684772	15563	3	162739768	3	176246068	0.4354056295865452	0.0222461736952066	0.3918031291439403	0.47900813002915016	0.43384192013379147	-0.0015637094527537476	0.0015637094527537476	0.07029116441227289	False	False	False	0.4239853519216409	0.43823430138499575	164	200
GCOV	45	684773	700335	15563	3	176246528	3	190250499	0.4354056295865452	0.0222461736952066	0.3918031291439403	0.47900813002915016	0.43766418329218304	0.0022585537056378224	0.0022585537056378224	0.10152549092631037	False	False	False	0.4239853519216409	0.43823430138499575	164	200
GCOV	46	700336	715898	15563	3	190252635	4	4180841	0.4354056295865452	0.0222461736952066	0.3918031291439403	0.47900813002915016	0.43722258652776425	0.0018169569412190278	0.0018169569412190278	0.0816750316756957	False	False	False	0.4239853519216409	0.43823430138499575	164	200
GCOV	47	715899	731461	15563	4	4180886	4	14491265	0.4354056295865452	0.0222461736952066	0.3918031291439403	0.47900813002915016	0.4359485375683483	0.0005429079818030647	0.0005429079818030647	0.024404555553751043	False	False	False	0.4239853519216409	0.43823430138499575	164	200
GCOV	48	731462	747024	15563	4	14491446	4	26065536	0.4354056295865452	0.0222461736952066	0.3918031291439403	0.47900813002915016	0.43678802405204487	0.0013823944654996478	0.0013823944654996478	0.06214077460869207	False	False	False	0.4239853519216409	0.43823430138499575	164	200
GCOV	49	747025	762587	15563	4	26065733	4	38197669	0.4354056295865452	0.0222461736952066	0.3918031291439403	0.47900813002915016	0.435806550267032	0.00040092068048680485	0.00040092068048680485	0.01802200621013723	False	False	False	0.4239853519216409	0.43823430138499575	164	200
GCOV	50	762588	778150	15563	4	38197920	4	55620606	0.4354056295865452	0.0222461736952066	0.3918031291439403	0.47900813002915016	0.4290095431698828	-0.006396086416662394	0.006396086416662394	0.28751400147705236	False	False	False	0.4239853519216409	0.43823430138499575	164	200
GCOV	51	778151	793713	15563	4	55620867	4	66414095	0.4354056295865452	0.0222461736952066	0.3918031291439403	0.47900813002915016	0.43576821587497583	0.0003625862884306108	0.0003625862884306108	0.01629881585023934	False	False	False	0.4239853519216409	0.43823430138499575	164	200
GCOV	52	793714	809276	15563	4	66414681	4	79300180	0.4354056295865452	0.0222461736952066	0.3918031291439403	0.47900813002915016	0.4363100456169857	0.0009044160304405024	0.0009044160304405024	0.040654902853490604	False	False	False	0.4239853519216409	0.43823430138499575	164	200
GCOV	53	809277	824839	15563	4	79300355	4	95707791	0.4354056295865452	0.0222461736952066	0.3918031291439403	0.47900813002915016	0.43145838412639037	-0.003947245460154847	0.003947245460154847	0.1774348035862618	False	False	False	0.4239853519216409	0.43823430138499575	164	200
GCOV	54	824840	840402	15563	4	95708358	4	111420577	0.4354056295865452	0.0222461736952066	0.3918031291439403	0.47900813002915016	0.4355993382528205	0.00019370866627527183	0.00019370866627527183	0.008707504891819233	False	False	False	0.4239853519216409	0.43823430138499575	164	200
GCOV	55	840403	855965	15563	4	111421776	4	122952215	0.4354056295865452	0.0222461736952066	0.3918031291439403	0.47900813002915016	0.43374290700418366	-0.0016627225823615532	0.0016627225823615532	0.07474195810670224	False	False	False	0.4239853519216409	0.43823430138499575	164	200
GCOV	56	855966	871528	15563	4	122952241	4	135372682	0.4354056295865452	0.0222461736952066	0.3918031291439403	0.47900813002915016	0.43284368209705276	-0.0025619474894924554	0.0025619474894924554	0.11516351191865773	False	False	False	0.4239853519216409	0.43823430138499575	164	200
GCOV	57	871529	887091	15563	4	135373049	4	149492755	0.4354056295865452	0.0222461736952066	0.3918031291439403	0.47900813002915016	0.4355215434441386	0.00011591385759340822	0.00011591385759340822	0.005210507621739206	False	False	False	0.4239853519216409	0.43823430138499575	164	200
GCOV	58	887092	902654	15563	4	149493045	4	162934006	0.4354056295865452	0.0222461736952066	0.3918031291439403	0.47900813002915016	0.4371493623387924	0.0017437327522472068	0.0017437327522472068	0.078383490848268	False	False	False	0.4239853519216409	0.43823430138499575	164	200
GCOV	59	902655	918217	15563	4	162934057	4	176825687	0.4354056295865452	0.0222461736952066	0.3918031291439403	0.47900813002915016	0.43660240474126244	0.0011967751547172223	0.0011967751547172223	0.053796898788715845	False	False	False	0.4239853519216409	0.43823430138499575	164	200
GCOV	60	918218	933780	15563	4	176828699	4	186410627	0.4354056295865452	0.0222461736952066	0.3918031291439403	0.47900813002915016	0.4360680363290993	0.000662406742554078	0.000662406742554078	0.029776210130769917	False	False	False	0.4239853519216409	0.43823430138499575	164	200
GCOV	61	933781	949343	15563	4	186410731	5	4725242	0.4354056295865452	0.0222461736952066	0.3918031291439403	0.47900813002915016	0.4365693316140228	0.0011637020274775645	0.0011637020274775645	0.05231021043984333	False	False	False	0.4239853519216409	0.43823430138499575	164	200
GCOV	62	949344	964906	15563	5	4725595	5	16684109	0.4354056295865452	0.0222461736952066	0.3918031291439403	0.47900813002915016	0.43642108139815217	0.0010154518116069489	0.0010154518116069489	0.045646133376444374	False	False	False	0.4239853519216409	0.43823430138499575	164	200
GCOV	63	964907	980469	15563	5	16684597	5	29758199	0.4354056295865452	0.0222461736952066	0.3918031291439403	0.47900813002915016	0.43526485169174733	-0.00014077789479788327	0.00014077789479788327	0.006328184645443849	False	False	False	0.4239853519216409	0.43823430138499575	164	200
GCOV	64	980470	996032	15563	5	29758510	5	43233397	0.4354056295865452	0.0222461736952066	0.3918031291439403	0.47900813002915016	0.437917143478348	0.0025115138918027635	0.0025115138918027635	0.11289644350587451	False	False	False	0.4239853519216409	0.43823430138499575	164	200
GCOV	65	996033	1011595	15563	5	43237748	5	58986312	0.4354056295865452	0.0222461736952066	0.3918031291439403	0.47900813002915016	0.43601868146342276	0.0006130518768775461	0.0006130518768775461	0.02755763239453807	False	False	False	0.4239853519216409	0.43823430138499575	164	200
GCOV	66	1011596	1027158	15563	5	58986989	5	76161368	0.4354056295865452	0.0222461736952066	0.3918031291439403	0.47900813002915016	0.4363346261970795	0.000928996610534305	0.000928996610534305	0.04175983804057399	False	False	False	0.4239853519216409	0.43823430138499575	164	200
GCOV	67	1027159	1042721	15563	5	76163520	5	91832191	0.4354056295865452	0.0222461736952066	0.3918031291439403	0.47900813002915016	0.43588440064677714	0.0004787710602319195	0.0004787710602319195	0.021521501485672598	False	False	False	0.4239853519216409	0.43823430138499575	164	200
GCOV	68	1042722	1058284	15563	5	91832192	5	107021498	0.4354056295865452	0.0222461736952066	0.3918031291439403	0.47900813002915016	0.4365714179574517	0.0011657883709064731	0.0011657883709064731	0.05240399481182089	False	False	False	0.4239853519216409	0.43823430138499575	164	200
GCOV	69	1058285	1073847	15563	5	107022017	5	121023412	0.4354056295865452	0.0222461736952066	0.3918031291439403	0.47900813002915016	0.4356424686507165	0.0002368390641712681	0.0002368390641712681	0.010646283150360368	False	False	False	0.4239853519216409	0.43823430138499575	164	200
GCOV	70	1073848	1089410	15563	5	121023551	5	135185565	0.4354056295865452	0.0222461736952066	0.3918031291439403	0.47900813002915016	0.4360908801104252	0.0006852505238799655	0.0006852505238799655	0.030803073520351814	False	False	False	0.4239853519216409	0.43823430138499575	164	200
GCOV	71	1089411	1104973	15563	5	135185569	5	150955163	0.4354056295865452	0.0222461736952066	0.3918031291439403	0.47900813002915016	0.4354670844446865	6.145485814129659e-05	6.145485814129659e-05	0.0027624911584025933	False	False	False	0.4239853519216409	0.43823430138499575	164	200
GCOV	72	1104974	1120536	15563	5	150955282	5	164512265	0.4354056295865452	0.0222461736952066	0.3918031291439403	0.47900813002915016	0.4358808265707642	0.00047519698421899514	0.00047519698421899514	0.021360841227333678	False	False	False	0.4239853519216409	0.43823430138499575	164	200
GCOV	73	1120537	1136099	15563	5	164512291	5	178194492	0.4354056295865452	0.0222461736952066	0.3918031291439403	0.47900813002915016	0.43518490480232175	-0.00022072478422346942	0.00022072478422346942	0.009921921281727164	False	False	False	0.4239853519216409	0.43823430138499575	164	200
GCOV	74	1136100	1151662	15563	5	178194562	6	8492776	0.4354056295865452	0.0222461736952066	0.3918031291439403	0.47900813002915016	0.4352690079441141	-0.00013662164243111174	0.00013662164243111174	0.006141354657342701	False	False	False	0.4239853519216409	0.43823430138499575	164	200
GCOV	75	1151663	1167225	15563	6	8493757	6	21204822	0.4354056295865452	0.0222461736952066	0.3918031291439403	0.47900813002915016	0.43413326999357293	-0.001272359592972283	0.001272359592972283	0.057194536480960734	False	False	False	0.4239853519216409	0.43823430138499575	164	200
GCOV	76	1167226	1182788	15563	6	21205877	6	30361480	0.4354056295865452	0.0222461736952066	0.3918031291439403	0.47900813002915016	0.43455629817548674	-0.0008493314110584738	0.0008493314110584738	0.03817876380428872	False	False	False	0.4239853519216409	0.43823430138499575	164	200
GCOV	77	1182789	1198351	15563	6	30361608	6	33203688	0.4354056295865452	0.0222461736952066	0.3918031291439403	0.47900813002915016	0.43528395549892646	-0.00012167408761876164	0.00012167408761876164	0.005469438892539927	False	False	False	0.4239853519216409	0.43823430138499575	164	200
GCOV	78	1198352	1213914	15563	6	33203908	6	46017626	0.4354056295865452	0.0222461736952066	0.3918031291439403	0.47900813002915016	0.4364128723429132	0.0010072427563679875	0.0010072427563679875	0.045277123615420606	False	False	False	0.4239853519216409	0.43823430138499575	164	200
GCOV	79	1213915	1229477	15563	6	46018287	6	62472864	0.4354056295865452	0.0222461736952066	0.3918031291439403	0.47900813002915016	0.43405678653418694	-0.0013488430523582728	0.0013488430523582728	0.060632586566961355	False	False	False	0.4239853519216409	0.43823430138499575	164	200
GCOV	80	1229478	1245040	15563	6	62474097	6	73591559	0.4354056295865452	0.0222461736952066	0.3918031291439403	0.47900813002915016	0.4340478941455167	-0.001357735441028518	0.001357735441028518	0.061032313225220854	False	False	False	0.4239853519216409	0.43823430138499575	164	200
GCOV	81	1245041	1260603	15563	6	73591660	6	84931878	0.4354056295865452	0.0222461736952066	0.3918031291439403	0.47900813002915016	0.43042506604905195	-0.0049805635374932655	0.0049805635374932655	0.22388405330874636	False	False	False	0.4239853519216409	0.43823430138499575	164	200
GCOV	82	1260604	1276166	15563	6	84935441	6	97778185	0.4354056295865452	0.0222461736952066	0.3918031291439403	0.47900813002915016	0.43513543231884855	-0.0002701972676966702	0.0002701972676966702	0.012145786120284127	False	False	False	0.4239853519216409	0.43823430138499575	164	200
GCOV	83	1276167	1291729	15563	6	97778418	6	110461062	0.4354056295865452	0.0222461736952066	0.3918031291439403	0.47900813002915016	0.4354467047293366	4.107514279139135e-05	4.107514279139135e-05	0.0018463913549430677	False	False	False	0.4239853519216409	0.43823430138499575	164	200
GCOV	84	1291730	1307292	15563	6	110461195	6	123286751	0.4354056295865452	0.0222461736952066	0.3918031291439403	0.47900813002915016	0.4362360107023072	0.0008303811157620022	0.0008303811157620022	0.037326918648528086	False	False	False	0.4239853519216409	0.43823430138499575	164	200
GCOV	85	1307293	1322855	15563	6	123286895	6	141043296	0.4354056295865452	0.0222461736952066	0.3918031291439403	0.47900813002915016	0.4370262090890766	0.0016205795025313607	0.0016205795025313607	0.0728475613260427	False	False	False	0.4239853519216409	0.43823430138499575	164	200
GCOV	86	1322856	1338418	15563	6	141045356	6	154018460	0.4354056295865452	0.0222461736952066	0.3918031291439403	0.47900813002915016	0.4353379503138161	-6.767927272910423e-05	6.767927272910423e-05	0.0030422882449977063	False	False	False	0.4239853519216409	0.43823430138499575	164	200
GCOV	87	1338419	1353981	15563	6	154019185	6	165836786	0.4354056295865452	0.0222461736952066	0.3918031291439403	0.47900813002915016	0.4360708174157999	0.0006651878292546765	0.0006651878292546765	0.02990122429000026	False	False	False	0.4239853519216409	0.43823430138499575	164	200
GCOV	88	1353982	1369544	15563	6	165836946	7	4401934	0.4354056295865452	0.0222461736952066	0.3918031291439403	0.47900813002915016	0.4343221522605935	-0.0010834773259517094	0.0010834773259517094	0.04870398571890891	False	False	False	0.4239853519216409	0.43823430138499575	164	200
GCOV	89	1369545	1385107	15563	7	4401983	7	13645738	0.4354056295865452	0.0222461736952066	0.3918031291439403	0.47900813002915016	0.43585282579546913	0.00044719620892391676	0.00044719620892391676	0.020102162962985157	False	False	False	0.4239853519216409	0.43823430138499575	164	200
GCOV	90	1385108	1400670	15563	7	13645763	7	24558250	0.4354056295865452	0.0222461736952066	0.3918031291439403	0.47900813002915016	0.4325035916384423	-0.002902037948102898	0.002902037948102898	0.13045110533899149	False	False	False	0.4239853519216409	0.43823430138499575	164	200
GCOV	91	1400671	1416233	15563	7	24560690	7	36885381	0.4354056295865452	0.0222461736952066	0.3918031291439403	0.47900813002915016	0.43772336339137086	0.002317733804825639	0.002317733804825639	0.10418572814277013	False	False	False	0.4239853519216409	0.43823430138499575	164	200
GCOV	92	1416234	1431796	15563	7	36885782	7	48723412	0.4354056295865452	0.0222461736952066	0.3918031291439403	0.47900813002915016	0.4356361909540408	0.00023056136749560752	0.00023056136749560752	0.010364090951303088	False	False	False	0.4239853519216409	0.43823430138499575	164	200
GCOV	93	1431797	1447359	15563	7	48723560	7	57700234	0.4354056295865452	0.0222461736952066	0.3918031291439403	0.47900813002915016	0.43658778677817356	0.0011821571916283413	0.0011821571916283413	0.05313979868291065	False	False	False	0.4239853519216409	0.43823430138499575	164	200
GCOV	94	1447360	1462922	15563	7	57701145	7	73903036	0.4354056295865452	0.0222461736952066	0.3918031291439403	0.47900813002915016	0.4341884061680329	-0.0012172234185123254	0.0012172234185123254	0.05471607995107048	False	False	False	0.4239853519216409	0.43823430138499575	164	200
GCOV	95	1462923	1478485	15563	7	73903312	7	88824027	0.4354056295865452	0.0222461736952066	0.3918031291439403	0.47900813002915016	0.4356947670601126	0.0002891374735674024	0.0002891374735674024	0.012997177740714261	False	False	False	0.4239853519216409	0.43823430138499575	164	200
GCOV	96	1478486	1494048	15563	7	88824196	7	104295174	0.4354056295865452	0.0222461736952066	0.3918031291439403	0.47900813002915016	0.4373581194340114	0.00195248984746621	0.00195248984746621	0.08776744595349961	False	False	False	0.4239853519216409	0.43823430138499575	164	200
GCOV	97	1494049	1509611	15563	7	104295232	7	122892339	0.4354056295865452	0.0222461736952066	0.3918031291439403	0.47900813002915016	0.43595955676708653	0.0005539271805413137	0.0005539271805413137	0.024899885622158422	False	False	False	0.4239853519216409	0.43823430138499575	164	200
GCOV	98	1509612	1525174	15563	7	122893897	7	137871149	0.4354056295865452	0.0222461736952066	0.3918031291439403	0.47900813002915016	0.435969863878417	0.0005642342918718013	0.0005642342918718013	0.025363206257504736	False	False	False	0.4239853519216409	0.43823430138499575	164	200
GCOV	99	1525175	1540737	15563	7	137872583	7	152902954	0.4354056295865452	0.0222461736952066	0.3918031291439403	0.47900813002915016	0.43640748457730294	0.0010018549907577223	0.0010018549907577223	0.04503493519757929	False	False	False	0.4239853519216409	0.43823430138499575	164	200
GCOV	100	1540738	1556300	15563	7	152905314	8	2832494	0.4354056295865452	0.0222461736952066	0.3918031291439403	0.47900813002915016	0.43292749119696583	-0.0024781383895793874	0.0024781383895793874	0.1113961629326554	False	False	False	0.4239853519216409	0.43823430138499575	164	200
GCOV	101	1556301	1571863	15563	8	2833794	8	10353290	0.4354056295865452	0.0222461736952066	0.3918031291439403	0.47900813002915016	0.4368646172173896	0.0014589876308443994	0.0014589876308443994	0.06558375614763669	False	False	False	0.4239853519216409	0.43823430138499575	164	200
GCOV	102	1571864	1587426	15563	8	10353295	8	19885726	0.4354056295865452	0.0222461736952066	0.3918031291439403	0.47900813002915016	0.4361094026165575	0.0007037730300122891	0.0007037730300122891	0.031635688889902515	False	False	False	0.4239853519216409	0.43823430138499575	164	200
GCOV	103	1587427	1602989	15563	8	19885934	8	33294410	0.4354056295865452	0.0222461736952066	0.3918031291439403	0.47900813002915016	0.43615346765732876	0.0007478380707835464	0.0007478380707835464	0.03361648079483815	False	False	False	0.4239853519216409	0.43823430138499575	164	200
GCOV	104	1602990	1618552	15563	8	33294599	8	55428780	0.4354056295865452	0.0222461736952066	0.3918031291439403	0.47900813002915016	0.43292207976031155	-0.0024835498262336664	0.0024835498262336664	0.11163941540062679	False	False	False	0.4239853519216409	0.43823430138499575	164	200
GCOV	105	1618553	1634115	15563	8	55429439	8	70023319	0.4354056295865452	0.0222461736952066	0.3918031291439403	0.47900813002915016	0.43284222479684037	-0.0025634047897048484	0.0025634047897048484	0.11522901982272965	False	False	False	0.4239853519216409	0.43823430138499575	164	200
GCOV	106	1634116	1649678	15563	8	70025994	8	84328920	0.4354056295865452	0.0222461736952066	0.3918031291439403	0.47900813002915016	0.43557225306976644	0.00016662348322121767	0.00016662348322121767	0.0074899839183185084	False	False	False	0.4239853519216409	0.43823430138499575	164	200
GCOV	107	1649679	1665241	15563	8	84330065	8	101674931	0.4354056295865452	0.0222461736952066	0.3918031291439403	0.47900813002915016	0.43643472155154034	0.0010290919649951213	0.0010290919649951213	0.046259279420121605	False	False	False	0.4239853519216409	0.43823430138499575	164	200
GCOV	108	1665242	1680804	15563	8	101675010	8	116980396	0.4354056295865452	0.0222461736952066	0.3918031291439403	0.47900813002915016	0.43517426401203185	-0.0002313655745133647	0.0002313655745133647	0.010400241303663705	False	False	False	0.4239853519216409	0.43823430138499575	164	200
GCOV	109	1680805	1696367	15563	8	116980929	8	130480557	0.4354056295865452	0.0222461736952066	0.3918031291439403	0.47900813002915016	0.43616375070061797	0.0007581211140727517	0.0007581211140727517	0.03407871953441165	False	False	False	0.4239853519216409	0.43823430138499575	164	200
GCOV	110	1696368	1711930	15563	8	130480641	8	142628372	0.4354056295865452	0.0222461736952066	0.3918031291439403	0.47900813002915016	0.43600014618468075	0.0005945165981355305	0.0005945165981355305	0.026724442876377943	False	False	False	0.4239853519216409	0.43823430138499575	164	200
GCOV	111	1711931	1727493	15563	8	142629143	9	7924256	0.4354056295865452	0.0222461736952066	0.3918031291439403	0.47900813002915016	0.43604032412331467	0.0006346945367694534	0.0006346945367694534	0.028530503513339533	False	False	False	0.4239853519216409	0.43823430138499575	164	200
GCOV	112	1727494	1743056	15563	9	7925381	9	19011141	0.4354056295865452	0.0222461736952066	0.3918031291439403	0.47900813002915016	0.43604969133846644	0.0006440617519212211	0.0006440617519212211	0.02895157435815569	False	False	False	0.4239853519216409	0.43823430138499575	164	200
GCOV	113	1743057	1758619	15563	9	19011300	9	31376645	0.4354056295865452	0.0222461736952066	0.3918031291439403	0.47900813002915016	0.43565503829209784	0.00024940870555262284	0.00024940870555262284	0.011211308019516322	False	False	False	0.4239853519216409	0.43823430138499575	164	200
GCOV	114	1758620	1774182	15563	9	31377848	9	76598874	0.4354056295865452	0.0222461736952066	0.3918031291439403	0.47900813002915016	0.43546483828590904	5.920869936382189e-05	5.920869936382189e-05	0.002661522838715389	False	False	False	0.4239853519216409	0.43823430138499575	164	200
GCOV	115	1774183	1789745	15563	9	76599091	9	89129213	0.4354056295865452	0.0222461736952066	0.3918031291439403	0.47900813002915016	0.43531681850594095	-8.881108060426746e-05	8.881108060426746e-05	0.003992195773577172	False	False	False	0.4239853519216409	0.43823430138499575	164	200
GCOV	116	1789746	1805308	15563	9	89129608	9	101821883	0.4354056295865452	0.0222461736952066	0.3918031291439403	0.47900813002915016	0.4361700288361311	0.0007643992495858787	0.0007643992495858787	0.034360931459893454	False	False	False	0.4239853519216409	0.43823430138499575	164	200
GCOV	117	1805309	1820871	15563	9	101822220	9	113878799	0.4354056295865452	0.0222461736952066	0.3918031291439403	0.47900813002915016	0.43640927579072064	0.0010036462041754235	0.0010036462041754235	0.045115453017957864	False	False	False	0.4239853519216409	0.43823430138499575	164	200
GCOV	118	1820872	1836434	15563	9	113878895	9	127068176	0.4354056295865452	0.0222461736952066	0.3918031291439403	0.47900813002915016	0.4359377564551728	0.0005321268686275804	0.0005321268686275804	0.023919927800538487	False	False	False	0.4239853519216409	0.43823430138499575	164	200
GCOV	119	1836435	1851997	15563	9	127069629	10	767395	0.4354056295865452	0.0222461736952066	0.3918031291439403	0.47900813002915016	0.43529383238297314	-0.00011179720357207268	0.00011179720357207268	0.005025457640662119	False	False	False	0.4239853519216409	0.43823430138499575	164	200
GCOV	120	1851998	1867560	15563	10	767727	10	10192661	0.4354056295865452	0.0222461736952066	0.3918031291439403	0.47900813002915016	0.4358359905344648	0.00043036094791959467	0.00043036094791959467	0.019345391877989556	False	False	False	0.4239853519216409	0.43823430138499575	164	200
GCOV	121	1867561	1883123	15563	10	10192664	10	20542634	0.4354056295865452	0.0222461736952066	0.3918031291439403	0.47900813002915016	0.43760593794801816	0.002200308361472947	0.002200308361472947	0.09890727239745722	False	False	False	0.4239853519216409	0.43823430138499575	164	200
GCOV	122	1883124	1898686	15563	10	20543040	10	33730377	0.4354056295865452	0.0222461736952066	0.3918031291439403	0.47900813002915016	0.43565403661530494	0.00024840702875972287	0.00024840702875972287	0.011166281094588743	False	False	False	0.4239853519216409	0.43823430138499575	164	200
GCOV	123	1898687	1914249	15563	10	33730883	10	53512766	0.4354056295865452	0.0222461736952066	0.3918031291439403	0.47900813002915016	0.4356229325726034	0.00021730298605820986	0.00021730298605820986	0.009768106148745584	False	False	False	0.4239853519216409	0.43823430138499575	164	200
GCOV	124	1914250	1929812	15563	10	53512966	10	66559591	0.4354056295865452	0.0222461736952066	0.3918031291439403	0.47900813002915016	0.4334375902197195	-0.0019680393668257135	0.0019680393668257135	0.08846642095803506	False	False	False	0.4239853519216409	0.43823430138499575	164	200
GCOV	125	1929813	1945375	15563	10	66559785	10	80220985	0.4354056295865452	0.0222461736952066	0.3918031291439403	0.47900813002915016	0.43284833093733077	-0.0025572986492144456	0.0025572986492144456	0.11495453934019532	False	False	False	0.4239853519216409	0.43823430138499575	164	200
GCOV	126	1945376	1960938	15563	10	80221107	10	92423933	0.4354056295865452	0.0222461736952066	0.3918031291439403	0.47900813002915016	0.4330025605816542	-0.002403069004891012	0.002403069004891012	0.10802167769681682	False	False	False	0.4239853519216409	0.43823430138499575	164	200
GCOV	127	1960939	1976501	15563	10	92424342	10	108998976	0.4354056295865452	0.0222461736952066	0.3918031291439403	0.47900813002915016	0.43490549159210123	-0.0005001379944439832	0.0005001379944439832	0.02248197830765604	False	False	False	0.4239853519216409	0.43823430138499575	164	200
GCOV	128	1976502	1992064	15563	10	108999693	10	122948519	0.4354056295865452	0.0222461736952066	0.3918031291439403	0.47900813002915016	0.43795743425235034	0.002551804665805124	0.002551804665805124	0.11470757626759712	False	False	False	0.4239853519216409	0.43823430138499575	164	200
GCOV	129	1992065	2007627	15563	10	122949506	10	132618241	0.4354056295865452	0.0222461736952066	0.3918031291439403	0.47900813002915016	0.43682981579561525	0.001424186209070033	0.001424186209070033	0.06401937827973102	False	False	False	0.4239853519216409	0.43823430138499575	164	200
GCOV	130	2007628	2023190	15563	10	132618278	11	7351799	0.4354056295865452	0.0222461736952066	0.3918031291439403	0.47900813002915016	0.4356773427390993	0.00027171315255408723	0.00027171315255408723	0.012213927494984607	False	False	False	0.4239853519216409	0.43823430138499575	164	200
GCOV	131	2023191	2038753	15563	11	7351944	11	20010105	0.4354056295865452	0.0222461736952066	0.3918031291439403	0.47900813002915016	0.43381639903435065	-0.0015892305521945649	0.0015892305521945649	0.0714383774022675	False	False	False	0.4239853519216409	0.43823430138499575	164	200
GCOV	132	2038754	2054316	15563	11	20010141	11	31871538	0.4354056295865452	0.0222461736952066	0.3918031291439403	0.47900813002915016	0.4351279200204513	-0.00027770956609390884	0.00027770956609390884	0.012483475580960114	False	False	False	0.4239853519216409	0.43823430138499575	164	200
GCOV	133	2054317	2069879	15563	11	31871946	11	45356863	0.4354056295865452	0.0222461736952066	0.3918031291439403	0.47900813002915016	0.4353311690512788	-7.44605352664407e-05	7.44605352664407e-05	0.00334711651030958	False	False	False	0.4239853519216409	0.43823430138499575	164	200
GCOV	134	2069880	2085442	15563	11	45357533	11	66344727	0.4354056295865452	0.0222461736952066	0.3918031291439403	0.47900813002915016	0.4346786082317605	-0.000727021354784696	0.000727021354784696	0.03268073713464477	False	False	False	0.4239853519216409	0.43823430138499575	164	200
GCOV	135	2085443	2101005	15563	11	66354825	11	81221576	0.4354056295865452	0.0222461736952066	0.3918031291439403	0.47900813002915016	0.43663373943786343	0.0012281098513182154	0.0012281098513182154	0.05520544198496648	False	False	False	0.4239853519216409	0.43823430138499575	164	200
GCOV	136	2101006	2116568	15563	11	81221742	11	93811663	0.4354056295865452	0.0222461736952066	0.3918031291439403	0.47900813002915016	0.43511921581656726	-0.00028641376997795565	0.00028641376997795565	0.012874743041301949	False	False	False	0.4239853519216409	0.43823430138499575	164	200
GCOV	137	2116569	2132131	15563	11	93812039	11	104483684	0.4354056295865452	0.0222461736952066	0.3918031291439403	0.47900813002915016	0.4359960148787052	0.0005903852921599895	0.0005903852921599895	0.02653873426724166	False	False	False	0.4239853519216409	0.43823430138499575	164	200
GCOV	138	2132132	2147694	15563	11	104483850	11	118577614	0.4354056295865452	0.0222461736952066	0.3918031291439403	0.47900813002915016	0.43512497409336715	-0.0002806554931780725	0.0002806554931780725	0.012615899571014565	False	False	False	0.4239853519216409	0.43823430138499575	164	200
GCOV	139	2147695	2163257	15563	11	118577873	11	131030381	0.4354056295865452	0.0222461736952066	0.3918031291439403	0.47900813002915016	0.43417838662845665	-0.0012272429580885702	0.0012272429580885702	0.05516647379018735	False	False	False	0.4239853519216409	0.43823430138499575	164	200
GCOV	140	2163258	2178820	15563	11	131030628	12	11129433	0.4354056295865452	0.0222461736952066	0.3918031291439403	0.47900813002915016	0.43591999881375326	0.0005143692272080447	0.0005143692272080447	0.0231216942857403	False	False	False	0.4239853519216409	0.43823430138499575	164	200
GCOV	141	2178821	2194383	15563	12	11130766	12	24607488	0.4354056295865452	0.0222461736952066	0.3918031291439403	0.47900813002915016	0.4333124116045555	-0.0020932179819896923	0.0020932179819896923	0.09409339379745647	False	False	False	0.4239853519216409	0.43823430138499575	164	200
GCOV	142	2194384	2209946	15563	12	24607950	12	39590941	0.4354056295865452	0.0222461736952066	0.3918031291439403	0.47900813002915016	0.4351384852476478	-0.0002671443388974071	0.0002671443388974071	0.012008552237231199	False	False	False	0.4239853519216409	0.43823430138499575	164	200
GCOV	143	2209947	2225509	15563	12	39591089	12	53418213	0.4354056295865452	0.0222461736952066	0.3918031291439403	0.47900813002915016	0.43635212051084804	0.000946490924302823	0.000946490924302823	0.04254623456917286	False	False	False	0.4239853519216409	0.43823430138499575	164	200
GCOV	144	2225510	2241072	15563	12	53418575	12	68399273	0.4354056295865452	0.0222461736952066	0.3918031291439403	0.47900813002915016	0.43448519604380736	-0.0009204335427378529	0.0009204335427378529	0.04137491486619919	False	False	False	0.4239853519216409	0.43823430138499575	164	200
GCOV	145	2241073	2256635	15563	12	68399871	12	83457942	0.4354056295865452	0.0222461736952066	0.3918031291439403	0.47900813002915016	0.436161114612598	0.0007554850260527712	0.0007554850260527712	0.033960223290693634	False	False	False	0.4239853519216409	0.43823430138499575	164	200
GCOV	146	2256636	2272198	15563	12	83458058	12	96913156	0.4354056295865452	0.0222461736952066	0.3918031291439403	0.47900813002915016	0.43533850220759146	-6.712737895375742e-05	6.712737895375742e-05	0.003017479764091809	False	False	False	0.4239853519216409	0.43823430138499575	164	200
GCOV	147	2272199	2287761	15563	12	96914286	12	112509281	0.4354056295865452	0.0222461736952066	0.3918031291439403	0.47900813002915016	0.4352893084075642	-0.00011632117898102701	0.00011632117898102701	0.005228817349659138	False	False	False	0.4239853519216409	0.43823430138499575	164	200
GCOV	148	2287762	2303324	15563	12	112515312	12	126571073	0.4354056295865452	0.0222461736952066	0.3918031291439403	0.47900813002915016	0.4363817795920534	0.0009761500055081584	0.0009761500055081584	0.043879456255368994	False	False	False	0.4239853519216409	0.43823430138499575	164	200
GCOV	149	2303325	2318887	15563	12	126571735	13	22821162	0.4354056295865452	0.0222461736952066	0.3918031291439403	0.47900813002915016	0.434312729220692	-0.0010929003658532443	0.0010929003658532443	0.04912756597278265	False	False	False	0.4239853519216409	0.43823430138499575	164	200
GCOV	150	2318888	2334450	15563	13	22821270	13	33278525	0.4354056295865452	0.0222461736952066	0.3918031291439403	0.47900813002915016	0.43363356637800343	-0.0017720632085417853	0.0017720632085417853	0.07965698878471011	False	False	False	0.4239853519216409	0.43823430138499575	164	200
GCOV	151	2334451	2350013	15563	13	33280204	13	46833150	0.4354056295865452	0.0222461736952066	0.3918031291439403	0.47900813002915016	0.4354539137737636	4.8284187218361474e-05	4.8284187218361474e-05	0.0021704490794641823	False	False	False	0.4239853519216409	0.43823430138499575	164	200
GCOV	152	2350014	2365576	15563	13	46833218	13	61692090	0.4354056295865452	0.0222461736952066	0.3918031291439403	0.47900813002915016	0.43287105746271437	-0.002534572123830847	0.002534572123830847	0.11393294678702312	False	False	False	0.4239853519216409	0.43823430138499575	164	200
GCOV	153	2365577	2381139	15563	13	61692288	13	74323682	0.4354056295865452	0.0222461736952066	0.3918031291439403	0.47900813002915016	0.4353483423222996	-5.7287264245642344e-05	5.7287264245642344e-05	0.002575151350993275	False	False	False	0.4239853519216409	0.43823430138499575	164	200
GCOV	154	2381140	2396702	15563	13	74328404	13	87228925	0.4354056295865452	0.0222461736952066	0.3918031291439403	0.47900813002915016	0.43519094186401863	-0.0002146877225265853	0.0002146877225265853	0.009650545998067264	False	False	False	0.4239853519216409	0.43823430138499575	164	200
GCOV	155	2396703	2412265	15563	13	87229330	13	100709000	0.4354056295865452	0.0222461736952066	0.3918031291439403	0.47900813002915016	0.436883605444726	0.001477975858180769	0.001477975858180769	0.06643730640740386	False	False	False	0.4239853519216409	0.43823430138499575	164	200
GCOV	156	2412266	2427828	15563	13	100711312	13	111624246	0.4354056295865452	0.0222461736952066	0.3918031291439403	0.47900813002915016	0.43523590799326917	-0.00016972159327605096	0.00016972159327605096	0.00762924876886226	False	False	False	0.4239853519216409	0.43823430138499575	164	200
GCOV	157	2427829	2443391	15563	13	111624376	14	28993235	0.4354056295865452	0.0222461736952066	0.3918031291439403	0.47900813002915016	0.4352518007310809	-0.000153828855464333	0.000153828855464333	0.00691484556274406	False	False	False	0.4239853519216409	0.43823430138499575	164	200
GCOV	158	2443392	2458954	15563	14	28993586	14	42645947	0.4354056295865452	0.0222461736952066	0.3918031291439403	0.47900813002915016	0.4366315918839999	0.0012259622974546969	0.0012259622974546969	0.05510890610904723	False	False	False	0.4239853519216409	0.43823430138499575	164	200
GCOV	159	2458955	2474517	15563	14	42646073	14	55999660	0.4354056295865452	0.0222461736952066	0.3918031291439403	0.47900813002915016	0.43408194639520853	-0.0013236831913366887	0.0013236831913366887	0.05950161180400671	False	False	False	0.4239853519216409	0.43823430138499575	164	200
GCOV	160	2474518	2490080	15563	14	55999682	14	71859858	0.4354056295865452	0.0222461736952066	0.3918031291439403	0.47900813002915016	0.4365912174566028	0.0011855878700575695	0.0011855878700575695	0.053294012997526355	False	False	False	0.4239853519216409	0.43823430138499575	164	200
GCOV	161	2490081	2505643	15563	14	71860318	14	84946184	0.4354056295865452	0.0222461736952066	0.3918031291439403	0.47900813002915016	0.43592704314397446	0.00052141355742924	0.00052141355742924	0.023438347851324624	False	False	False	0.4239853519216409	0.43823430138499575	164	200
GCOV	162	2505644	2521206	15563	14	84946396	14	96948604	0.4354056295865452	0.0222461736952066	0.3918031291439403	0.47900813002915016	0.43563321443488245	0.0002275848483372367	0.0002275848483372367	0.010230291800080414	False	False	False	0.4239853519216409	0.43823430138499575	164	200
GCOV	163	2521207	2536769	15563	14	96953484	15	26210930	0.4354056295865452	0.0222461736952066	0.3918031291439403	0.47900813002915016	0.43548232675020915	7.66971636639302e-05	7.66971636639302e-05	0.003447656424639721	False	False	False	0.4239853519216409	0.43823430138499575	164	200
GCOV	164	2536770	2552332	15563	15	26211385	15	44081143	0.4354056295865452	0.0222461736952066	0.3918031291439403	0.47900813002915016	0.4239853519216409	-0.011420277664904332	0.011420277664904332	0.5133591880281447	False	True	False	0.4239853519216409	0.43823430138499575	164	200
GCOV	165	2552333	2567895	15563	15	44082088	15	58655480	0.4354056295865452	0.0222461736952066	0.3918031291439403	0.47900813002915016	0.435989595051695	0.0005839654651497717	0.0005839654651497717	0.02625015308927481	False	False	False	0.4239853519216409	0.43823430138499575	164	200
GCOV	166	2567896	2583458	15563	15	58656447	15	74686902	0.4354056295865452	0.0222461736952066	0.3918031291439403	0.47900813002915016	0.43517145782391964	-0.00023417176262557904	0.00023417176262557904	0.010526383810265591	False	False	False	0.4239853519216409	0.43823430138499575	164	200
GCOV	167	2583459	2599021	15563	15	74687184	15	90325358	0.4354056295865452	0.0222461736952066	0.3918031291439403	0.47900813002915016	0.43692680328635203	0.0015211736998068104	0.0015211736998068104	0.06837911636618116	False	False	False	0.4239853519216409	0.43823430138499575	164	200
GCOV	168	2599022	2614584	15563	15	90326274	15	100798777	0.4354056295865452	0.0222461736952066	0.3918031291439403	0.47900813002915016	0.43269397857784947	-0.002711651008695748	0.002711651008695748	0.12189291722018826	False	False	False	0.4239853519216409	0.43823430138499575	164	200
GCOV	169	2614585	2630147	15563	15	100799317	16	8619291	0.4354056295865452	0.0222461736952066	0.3918031291439403	0.47900813002915016	0.4325751451057944	-0.0028304844807507945	0.0028304844807507945	0.12723466603880204	False	False	False	0.4239853519216409	0.43823430138499575	164	200
GCOV	170	2630148	2645710	15563	16	8619300	16	23871398	0.4354056295865452	0.0222461736952066	0.3918031291439403	0.47900813002915016	0.4344231595706578	-0.0009824700158874156	0.0009824700158874156	0.04416355052100978	False	False	False	0.4239853519216409	0.43823430138499575	164	200
GCOV	171	2645711	2661273	15563	16	23871621	16	55404630	0.4354056295865452	0.0222461736952066	0.3918031291439403	0.47900813002915016	0.43726199076173133	0.0018563611751861164	0.0018563611751861164	0.08344631308826415	False	False	False	0.4239853519216409	0.43823430138499575	164	200
GCOV	172	2661274	2676836	15563	16	55404755	16	69468435	0.4354056295865452	0.0222461736952066	0.3918031291439403	0.47900813002915016	0.43823430138499575	0.0028286717984505327	0.0028286717984505327	0.12715318315886515	False	False	False	0.4239853519216409	0.43823430138499575	164	200
GCOV	173	2676837	2692399	15563	16	69468842	16	81145135	0.4354056295865452	0.0222461736952066	0.3918031291439403	0.47900813002915016	0.4346027001477589	-0.0008029294387862929	0.0008029294387862929	0.03609292320500494	False	False	False	0.4239853519216409	0.43823430138499575	164	200
GCOV	174	2692400	2707962	15563	16	81148941	16	89197568	0.4354056295865452	0.0222461736952066	0.3918031291439403	0.47900813002915016	0.43584297566815455	0.0004373460816093355	0.0004373460816093355	0.019659384467701553	False	False	False	0.4239853519216409	0.43823430138499575	164	200
GCOV	175	2707963	2723525	15563	16	89199108	17	11279638	0.4354056295865452	0.0222461736952066	0.3918031291439403	0.47900813002915016	0.4353341723062689	-7.145728027629916e-05	7.145728027629916e-05	0.003212115541995256	False	False	False	0.4239853519216409	0.43823430138499575	164	200
GCOV	176	2723526	2739088	15563	17	11281163	17	31541600	0.4354056295865452	0.0222461736952066	0.3918031291439403	0.47900813002915016	0.43523079880697857	-0.00017483077956664816	0.00017483077956664816	0.007858914614350919	False	False	False	0.4239853519216409	0.43823430138499575	164	200
GCOV	177	2739089	2754651	15563	17	31541717	17	48701800	0.4354056295865452	0.0222461736952066	0.3918031291439403	0.47900813002915016	0.4380487456958879	0.0026431161093427025	0.0026431161093427025	0.11881216723180654	False	False	False	0.4239853519216409	0.43823430138499575	164	200
GCOV	178	2754652	2770214	15563	17	48702094	17	66950453	0.4354056295865452	0.0222461736952066	0.3918031291439403	0.47900813002915016	0.4350009250461361	-0.00040470454040913983	0.00040470454040913983	0.018192096580471356	False	False	False	0.4239853519216409	0.43823430138499575	164	200
GCOV	179	2770215	2785777	15563	17	66950686	17	78712885	0.4354056295865452	0.0222461736952066	0.3918031291439403	0.47900813002915016	0.4350168264502814	-0.0003888031362638267	0.0003888031362638267	0.017477303809221016	False	False	False	0.4239853519216409	0.43823430138499575	164	200
GCOV	180	2785778	2801340	15563	17	78712990	18	8378718	0.4354056295865452	0.0222461736952066	0.3918031291439403	0.47900813002915016	0.43512443177184773	-0.00028119781469748695	0.00028119781469748695	0.012640277764174647	False	False	False	0.4239853519216409	0.43823430138499575	164	200
GCOV	181	2801341	2816903	15563	18	8378745	18	25131421	0.4354056295865452	0.0222461736952066	0.3918031291439403	0.47900813002915016	0.4353710591854028	-3.457040114240861e-05	3.457040114240861e-05	0.0015539931323047037	False	False	False	0.4239853519216409	0.43823430138499575	164	200
GCOV	182	2816904	2832466	15563	18	25131805	18	40720680	0.4354056295865452	0.0222461736952066	0.3918031291439403	0.47900813002915016	0.43572659033279665	0.0003209607462514308	0.0003209607462514308	0.01442768318942814	False	False	False	0.4239853519216409	0.43823430138499575	164	200
GCOV	183	2832467	2848029	15563	18	40720691	18	53831095	0.4354056295865452	0.0222461736952066	0.3918031291439403	0.47900813002915016	0.4329524639664997	-0.0024531656200454943	0.0024531656200454943	0.11027359822215538	False	False	False	0.4239853519216409	0.43823430138499575	164	200
GCOV	184	2848030	2863592	15563	18	53831124	18	65408540	0.4354056295865452	0.0222461736952066	0.3918031291439403	0.47900813002915016	0.43683423044779623	0.001428600861251017	0.001428600861251017	0.06421782374012654	False	False	False	0.4239853519216409	0.43823430138499575	164	200
GCOV	185	2863593	2879155	15563	18	65408831	18	75302838	0.4354056295865452	0.0222461736952066	0.3918031291439403	0.47900813002915016	0.4356567418216015	0.00025111223505630553	0.00025111223505630553	0.011287884312007007	False	False	False	0.4239853519216409	0.43823430138499575	164	200
GCOV	186	2879156	2894718	15563	18	75302993	19	7963949	0.4354056295865452	0.0222461736952066	0.3918031291439403	0.47900813002915016	0.43495815329383003	-0.00044747629271518763	0.00044747629271518763	0.020114753163669025	False	False	False	0.4239853519216409	0.43823430138499575	164	200
GCOV	187	2894719	2910281	15563	19	7963976	19	20925318	0.4354056295865452	0.0222461736952066	0.3918031291439403	0.47900813002915016	0.4336196456334489	-0.001785983953096315	0.001785983953096315	0.08028274783636803	False	False	False	0.4239853519216409	0.43823430138499575	164	200
GCOV	188	2910282	2925844	15563	19	20925352	19	34228538	0.4354056295865452	0.0222461736952066	0.3918031291439403	0.47900813002915016	0.43610040327704297	0.000694773690497752	0.000694773690497752	0.031231154625366218	False	False	False	0.4239853519216409	0.43823430138499575	164	200
GCOV	189	2925845	2941407	15563	19	34228547	19	48595415	0.4354056295865452	0.0222461736952066	0.3918031291439403	0.47900813002915016	0.43522546795026024	-0.00018016163628498116	0.00018016163628498116	0.008098544889263393	False	False	False	0.4239853519216409	0.43823430138499575	164	200
GCOV	190	2941408	2956970	15563	19	48598948	19	58573559	0.4354056295865452	0.0222461736952066	0.3918031291439403	0.47900813002915016	0.43357743695038164	-0.0018281926361635725	0.0018281926361635725	0.0821800935842506	False	False	False	0.4239853519216409	0.43823430138499575	164	200
GCOV	191	2956971	2972533	15563	19	58573649	20	11334115	0.4354056295865452	0.0222461736952066	0.3918031291439403	0.47900813002915016	0.43556775200149667	0.00016212241495144886	0.00016212241495144886	0.007287653920745098	False	False	False	0.4239853519216409	0.43823430138499575	164	200
GCOV	192	2972534	2988096	15563	20	11334229	20	23350525	0.4354056295865452	0.0222461736952066	0.3918031291439403	0.47900813002915016	0.4371679479599333	0.0017623183733880832	0.0017623183733880832	0.07921894333531214	False	False	False	0.4239853519216409	0.43823430138499575	164	200
GCOV	193	2988097	3003659	15563	20	23350790	20	44361759	0.4354056295865452	0.0222461736952066	0.3918031291439403	0.47900813002915016	0.4364015247539996	0.000995895167454408	0.000995895167454408	0.04476703189946747	False	False	False	0.4239853519216409	0.43823430138499575	164	200
GCOV	194	3003660	3019222	15563	20	44363682	20	56790133	0.4354056295865452	0.0222461736952066	0.3918031291439403	0.47900813002915016	0.43768611889050196	0.0022804893039567453	0.0022804893039567453	0.10251153008160338	False	False	False	0.4239853519216409	0.43823430138499575	164	200
GCOV	195	3019223	3034785	15563	20	56790245	21	21313910	0.4354056295865452	0.0222461736952066	0.3918031291439403	0.47900813002915016	0.43544376847997407	3.8138893428851794e-05	3.8138893428851794e-05	0.0017144023934807992	False	False	False	0.4239853519216409	0.43823430138499575	164	200
GCOV	196	3034786	3050348	15563	21	21313911	21	32381039	0.4354056295865452	0.0222461736952066	0.3918031291439403	0.47900813002915016	0.4356362312747593	0.00023060168821409377	0.00023060168821409377	0.01036590343011579	False	False	False	0.4239853519216409	0.43823430138499575	164	200
GCOV	197	3050349	3065911	15563	21	32381162	21	43560383	0.4354056295865452	0.0222461736952066	0.3918031291439403	0.47900813002915016	0.4358206281201776	0.0004149985336323603	0.0004149985336323603	0.01865482753655656	False	False	False	0.4239853519216409	0.43823430138499575	164	200
GCOV	198	3065912	3081474	15563	21	43560554	22	25403114	0.4354056295865452	0.0222461736952066	0.3918031291439403	0.47900813002915016	0.43471391384479097	-0.0006917157417542508	0.0006917157417542508	0.03109369508803643	False	False	False	0.4239853519216409	0.43823430138499575	164	200
GCOV	199	3081475	3097037	15563	22	25403232	22	38800590	0.4354056295865452	0.0222461736952066	0.3918031291439403	0.47900813002915016	0.4349612737024272	-0.0004443558841180084	0.0004443558841180084	0.019974485959073227	False	False	False	0.4239853519216409	0.43823430138499575	164	200
GCOV	200	3097038	3112573	15536	22	38800842	22	51231220	0.4354056295865452	0.0222461736952066	0.3918031291439403	0.47900813002915016	0.4376836855264684	0.002278055939923196	0.002278055939923196	0.10240214659539632	False	False	False	0.4239853519216409	0.43823430138499575	164	200
GCOR	1	1	15563	15563	1	734349	1	14148441	1.0062578	0.0539309227510588	0.9005531914079248	1.1119624085920752	1.0144580699560672	0.008200269956067263	0.008200269956067263	0.15205135639749964	False	False	False	0.989162819499228	1.0179687369207782	164	200
GCOR	2	15564	31126	15563	1	14148565	1	28311773	1.0062578	0.0539309227510588	0.9005531914079248	1.1119624085920752	1.0073597995168475	0.0011019995168475294	0.0011019995168475294	0.02043353721081834	False	False	False	0.989162819499228	1.0179687369207782	164	200
GCOR	3	31127	46689	15563	1	28312046	1	45739452	1.0062578	0.0539309227510588	0.9005531914079248	1.1119624085920752	1.0017264050449497	-0.004531394955050283	0.004531394955050283	0.08402220329080723	False	False	False	0.989162819499228	1.0179687369207782	164	200
GCOR	4	46690	62252	15563	1	45740701	1	62124897	1.0062578	0.0539309227510588	0.9005531914079248	1.1119624085920752	1.0082442693353242	0.0019864693353242036	0.0019864693353242036	0.03683358700338952	False	False	False	0.989162819499228	1.0179687369207782	164	200
GCOR	5	62253	77815	15563	1	62125490	1	78388269	1.0062578	0.0539309227510588	0.9005531914079248	1.1119624085920752	1.0051836237861527	-0.001074176213847311	0.001074176213847311	0.019917630907329918	False	False	False	0.989162819499228	1.0179687369207782	164	200
GCOR	6	77816	93378	15563	1	78390390	1	90821175	1.0062578	0.0539309227510588	0.9005531914079248	1.1119624085920752	1.0034160100110938	-0.0028417899889061626	0.0028417899889061626	0.052693146045797466	False	False	False	0.989162819499228	1.0179687369207782	164	200
GCOR	7	93379	108941	15563	1	90821577	1	105208305	1.0062578	0.0539309227510588	0.9005531914079248	1.1119624085920752	1.0073274454993022	0.0010696454993022186	0.0010696454993022186	0.019833621320362423	False	False	False	0.989162819499228	1.0179687369207782	164	200
GCOR	8	108942	124504	15563	1	105208438	1	119907660	1.0062578	0.0539309227510588	0.9005531914079248	1.1119624085920752	1.0058276929049401	-0.0004301070950598618	0.0004301070950598618	0.007975148080540078	False	False	False	0.989162819499228	1.0179687369207782	164	200
GCOR	9	124505	140067	15563	1	119908304	1	163571924	1.0062578	0.0539309227510588	0.9005531914079248	1.1119624085920752	1.0083404598147403	0.0020826598147403175	0.0020826598147403175	0.03861717375676517	False	False	False	0.989162819499228	1.0179687369207782	164	200
GCOR	10	140068	155630	15563	1	163573221	1	178057658	1.0062578	0.0539309227510588	0.9005531914079248	1.1119624085920752	1.0146232347104667	0.00836543471046669	0.00836543471046669	0.1551138805668304	False	False	False	0.989162819499228	1.0179687369207782	164	200
GCOR	11	155631	171193	15563	1	178057927	1	191147815	1.0062578	0.0539309227510588	0.9005531914079248	1.1119624085920752	1.00541586799074	-0.0008419320092600824	0.0008419320092600824	0.01561130361418771	False	False	False	0.989162819499228	1.0179687369207782	164	200
GCOR	12	171194	186756	15563	1	191148108	1	206813737	1.0062578	0.0539309227510588	0.9005531914079248	1.1119624085920752	1.003424941545164	-0.0028328584548360514	0.0028328584548360514	0.05252753541622714	False	False	False	0.989162819499228	1.0179687369207782	164	200
GCOR	13	186757	202319	15563	1	206817271	1	221044204	1.0062578	0.0539309227510588	0.9005531914079248	1.1119624085920752	1.012154580970471	0.005896780970471083	0.005896780970471083	0.10933951561871458	False	False	False	0.989162819499228	1.0179687369207782	164	200
GCOR	14	202320	217882	15563	1	221044966	1	233237589	1.0062578	0.0539309227510588	0.9005531914079248	1.1119624085920752	1.009914057196349	0.0036562571963489887	0.0036562571963489887	0.0677951907707199	False	False	False	0.989162819499228	1.0179687369207782	164	200
GCOR	15	217883	233445	15563	1	233237670	1	244392845	1.0062578	0.0539309227510588	0.9005531914079248	1.1119624085920752	1.0015365055463457	-0.004721294453654323	0.004721294453654323	0.08754336497165965	False	False	False	0.989162819499228	1.0179687369207782	164	200
GCOR	16	233446	249008	15563	1	244392878	2	6598379	1.0062578	0.0539309227510588	0.9005531914079248	1.1119624085920752	1.0049676321005063	-0.001290167899493655	0.001290167899493655	0.023922600127740737	False	False	False	0.989162819499228	1.0179687369207782	164	200
GCOR	17	249009	264571	15563	2	6598529	2	20713697	1.0062578	0.0539309227510588	0.9005531914079248	1.1119624085920752	1.000400008731651	-0.005857791268349066	0.005857791268349066	0.10861655928618547	False	False	False	0.989162819499228	1.0179687369207782	164	200
GCOR	18	264572	280134	15563	2	20713703	2	37136760	1.0062578	0.0539309227510588	0.9005531914079248	1.1119624085920752	1.0036492376869526	-0.0026085623130474023	0.0026085623130474023	0.04836858299436736	False	False	False	0.989162819499228	1.0179687369207782	164	200
GCOR	19	280135	295697	15563	2	37138046	2	51191994	1.0062578	0.0539309227510588	0.9005531914079248	1.1119624085920752	1.0101097210619063	0.0038519210619063493	0.0038519210619063493	0.07142323671498327	False	False	False	0.989162819499228	1.0179687369207782	164	200
GCOR	20	295698	311260	15563	2	51193859	2	64552357	1.0062578	0.0539309227510588	0.9005531914079248	1.1119624085920752	1.0095041595144065	0.0032463595144065494	0.0032463595144065494	0.060194770436091144	False	False	False	0.989162819499228	1.0179687369207782	164	200
GCOR	21	311261	326823	15563	2	64553247	2	78963044	1.0062578	0.0539309227510588	0.9005531914079248	1.1119624085920752	1.0019105890181628	-0.004347210981837213	0.004347210981837213	0.0806070202414971	False	False	False	0.989162819499228	1.0179687369207782	164	200
GCOR	22	326824	342386	15563	2	78963673	2	104422349	1.0062578	0.0539309227510588	0.9005531914079248	1.1119624085920752	1.0033477100838222	-0.002910089916177805	0.002910089916177805	0.053959579546053155	False	False	False	0.989162819499228	1.0179687369207782	164	200
GCOR	23	342387	357949	15563	2	104422882	2	121309759	1.0062578	0.0539309227510588	0.9005531914079248	1.1119624085920752	1.004529234316388	-0.0017285656836119045	0.0017285656836119045	0.03205147613718455	False	False	False	0.989162819499228	1.0179687369207782	164	200
GCOR	24	357950	373512	15563	2	121309778	2	137101277	1.0062578	0.0539309227510588	0.9005531914079248	1.1119624085920752	1.0045125555646393	-0.0017452444353607266	0.0017452444353607266	0.032360737520042954	False	False	False	0.989162819499228	1.0179687369207782	164	200
GCOR	25	373513	389075	15563	2	137101357	2	151539581	1.0062578	0.0539309227510588	0.9005531914079248	1.1119624085920752	1.0176822996729875	0.011424499672987531	0.011424499672987531	0.2118357908638461	False	False	False	0.989162819499228	1.0179687369207782	164	200
GCOR	26	389076	404638	15563	2	151539798	2	167351483	1.0062578	0.0539309227510588	0.9005531914079248	1.1119624085920752	1.0010776933579162	-0.005180106642083793	0.005180106642083793	0.09605076972249829	False	False	False	0.989162819499228	1.0179687369207782	164	200
GCOR	27	404639	420201	15563	2	167352464	2	181570507	1.0062578	0.0539309227510588	0.9005531914079248	1.1119624085920752	1.0135072036492236	0.007249403649223662	0.007249403649223662	0.1344201671216786	False	False	False	0.989162819499228	1.0179687369207782	164	200
GCOR	28	420202	435764	15563	2	181571918	2	198083833	1.0062578	0.0539309227510588	0.9005531914079248	1.1119624085920752	1.0060926600945448	-0.00016513990545519164	0.00016513990545519164	0.003062063414295086	False	False	False	0.989162819499228	1.0179687369207782	164	200
GCOR	29	435765	451327	15563	2	198084218	2	216858592	1.0062578	0.0539309227510588	0.9005531914079248	1.1119624085920752	1.0036739654898104	-0.00258383451018962	0.00258383451018962	0.04791007419094999	False	False	False	0.989162819499228	1.0179687369207782	164	200
GCOR	30	451328	466890	15563	2	216858824	2	230271780	1.0062578	0.0539309227510588	0.9005531914079248	1.1119624085920752	1.0059762755948094	-0.00028152440519058075	0.00028152440519058075	0.005220092496656822	False	False	False	0.989162819499228	1.0179687369207782	164	200
GCOR	31	466891	482453	15563	2	230272648	2	241484072	1.0062578	0.0539309227510588	0.9005531914079248	1.1119624085920752	1.0179687369207782	0.011710936920778181	0.011710936920778181	0.21714697845677536	False	False	False	0.989162819499228	1.0179687369207782	164	200
GCOR	32	482454	498016	15563	2	241485268	3	8016833	1.0062578	0.0539309227510588	0.9005531914079248	1.1119624085920752	1.0061467109582953	-0.0001110890417046484	0.0001110890417046484	0.0020598394397482738	False	False	False	0.989162819499228	1.0179687369207782	164	200
GCOR	33	498017	513579	15563	3	8016955	3	21340533	1.0062578	0.0539309227510588	0.9005531914079248	1.1119624085920752	1.009535216175112	0.0032774161751121245	0.0032774161751121245	0.06077063042737908	False	False	False	0.989162819499228	1.0179687369207782	164	200
GCOR	34	513580	529142	15563	3	21340863	3	31813629	1.0062578	0.0539309227510588	0.9005531914079248	1.1119624085920752	1.005055898338832	-0.001201901661167959	0.001201901661167959	0.02228594653786751	False	False	False	0.989162819499228	1.0179687369207782	164	200
GCOR	35	529143	544705	15563	3	31814685	3	46662428	1.0062578	0.0539309227510588	0.9005531914079248	1.1119624085920752	1.0005453827374882	-0.005712417262511815	0.005712417262511815	0.10592099988498095	False	False	False	0.989162819499228	1.0179687369207782	164	200
GCOR	36	544706	560268	15563	3	46662736	3	63661117	1.0062578	0.0539309227510588	0.9005531914079248	1.1119624085920752	1.0049056136510515	-0.0013521863489485142	0.0013521863489485142	0.0250725609719327	False	False	False	0.989162819499228	1.0179687369207782	164	200
GCOR	37	560269	575831	15563	3	63661629	3	77099218	1.0062578	0.0539309227510588	0.9005531914079248	1.1119624085920752	0.996688562153347	-0.009569237846652978	0.009569237846652978	0.17743508470685512	False	False	False	0.989162819499228	1.0179687369207782	164	200
GCOR	38	575832	591394	15563	3	77099267	3	95430903	1.0062578	0.0539309227510588	0.9005531914079248	1.1119624085920752	1.0055571076285528	-0.0007006923714472091	0.0007006923714472091	0.012992404648471415	False	False	False	0.989162819499228	1.0179687369207782	164	200
GCOR	39	591395	606957	15563	3	95431652	3	108897123	1.0062578	0.0539309227510588	0.9005531914079248	1.1119624085920752	1.0064536447894736	0.0001958447894736537	0.0001958447894736537	0.003631400678561703	False	False	False	0.989162819499228	1.0179687369207782	164	200
GCOR	40	606958	622520	15563	3	108897541	3	122443054	1.0062578	0.0539309227510588	0.9005531914079248	1.1119624085920752	1.0068462528819724	0.0005884528819724011	0.0005884528819724011	0.010911233332473406	False	False	False	0.989162819499228	1.0179687369207782	164	200
GCOR	41	622521	638083	15563	3	122443946	3	135656738	1.0062578	0.0539309227510588	0.9005531914079248	1.1119624085920752	1.0063554907190577	9.76907190577414e-05	9.76907190577414e-05	0.0018114045537228176	False	False	False	0.989162819499228	1.0179687369207782	164	200
GCOR	42	638084	653646	15563	3	135657414	3	150151120	1.0062578	0.0539309227510588	0.9005531914079248	1.1119624085920752	0.9995384572246383	-0.006719342775361681	0.006719342775361681	0.12459165229524584	False	False	False	0.989162819499228	1.0179687369207782	164	200
GCOR	43	653647	669209	15563	3	150151697	3	162739273	1.0062578	0.0539309227510588	0.9005531914079248	1.1119624085920752	1.00447082976364	-0.001786970236359986	0.001786970236359986	0.03313442724888113	False	False	False	0.989162819499228	1.0179687369207782	164	200
GCOR	44	669210	684772	15563	3	162739768	3	176246068	1.0062578	0.0539309227510588	0.9005531914079248	1.1119624085920752	1.0095403094492306	0.003282509449230586	0.003282509449230586	0.060865071127790826	False	False	False	0.989162819499228	1.0179687369207782	164	200
GCOR	45	684773	700335	15563	3	176246528	3	190250499	1.0062578	0.0539309227510588	0.9005531914079248	1.1119624085920752	1.0139914611231062	0.00773366112310625	0.00773366112310625	0.14339938440890887	False	False	False	0.989162819499228	1.0179687369207782	164	200
GCOR	46	700336	715898	15563	3	190252635	4	4180841	1.0062578	0.0539309227510588	0.9005531914079248	1.1119624085920752	1.0045650143118368	-0.001692785688163223	0.001692785688163223	0.031388034949392546	False	False	False	0.989162819499228	1.0179687369207782	164	200
GCOR	47	715899	731461	15563	4	4180886	4	14491265	1.0062578	0.0539309227510588	0.9005531914079248	1.1119624085920752	1.0061530358475541	-0.00010476415244586867	0.00010476415244586867	0.0019425618383993235	False	False	False	0.989162819499228	1.0179687369207782	164	200
GCOR	48	731462	747024	15563	4	14491446	4	26065536	1.0062578	0.0539309227510588	0.9005531914079248	1.1119624085920752	1.0062089306387991	-4.8869361200853945e-05	4.8869361200853945e-05	0.0009061473215734014	False	False	False	0.989162819499228	1.0179687369207782	164	200
GCOR	49	747025	762587	15563	4	26065733	4	38197669	1.0062578	0.0539309227510588	0.9005531914079248	1.1119624085920752	1.003787681695353	-0.00247011830464694	0.00247011830464694	0.04580152125430573	False	False	False	0.989162819499228	1.0179687369207782	164	200
GCOR	50	762588	778150	15563	4	38197920	4	55620606	1.0062578	0.0539309227510588	0.9005531914079248	1.1119624085920752	1.0003999327956683	-0.005857867204331679	0.005857867204331679	0.1086179673092405	False	False	False	0.989162819499228	1.0179687369207782	164	200
GCOR	51	778151	793713	15563	4	55620867	4	66414095	1.0062578	0.0539309227510588	0.9005531914079248	1.1119624085920752	1.0070510666672994	0.0007932666672993971	0.0007932666672993971	0.014708939265902386	False	False	False	0.989162819499228	1.0179687369207782	164	200
GCOR	52	793714	809276	15563	4	66414681	4	79300180	1.0062578	0.0539309227510588	0.9005531914079248	1.1119624085920752	1.006392203451236	0.00013440345123605368	0.00013440345123605368	0.0024921407678568787	False	False	False	0.989162819499228	1.0179687369207782	164	200
GCOR	53	809277	824839	15563	4	79300355	4	95707791	1.0062578	0.0539309227510588	0.9005531914079248	1.1119624085920752	1.0103826848916304	0.0041248848916304315	0.0041248848916304315	0.07648459698475027	False	False	False	0.989162819499228	1.0179687369207782	164	200
GCOR	54	824840	840402	15563	4	95708358	4	111420577	1.0062578	0.0539309227510588	0.9005531914079248	1.1119624085920752	1.0029541801344597	-0.003303619865540286	0.003303619865540286	0.061256505489245085	False	False	False	0.989162819499228	1.0179687369207782	164	200
GCOR	55	840403	855965	15563	4	111421776	4	122952215	1.0062578	0.0539309227510588	0.9005531914079248	1.1119624085920752	1.004645386092026	-0.001612413907974064	0.001612413907974064	0.029897762280405416	False	False	False	0.989162819499228	1.0179687369207782	164	200
GCOR	56	855966	871528	15563	4	122952241	4	135372682	1.0062578	0.0539309227510588	0.9005531914079248	1.1119624085920752	1.0023971045702489	-0.003860695429751093	0.003860695429751093	0.07158593313101246	False	False	False	0.989162819499228	1.0179687369207782	164	200
GCOR	57	871529	887091	15563	4	135373049	4	149492755	1.0062578	0.0539309227510588	0.9005531914079248	1.1119624085920752	1.0090609508177177	0.002803150817717759	0.002803150817717759	0.0519766893412319	False	False	False	0.989162819499228	1.0179687369207782	164	200
GCOR	58	887092	902654	15563	4	149493045	4	162934006	1.0062578	0.0539309227510588	0.9005531914079248	1.1119624085920752	1.0070515460963	0.0007937460963001186	0.0007937460963001186	0.014717828952491553	False	False	False	0.989162819499228	1.0179687369207782	164	200
GCOR	59	902655	918217	15563	4	162934057	4	176825687	1.0062578	0.0539309227510588	0.9005531914079248	1.1119624085920752	1.0108507149872563	0.004592914987256336	0.004592914987256336	0.08516292236379666	False	False	False	0.989162819499228	1.0179687369207782	164	200
GCOR	60	918218	933780	15563	4	176828699	4	186410627	1.0062578	0.0539309227510588	0.9005531914079248	1.1119624085920752	1.0038799923780826	-0.002377807621917416	0.002377807621917416	0.04408987461410965	False	False	False	0.989162819499228	1.0179687369207782	164	200
GCOR	61	933781	949343	15563	4	186410731	5	4725242	1.0062578	0.0539309227510588	0.9005531914079248	1.1119624085920752	1.0080866493827727	0.0018288493827727237	0.0018288493827727237	0.03391096034485742	False	False	False	0.989162819499228	1.0179687369207782	164	200
GCOR	62	949344	964906	15563	5	4725595	5	16684109	1.0062578	0.0539309227510588	0.9005531914079248	1.1119624085920752	1.0047224986870056	-0.001535301312994397	0.001535301312994397	0.02846792219894393	False	False	False	0.989162819499228	1.0179687369207782	164	200
GCOR	63	964907	980469	15563	5	16684597	5	29758199	1.0062578	0.0539309227510588	0.9005531914079248	1.1119624085920752	1.0040371408363606	-0.002220659163639338	0.002220659163639338	0.04117599051456506	False	False	False	0.989162819499228	1.0179687369207782	164	200
GCOR	64	980470	996032	15563	5	29758510	5	43233397	1.0062578	0.0539309227510588	0.9005531914079248	1.1119624085920752	1.0089504419908886	0.002692641990888589	0.002692641990888589	0.049927608383739844	False	False	False	0.989162819499228	1.0179687369207782	164	200
GCOR	65	996033	1011595	15563	5	43237748	5	58986312	1.0062578	0.0539309227510588	0.9005531914079248	1.1119624085920752	1.0075492274200648	0.001291427420064828	0.001291427420064828	0.023945954457815652	False	False	False	0.989162819499228	1.0179687369207782	164	200
GCOR	66	1011596	1027158	15563	5	58986989	5	76161368	1.0062578	0.0539309227510588	0.9005531914079248	1.1119624085920752	1.0057331931650417	-0.0005246068349582522	0.0005246068349582522	0.00972738473954542	False	False	False	0.989162819499228	1.0179687369207782	164	200
GCOR	67	1027159	1042721	15563	5	76163520	5	91832191	1.0062578	0.0539309227510588	0.9005531914079248	1.1119624085920752	1.0087164550326884	0.002458655032688384	0.002458655032688384	0.04558896653849881	False	False	False	0.989162819499228	1.0179687369207782	164	200
GCOR	68	1042722	1058284	15563	5	91832192	5	107021498	1.0062578	0.0539309227510588	0.9005531914079248	1.1119624085920752	1.0043743068615383	-0.0018834931384617004	0.0018834931384617004	0.03492417786277767	False	False	False	0.989162819499228	1.0179687369207782	164	200
GCOR	69	1058285	1073847	15563	5	107022017	5	121023412	1.0062578	0.0539309227510588	0.9005531914079248	1.1119624085920752	1.0030850963607139	-0.003172703639286123	0.003172703639286123	0.0588290256766251	False	False	False	0.989162819499228	1.0179687369207782	164	200
GCOR	70	1073848	1089410	15563	5	121023551	5	135185565	1.0062578	0.0539309227510588	0.9005531914079248	1.1119624085920752	0.9995415716110687	-0.006716228388931267	0.006716228388931267	0.12453390460112998	False	False	False	0.989162819499228	1.0179687369207782	164	200
GCOR	71	1089411	1104973	15563	5	135185569	5	150955163	1.0062578	0.0539309227510588	0.9005531914079248	1.1119624085920752	1.0046116273124335	-0.001646172687566505	0.001646172687566505	0.03052372560293689	False	False	False	0.989162819499228	1.0179687369207782	164	200
GCOR	72	1104974	1120536	15563	5	150955282	5	164512265	1.0062578	0.0539309227510588	0.9005531914079248	1.1119624085920752	1.0052767283549444	-0.0009810716450555645	0.0009810716450555645	0.01819126384289992	False	False	False	0.989162819499228	1.0179687369207782	164	200
GCOR	73	1120537	1136099	15563	5	164512291	5	178194492	1.0062578	0.0539309227510588	0.9005531914079248	1.1119624085920752	1.0058282840111359	-0.00042951598886409315	0.00042951598886409315	0.007964187648831961	False	False	False	0.989162819499228	1.0179687369207782	164	200
GCOR	74	1136100	1151662	15563	5	178194562	6	8492776	1.0062578	0.0539309227510588	0.9005531914079248	1.1119624085920752	1.0111597095101381	0.004901909510138136	0.004901909510138136	0.09089237231791847	False	False	False	0.989162819499228	1.0179687369207782	164	200
GCOR	75	1151663	1167225	15563	6	8493757	6	21204822	1.0062578	0.0539309227510588	0.9005531914079248	1.1119624085920752	1.0066528403499295	0.00039504034992954296	0.00039504034992954296	0.007324932149835825	False	False	False	0.989162819499228	1.0179687369207782	164	200
GCOR	76	1167226	1182788	15563	6	21205877	6	30361480	1.0062578	0.0539309227510588	0.9005531914079248	1.1119624085920752	1.0047013084020855	-0.0015564915979144889	0.0015564915979144889	0.028860837503173094	False	False	False	0.989162819499228	1.0179687369207782	164	200
GCOR	77	1182789	1198351	15563	6	30361608	6	33203688	1.0062578	0.0539309227510588	0.9005531914079248	1.1119624085920752	1.0056548584291025	-0.0006029415708974639	0.0006029415708974639	0.011179886049430272	False	False	False	0.989162819499228	1.0179687369207782	164	200
GCOR	78	1198352	1213914	15563	6	33203908	6	46017626	1.0062578	0.0539309227510588	0.9005531914079248	1.1119624085920752	1.008551446535107	0.002293646535107108	0.002293646535107108	0.04252933972026425	False	False	False	0.989162819499228	1.0179687369207782	164	200
GCOR	79	1213915	1229477	15563	6	46018287	6	62472864	1.0062578	0.0539309227510588	0.9005531914079248	1.1119624085920752	1.0061160481949711	-0.00014175180502884466	0.00014175180502884466	0.002628395692081158	False	False	False	0.989162819499228	1.0179687369207782	164	200
GCOR	80	1229478	1245040	15563	6	62474097	6	73591559	1.0062578	0.0539309227510588	0.9005531914079248	1.1119624085920752	1.004182486383885	-0.0020753136161149044	0.0020753136161149044	0.03848095879416713	False	False	False	0.989162819499228	1.0179687369207782	164	200
GCOR	81	1245041	1260603	15563	6	73591660	6	84931878	1.0062578	0.0539309227510588	0.9005531914079248	1.1119624085920752	0.9920377516304053	-0.014220048369594673	0.014220048369594673	0.2636715198668745	False	False	False	0.989162819499228	1.0179687369207782	164	200
GCOR	82	1260604	1276166	15563	6	84935441	6	97778185	1.0062578	0.0539309227510588	0.9005531914079248	1.1119624085920752	1.005645904186136	-0.0006118958138638941	0.0006118958138638941	0.011345917752758663	False	False	False	0.989162819499228	1.0179687369207782	164	200
GCOR	83	1276167	1291729	15563	6	97778418	6	110461062	1.0062578	0.0539309227510588	0.9005531914079248	1.1119624085920752	1.0017702466816378	-0.0044875533183621474	0.0044875533183621474	0.0832092812332614	False	False	False	0.989162819499228	1.0179687369207782	164	200
GCOR	84	1291730	1307292	15563	6	110461195	6	123286751	1.0062578	0.0539309227510588	0.9005531914079248	1.1119624085920752	1.0101448545328495	0.003887054532849543	0.003887054532849543	0.07207468989158415	False	False	False	0.989162819499228	1.0179687369207782	164	200
GCOR	85	1307293	1322855	15563	6	123286895	6	141043296	1.0062578	0.0539309227510588	0.9005531914079248	1.1119624085920752	1.010136436867363	0.0038786368673631166	0.0038786368673631166	0.07191860753554359	False	False	False	0.989162819499228	1.0179687369207782	164	200
GCOR	86	1322856	1338418	15563	6	141045356	6	154018460	1.0062578	0.0539309227510588	0.9005531914079248	1.1119624085920752	1.0050275435398313	-0.0012302564601687216	0.0012302564601687216	0.022811707966642728	False	False	False	0.989162819499228	1.0179687369207782	164	200
GCOR	87	1338419	1353981	15563	6	154019185	6	165836786	1.0062578	0.0539309227510588	0.9005531914079248	1.1119624085920752	1.0078056006248837	0.0015478006248836884	0.0015478006248836884	0.028699687413623963	False	False	False	0.989162819499228	1.0179687369207782	164	200
GCOR	88	1353982	1369544	15563	6	165836946	7	4401934	1.0062578	0.0539309227510588	0.9005531914079248	1.1119624085920752	1.0023854272939239	-0.0038723727060760993	0.0038723727060760993	0.07180245596669445	False	False	False	0.989162819499228	1.0179687369207782	164	200
GCOR	89	1369545	1385107	15563	7	4401983	7	13645738	1.0062578	0.0539309227510588	0.9005531914079248	1.1119624085920752	1.0038219424177244	-0.0024358575822756023	0.0024358575822756023	0.04516625078935406	False	False	False	0.989162819499228	1.0179687369207782	164	200
GCOR	90	1385108	1400670	15563	7	13645763	7	24558250	1.0062578	0.0539309227510588	0.9005531914079248	1.1119624085920752	1.0031560049908412	-0.0031017950091587476	0.0031017950091587476	0.05751422098739914	False	False	False	0.989162819499228	1.0179687369207782	164	200
GCOR	91	1400671	1416233	15563	7	24560690	7	36885381	1.0062578	0.0539309227510588	0.9005531914079248	1.1119624085920752	1.0053554194534835	-0.0009023805465164791	0.0009023805465164791	0.016732154772908334	False	False	False	0.989162819499228	1.0179687369207782	164	200
GCOR	92	1416234	1431796	15563	7	36885782	7	48723412	1.0062578	0.0539309227510588	0.9005531914079248	1.1119624085920752	1.003361057608401	-0.002896742391598872	0.002896742391598872	0.05371208656988911	False	False	False	0.989162819499228	1.0179687369207782	164	200
GCOR	93	1431797	1447359	15563	7	48723560	7	57700234	1.0062578	0.0539309227510588	0.9005531914079248	1.1119624085920752	1.0097186310782735	0.003460831078273552	0.003460831078273552	0.06417155319682727	False	False	False	0.989162819499228	1.0179687369207782	164	200
GCOR	94	1447360	1462922	15563	7	57701145	7	73903036	1.0062578	0.0539309227510588	0.9005531914079248	1.1119624085920752	1.003038813346367	-0.0032189866536329603	0.0032189866536329603	0.05968721633953062	False	False	False	0.989162819499228	1.0179687369207782	164	200
GCOR	95	1462923	1478485	15563	7	73903312	7	88824027	1.0062578	0.0539309227510588	0.9005531914079248	1.1119624085920752	1.0072144870855961	0.0009566870855961529	0.0009566870855961529	0.017739119540233914	False	False	False	0.989162819499228	1.0179687369207782	164	200
GCOR	96	1478486	1494048	15563	7	88824196	7	104295174	1.0062578	0.0539309227510588	0.9005531914079248	1.1119624085920752	1.009684401547809	0.0034266015478090495	0.0034266015478090495	0.0635368610996328	False	False	False	0.989162819499228	1.0179687369207782	164	200
GCOR	97	1494049	1509611	15563	7	104295232	7	122892339	1.0062578	0.0539309227510588	0.9005531914079248	1.1119624085920752	1.0024009989225273	-0.00385680107747266	0.00385680107747266	0.0715137231245861	False	False	False	0.989162819499228	1.0179687369207782	164	200
GCOR	98	1509612	1525174	15563	7	122893897	7	137871149	1.0062578	0.0539309227510588	0.9005531914079248	1.1119624085920752	1.0062861995117356	2.8399511735610616e-05	2.8399511735610616e-05	0.0005265905029420818	False	False	False	0.989162819499228	1.0179687369207782	164	200
GCOR	99	1525175	1540737	15563	7	137872583	7	152902954	1.0062578	0.0539309227510588	0.9005531914079248	1.1119624085920752	1.007804655549971	0.0015468555499709158	0.0015468555499709158	0.0286821636097548	False	False	False	0.989162819499228	1.0179687369207782	164	200
GCOR	100	1540738	1556300	15563	7	152905314	8	2832494	1.0062578	0.0539309227510588	0.9005531914079248	1.1119624085920752	1.0105728078958454	0.00431500789584538	0.00431500789584538	0.08000990295981289	False	False	False	0.989162819499228	1.0179687369207782	164	200
GCOR	101	1556301	1571863	15563	8	2833794	8	10353290	1.0062578	0.0539309227510588	0.9005531914079248	1.1119624085920752	1.009256597823505	0.002998797823505095	0.002998797823505095	0.055604422667628495	False	False	False	0.989162819499228	1.0179687369207782	164	200
GCOR	102	1571864	1587426	15563	8	10353295	8	19885726	1.0062578	0.0539309227510588	0.9005531914079248	1.1119624085920752	1.0114539756204632	0.005196175620463261	0.005196175620463261	0.09634872454247499	False	False	False	0.989162819499228	1.0179687369207782	164	200
GCOR	103	1587427	1602989	15563	8	19885934	8	33294410	1.0062578	0.0539309227510588	0.9005531914079248	1.1119624085920752	1.0069023351430695	0.0006445351430695023	0.0006445351430695023	0.01195112395989643	False	False	False	0.989162819499228	1.0179687369207782	164	200
GCOR	104	1602990	1618552	15563	8	33294599	8	55428780	1.0062578	0.0539309227510588	0.9005531914079248	1.1119624085920752	1.0013175753032102	-0.004940224696789786	0.004940224696789786	0.09160282162412652	False	False	False	0.989162819499228	1.0179687369207782	164	200
GCOR	105	1618553	1634115	15563	8	55429439	8	70023319	1.0062578	0.0539309227510588	0.9005531914079248	1.1119624085920752	1.0090023655838918	0.0027445655838918004	0.0027445655838918004	0.05089038799800468	False	False	False	0.989162819499228	1.0179687369207782	164	200
GCOR	106	1634116	1649678	15563	8	70025994	8	84328920	1.0062578	0.0539309227510588	0.9005531914079248	1.1119624085920752	1.005344396451466	-0.0009134035485340863	0.0009134035485340863	0.01693654589872846	False	False	False	0.989162819499228	1.0179687369207782	164	200
GCOR	107	1649679	1665241	15563	8	84330065	8	101674931	1.0062578	0.0539309227510588	0.9005531914079248	1.1119624085920752	1.007637634585668	0.0013798345856679273	0.0013798345856679273	0.02558522115479357	False	False	False	0.989162819499228	1.0179687369207782	164	200
GCOR	108	1665242	1680804	15563	8	101675010	8	116980396	1.0062578	0.0539309227510588	0.9005531914079248	1.1119624085920752	1.006658190203269	0.00040039020326898545	0.00040039020326898545	0.007424130403204065	False	False	False	0.989162819499228	1.0179687369207782	164	200
GCOR	109	1680805	1696367	15563	8	116980929	8	130480557	1.0062578	0.0539309227510588	0.9005531914079248	1.1119624085920752	1.008261985394463	0.0020041853944630095	0.0020041853944630095	0.03716208238665196	False	False	False	0.989162819499228	1.0179687369207782	164	200
GCOR	110	1696368	1711930	15563	8	130480641	8	142628372	1.0062578	0.0539309227510588	0.9005531914079248	1.1119624085920752	1.0065777073506226	0.0003199073506225947	0.0003199073506225947	0.005931798202290431	False	False	False	0.989162819499228	1.0179687369207782	164	200
GCOR	111	1711931	1727493	15563	8	142629143	9	7924256	1.0062578	0.0539309227510588	0.9005531914079248	1.1119624085920752	1.0078216179734263	0.001563817973426307	0.001563817973426307	0.028996684900882867	False	False	False	0.989162819499228	1.0179687369207782	164	200
GCOR	112	1727494	1743056	15563	9	7925381	9	19011141	1.0062578	0.0539309227510588	0.9005531914079248	1.1119624085920752	1.0071381127861316	0.000880312786131654	0.000880312786131654	0.01632296910985769	False	False	False	0.989162819499228	1.0179687369207782	164	200
GCOR	113	1743057	1758619	15563	9	19011300	9	31376645	1.0062578	0.0539309227510588	0.9005531914079248	1.1119624085920752	1.0039775857420086	-0.0022802142579914086	0.0022802142579914086	0.042280275242400564	False	False	False	0.989162819499228	1.0179687369207782	164	200
GCOR	114	1758620	1774182	15563	9	31377848	9	76598874	1.0062578	0.0539309227510588	0.9005531914079248	1.1119624085920752	1.0081461720144222	0.0018883720144222682	0.0018883720144222682	0.0350146431415397	False	False	False	0.989162819499228	1.0179687369207782	164	200
GCOR	115	1774183	1789745	15563	9	76599091	9	89129213	1.0062578	0.0539309227510588	0.9005531914079248	1.1119624085920752	1.00873399257626	0.0024761925762599724	0.0024761925762599724	0.045914151843644446	False	False	False	0.989162819499228	1.0179687369207782	164	200
GCOR	116	1789746	1805308	15563	9	89129608	9	101821883	1.0062578	0.0539309227510588	0.9005531914079248	1.1119624085920752	1.0052040015930928	-0.0010537984069072248	0.0010537984069072248	0.019539780763097293	False	False	False	0.989162819499228	1.0179687369207782	164	200
GCOR	117	1805309	1820871	15563	9	101822220	9	113878799	1.0062578	0.0539309227510588	0.9005531914079248	1.1119624085920752	1.013397572198514	0.007139772198514027	0.007139772198514027	0.13238735468092572	False	False	False	0.989162819499228	1.0179687369207782	164	200
GCOR	118	1820872	1836434	15563	9	113878895	9	127068176	1.0062578	0.0539309227510588	0.9005531914079248	1.1119624085920752	1.0037015396253983	-0.00255626037460166	0.00255626037460166	0.04739878800889744	False	False	False	0.989162819499228	1.0179687369207782	164	200
GCOR	119	1836435	1851997	15563	9	127069629	10	767395	1.0062578	0.0539309227510588	0.9005531914079248	1.1119624085920752	1.0100901580272972	0.0038323580272972	0.0038323580272972	0.07106049427314799	False	False	False	0.989162819499228	1.0179687369207782	164	200
GCOR	120	1851998	1867560	15563	10	767727	10	10192661	1.0062578	0.0539309227510588	0.9005531914079248	1.1119624085920752	1.0082258598729508	0.001968059872950789	0.001968059872950789	0.03649223437238799	False	False	False	0.989162819499228	1.0179687369207782	164	200
GCOR	121	1867561	1883123	15563	10	10192664	10	20542634	1.0062578	0.0539309227510588	0.9005531914079248	1.1119624085920752	1.007741405564406	0.0014836055644060764	0.0014836055644060764	0.027509367330024955	False	False	False	0.989162819499228	1.0179687369207782	164	200
GCOR	122	1883124	1898686	15563	10	20543040	10	33730377	1.0062578	0.0539309227510588	0.9005531914079248	1.1119624085920752	1.0037681417414415	-0.0024896582585585136	0.0024896582585585136	0.04616383572835559	False	False	False	0.989162819499228	1.0179687369207782	164	200
GCOR	123	1898687	1914249	15563	10	33730883	10	53512766	1.0062578	0.0539309227510588	0.9005531914079248	1.1119624085920752	1.0049918038447234	-0.0012659961552765608	0.0012659961552765608	0.02347440189592725	False	False	False	0.989162819499228	1.0179687369207782	164	200
GCOR	124	1914250	1929812	15563	10	53512966	10	66559591	1.0062578	0.0539309227510588	0.9005531914079248	1.1119624085920752	1.0013248378705988	-0.004932962129401197	0.004932962129401197	0.09146815737181783	False	False	False	0.989162819499228	1.0179687369207782	164	200
GCOR	125	1929813	1945375	15563	10	66559785	10	80220985	1.0062578	0.0539309227510588	0.9005531914079248	1.1119624085920752	1.0004692455429094	-0.005788554457090589	0.005788554457090589	0.107332753860158	False	False	False	0.989162819499228	1.0179687369207782	164	200
GCOR	126	1945376	1960938	15563	10	80221107	10	92423933	1.0062578	0.0539309227510588	0.9005531914079248	1.1119624085920752	1.0023486881100634	-0.0039091118899365895	0.0039091118899365895	0.0724836826542124	False	False	False	0.989162819499228	1.0179687369207782	164	200
GCOR	127	1960939	1976501	15563	10	92424342	10	108998976	1.0062578	0.0539309227510588	0.9005531914079248	1.1119624085920752	1.00588622596663	-0.0003715740333700701	0.0003715740333700701	0.0068898141254735935	False	False	False	0.989162819499228	1.0179687369207782	164	200
GCOR	128	1976502	1992064	15563	10	108999693	10	122948519	1.0062578	0.0539309227510588	0.9005531914079248	1.1119624085920752	1.012002198715352	0.005744398715352039	0.005744398715352039	0.10651400759204074	False	False	False	0.989162819499228	1.0179687369207782	164	200
GCOR	129	1992065	2007627	15563	10	122949506	10	132618241	1.0062578	0.0539309227510588	0.9005531914079248	1.1119624085920752	1.0129915533300788	0.006733753330078862	0.006733753330078862	0.12485885622913177	False	False	False	0.989162819499228	1.0179687369207782	164	200
GCOR	130	2007628	2023190	15563	10	132618278	11	7351799	1.0062578	0.0539309227510588	0.9005531914079248	1.1119624085920752	1.00816657839049	0.0019087783904900846	0.0019087783904900846	0.03539302302133539	False	False	False	0.989162819499228	1.0179687369207782	164	200
GCOR	131	2023191	2038753	15563	11	7351944	11	20010105	1.0062578	0.0539309227510588	0.9005531914079248	1.1119624085920752	1.0040771564109596	-0.002180643589040354	0.002180643589040354	0.04043401221050946	False	False	False	0.989162819499228	1.0179687369207782	164	200
GCOR	132	2038754	2054316	15563	11	20010141	11	31871538	1.0062578	0.0539309227510588	0.9005531914079248	1.1119624085920752	1.0017654780398395	-0.0044923219601604725	0.0044923219601604725	0.08329770252396204	False	False	False	0.989162819499228	1.0179687369207782	164	200
GCOR	133	2054317	2069879	15563	11	31871946	11	45356863	1.0062578	0.0539309227510588	0.9005531914079248	1.1119624085920752	1.006391692064552	0.0001338920645519437	0.0001338920645519437	0.0024826585142994806	False	False	False	0.989162819499228	1.0179687369207782	164	200
GCOR	134	2069880	2085442	15563	11	45357533	11	66344727	1.0062578	0.0539309227510588	0.9005531914079248	1.1119624085920752	1.0100923928345467	0.0038345928345466795	0.0038345928345466795	0.07110193260083608	False	False	False	0.989162819499228	1.0179687369207782	164	200
GCOR	135	2085443	2101005	15563	11	66354825	11	81221576	1.0062578	0.0539309227510588	0.9005531914079248	1.1119624085920752	1.0097195278979794	0.003461727897979383	0.003461727897979383	0.06418818224116925	False	False	False	0.989162819499228	1.0179687369207782	164	200
GCOR	136	2101006	2116568	15563	11	81221742	11	93811663	1.0062578	0.0539309227510588	0.9005531914079248	1.1119624085920752	1.00570694187547	-0.0005508581245299293	0.0005508581245299293	0.01021414239605449	False	False	False	0.989162819499228	1.0179687369207782	164	200
GCOR	137	2116569	2132131	15563	11	93812039	11	104483684	1.0062578	0.0539309227510588	0.9005531914079248	1.1119624085920752	1.0053162490497185	-0.0009415509502814778	0.0009415509502814778	0.01745846171829116	False	False	False	0.989162819499228	1.0179687369207782	164	200
GCOR	138	2132132	2147694	15563	11	104483850	11	118577614	1.0062578	0.0539309227510588	0.9005531914079248	1.1119624085920752	1.0060070187689063	-0.00025078123109367745	0.00025078123109367745	0.004650045248646408	False	False	False	0.989162819499228	1.0179687369207782	164	200
GCOR	139	2147695	2163257	15563	11	118577873	11	131030381	1.0062578	0.0539309227510588	0.9005531914079248	1.1119624085920752	1.0054482239047928	-0.000809576095207154	0.000809576095207154	0.01501135255823636	False	False	False	0.989162819499228	1.0179687369207782	164	200
GCOR	140	2163258	2178820	15563	11	131030628	12	11129433	1.0062578	0.0539309227510588	0.9005531914079248	1.1119624085920752	1.0073848569141775	0.0011270569141774711	0.0011270569141774711	0.02089815743335013	False	False	False	0.989162819499228	1.0179687369207782	164	200
GCOR	141	2178821	2194383	15563	12	11130766	12	24607488	1.0062578	0.0539309227510588	0.9005531914079248	1.1119624085920752	1.0037276437751803	-0.0025301562248196685	0.0025301562248196685	0.04691475865337378	False	False	False	0.989162819499228	1.0179687369207782	164	200
GCOR	142	2194384	2209946	15563	12	24607950	12	39590941	1.0062578	0.0539309227510588	0.9005531914079248	1.1119624085920752	1.0047225853431705	-0.0015352146568294867	0.0015352146568294867	0.028466315399718365	False	False	False	0.989162819499228	1.0179687369207782	164	200
GCOR	143	2209947	2225509	15563	12	39591089	12	53418213	1.0062578	0.0539309227510588	0.9005531914079248	1.1119624085920752	1.0030658467035134	-0.0031919532964865827	0.0031919532964865827	0.059185957399994917	False	False	False	0.989162819499228	1.0179687369207782	164	200
GCOR	144	2225510	2241072	15563	12	53418575	12	68399273	1.0062578	0.0539309227510588	0.9005531914079248	1.1119624085920752	1.0004542067749	-0.0058035932250999345	0.0058035932250999345	0.10761160627436132	False	False	False	0.989162819499228	1.0179687369207782	164	200
GCOR	145	2241073	2256635	15563	12	68399871	12	83457942	1.0062578	0.0539309227510588	0.9005531914079248	1.1119624085920752	1.0053284104939868	-0.0009293895060131785	0.0009293895060131785	0.01723296132541942	False	False	False	0.989162819499228	1.0179687369207782	164	200
GCOR	146	2256636	2272198	15563	12	83458058	12	96913156	1.0062578	0.0539309227510588	0.9005531914079248	1.1119624085920752	1.0071730459532775	0.0009152459532775215	0.0009152459532775215	0.016970708205795586	False	False	False	0.989162819499228	1.0179687369207782	164	200
GCOR	147	2272199	2287761	15563	12	96914286	12	112509281	1.0062578	0.0539309227510588	0.9005531914079248	1.1119624085920752	1.004416980471511	-0.0018408195284889128	0.0018408195284889128	0.034132913634465356	False	False	False	0.989162819499228	1.0179687369207782	164	200
GCOR	148	2287762	2303324	15563	12	112515312	12	126571073	1.0062578	0.0539309227510588	0.9005531914079248	1.1119624085920752	1.0119498439499315	0.005692043949931502	0.005692043949931502	0.10554323307623646	False	False	False	0.989162819499228	1.0179687369207782	164	200
GCOR	149	2303325	2318887	15563	12	126571735	13	22821162	1.0062578	0.0539309227510588	0.9005531914079248	1.1119624085920752	1.0045270132374307	-0.0017307867625693252	0.0017307867625693252	0.03209265991161528	False	False	False	0.989162819499228	1.0179687369207782	164	200
GCOR	150	2318888	2334450	15563	13	22821270	13	33278525	1.0062578	0.0539309227510588	0.9005531914079248	1.1119624085920752	1.0057425666629434	-0.0005152333370566087	0.0005152333370566087	0.009553579111466128	False	False	False	0.989162819499228	1.0179687369207782	164	200
GCOR	151	2334451	2350013	15563	13	33280204	13	46833150	1.0062578	0.0539309227510588	0.9005531914079248	1.1119624085920752	1.005569430776039	-0.0006883692239609829	0.0006883692239609829	0.012763905916063127	False	False	False	0.989162819499228	1.0179687369207782	164	200
GCOR	152	2350014	2365576	15563	13	46833218	13	61692090	1.0062578	0.0539309227510588	0.9005531914079248	1.1119624085920752	1.002068698034351	-0.004189101965649034	0.004189101965649034	0.07767532524866341	False	False	False	0.989162819499228	1.0179687369207782	164	200
GCOR	153	2365577	2381139	15563	13	61692288	13	74323682	1.0062578	0.0539309227510588	0.9005531914079248	1.1119624085920752	1.0045631632707182	-0.0016946367292818287	0.0016946367292818287	0.031422357394182705	False	False	False	0.989162819499228	1.0179687369207782	164	200
GCOR	154	2381140	2396702	15563	13	74328404	13	87228925	1.0062578	0.0539309227510588	0.9005531914079248	1.1119624085920752	1.005481453653171	-0.0007763463468288823	0.0007763463468288823	0.014395198658336338	False	False	False	0.989162819499228	1.0179687369207782	164	200
GCOR	155	2396703	2412265	15563	13	87229330	13	100709000	1.0062578	0.0539309227510588	0.9005531914079248	1.1119624085920752	1.0105421721254637	0.004284372125463731	0.004284372125463731	0.07944184721704244	False	False	False	0.989162819499228	1.0179687369207782	164	200
GCOR	156	2412266	2427828	15563	13	100711312	13	111624246	1.0062578	0.0539309227510588	0.9005531914079248	1.1119624085920752	1.0066517602478846	0.00039396024788462825	0.00039396024788462825	0.007304904640759068	False	False	False	0.989162819499228	1.0179687369207782	164	200
GCOR	157	2427829	2443391	15563	13	111624376	14	28993235	1.0062578	0.0539309227510588	0.9005531914079248	1.1119624085920752	1.0055781606994556	-0.0006796393005443768	0.0006796393005443768	0.012602033599193959	False	False	False	0.989162819499228	1.0179687369207782	164	200
GCOR	158	2443392	2458954	15563	14	28993586	14	42645947	1.0062578	0.0539309227510588	0.9005531914079248	1.1119624085920752	1.0058426919327796	-0.0004151080672203378	0.0004151080672203378	0.007697032538019909	False	False	False	0.989162819499228	1.0179687369207782	164	200
GCOR	159	2458955	2474517	15563	14	42646073	14	55999660	1.0062578	0.0539309227510588	0.9005531914079248	1.1119624085920752	1.0117226562715271	0.005464856271527152	0.005464856271527152	0.10133066509454194	False	False	False	0.989162819499228	1.0179687369207782	164	200
GCOR	160	2474518	2490080	15563	14	55999682	14	71859858	1.0062578	0.0539309227510588	0.9005531914079248	1.1119624085920752	1.005621512342157	-0.0006362876578429599	0.0006362876578429599	0.011798197126721107	False	False	False	0.989162819499228	1.0179687369207782	164	200
GCOR	161	2490081	2505643	15563	14	71860318	14	84946184	1.0062578	0.0539309227510588	0.9005531914079248	1.1119624085920752	1.0043359275015185	-0.001921872498481525	0.001921872498481525	0.03563581708684548	False	False	False	0.989162819499228	1.0179687369207782	164	200
GCOR	162	2505644	2521206	15563	14	84946396	14	96948604	1.0062578	0.0539309227510588	0.9005531914079248	1.1119624085920752	1.0077617066065496	0.0015039066065496431	0.0015039066065496431	0.02788579408313791	False	False	False	0.989162819499228	1.0179687369207782	164	200
GCOR	163	2521207	2536769	15563	14	96953484	15	26210930	1.0062578	0.0539309227510588	0.9005531914079248	1.1119624085920752	1.004208778766299	-0.002049021233700987	0.002049021233700987	0.03799343918440112	False	False	False	0.989162819499228	1.0179687369207782	164	200
GCOR	164	2536770	2552332	15563	15	26211385	15	44081143	1.0062578	0.0539309227510588	0.9005531914079248	1.1119624085920752	0.989162819499228	-0.01709498050077196	0.01709498050077196	0.3169791953992915	False	False	False	0.989162819499228	1.0179687369207782	164	200
GCOR	165	2552333	2567895	15563	15	44082088	15	58655480	1.0062578	0.0539309227510588	0.9005531914079248	1.1119624085920752	1.0050051870832493	-0.0012526129167507172	0.0012526129167507172	0.023226246703263117	False	False	False	0.989162819499228	1.0179687369207782	164	200
GCOR	166	2567896	2583458	15563	15	58656447	15	74686902	1.0062578	0.0539309227510588	0.9005531914079248	1.1119624085920752	1.0044034598852578	-0.00185434011474217	0.00185434011474217	0.03438361556136669	False	False	False	0.989162819499228	1.0179687369207782	164	200
GCOR	167	2583459	2599021	15563	15	74687184	15	90325358	1.0062578	0.0539309227510588	0.9005531914079248	1.1119624085920752	1.0111005007154048	0.004842700715404824	0.004842700715404824	0.08979450875999985	False	False	False	0.989162819499228	1.0179687369207782	164	200
GCOR	168	2599022	2614584	15563	15	90326274	15	100798777	1.0062578	0.0539309227510588	0.9005531914079248	1.1119624085920752	1.000291682588555	-0.005966117411444927	0.005966117411444927	0.11062516840262662	False	False	False	0.989162819499228	1.0179687369207782	164	200
GCOR	169	2614585	2630147	15563	15	100799317	16	8619291	1.0062578	0.0539309227510588	0.9005531914079248	1.1119624085920752	1.007240360378985	0.0009825603789850312	0.0009825603789850312	0.018218868301594953	False	False	False	0.989162819499228	1.0179687369207782	164	200
GCOR	170	2630148	2645710	15563	16	8619300	16	23871398	1.0062578	0.0539309227510588	0.9005531914079248	1.1119624085920752	1.0024536061975078	-0.003804193802492195	0.003804193802492195	0.07053826651644875	False	False	False	0.989162819499228	1.0179687369207782	164	200
GCOR	171	2645711	2661273	15563	16	23871621	16	55404630	1.0062578	0.0539309227510588	0.9005531914079248	1.1119624085920752	1.009539922584077	0.0032821225840771184	0.0032821225840771184	0.060857897782078695	False	False	False	0.989162819499228	1.0179687369207782	164	200
GCOR	172	2661274	2676836	15563	16	55404755	16	69468435	1.0062578	0.0539309227510588	0.9005531914079248	1.1119624085920752	1.0108686801644775	0.004610880164477527	0.004610880164477527	0.08549603695380872	False	False	False	0.989162819499228	1.0179687369207782	164	200
GCOR	173	2676837	2692399	15563	16	69468842	16	81145135	1.0062578	0.0539309227510588	0.9005531914079248	1.1119624085920752	1.0049343092778669	-0.0013234907221331138	0.0013234907221331138	0.02454047983273437	False	False	False	0.989162819499228	1.0179687369207782	164	200
GCOR	174	2692400	2707962	15563	16	81148941	16	89197568	1.0062578	0.0539309227510588	0.9005531914079248	1.1119624085920752	1.0034906161729344	-0.0027671838270655336	0.0027671838270655336	0.051309780843888986	False	False	False	0.989162819499228	1.0179687369207782	164	200
GCOR	175	2707963	2723525	15563	16	89199108	17	11279638	1.0062578	0.0539309227510588	0.9005531914079248	1.1119624085920752	1.0009386618408116	-0.005319138159188386	0.005319138159188386	0.09862872518872223	False	False	False	0.989162819499228	1.0179687369207782	164	200
GCOR	176	2723526	2739088	15563	17	11281163	17	31541600	1.0062578	0.0539309227510588	0.9005531914079248	1.1119624085920752	1.0075734724105716	0.0013156724105716222	0.0013156724105716222	0.024395510839758296	False	False	False	0.989162819499228	1.0179687369207782	164	200
GCOR	177	2739089	2754651	15563	17	31541717	17	48701800	1.0062578	0.0539309227510588	0.9005531914079248	1.1119624085920752	1.0102622504725487	0.004004450472548715	0.004004450472548715	0.07425147333437936	False	False	False	0.989162819499228	1.0179687369207782	164	200
GCOR	178	2754652	2770214	15563	17	48702094	17	66950453	1.0062578	0.0539309227510588	0.9005531914079248	1.1119624085920752	1.0041181817342384	-0.002139618265761589	0.002139618265761589	0.03967331090621073	False	False	False	0.989162819499228	1.0179687369207782	164	200
GCOR	179	2770215	2785777	15563	17	66950686	17	78712885	1.0062578	0.0539309227510588	0.9005531914079248	1.1119624085920752	1.0055388572614683	-0.0007189427385316804	0.0007189427385316804	0.013330807296776057	False	False	False	0.989162819499228	1.0179687369207782	164	200
GCOR	180	2785778	2801340	15563	17	78712990	18	8378718	1.0062578	0.0539309227510588	0.9005531914079248	1.1119624085920752	1.00729477302893	0.0010369730289299106	0.0010369730289299106	0.019227800601827313	False	False	False	0.989162819499228	1.0179687369207782	164	200
GCOR	181	2801341	2816903	15563	18	8378745	18	25131421	1.0062578	0.0539309227510588	0.9005531914079248	1.1119624085920752	1.002043084932318	-0.004214715067681896	0.004214715067681896	0.0781502494800008	False	False	False	0.989162819499228	1.0179687369207782	164	200
GCOR	182	2816904	2832466	15563	18	25131805	18	40720680	1.0062578	0.0539309227510588	0.9005531914079248	1.1119624085920752	1.0061859348823083	-7.18651176916385e-05	7.18651176916385e-05	0.0013325401091941749	False	False	False	0.989162819499228	1.0179687369207782	164	200
GCOR	183	2832467	2848029	15563	18	40720691	18	53831095	1.0062578	0.0539309227510588	0.9005531914079248	1.1119624085920752	1.0024550751499919	-0.003802724850008099	0.003802724850008099	0.07051102885001985	False	False	False	0.989162819499228	1.0179687369207782	164	200
GCOR	184	2848030	2863592	15563	18	53831124	18	65408540	1.0062578	0.0539309227510588	0.9005531914079248	1.1119624085920752	1.0103522744368756	0.004094474436875606	0.004094474436875606	0.07592071909793573	False	False	False	0.989162819499228	1.0179687369207782	164	200
GCOR	185	2863593	2879155	15563	18	65408831	18	75302838	1.0062578	0.0539309227510588	0.9005531914079248	1.1119624085920752	1.0064255906265496	0.00016779062654959098	0.00016779062654959098	0.0031112137154429985	False	False	False	0.989162819499228	1.0179687369207782	164	200
GCOR	186	2879156	2894718	15563	18	75302993	19	7963949	1.0062578	0.0539309227510588	0.9005531914079248	1.1119624085920752	1.0064815144647903	0.00022371446479030332	0.00022371446479030332	0.004148166828573525	False	False	False	0.989162819499228	1.0179687369207782	164	200
GCOR	187	2894719	2910281	15563	19	7963976	19	20925318	1.0062578	0.0539309227510588	0.9005531914079248	1.1119624085920752	1.0039505007151641	-0.002307299284835862	0.002307299284835862	0.042782492253770385	False	False	False	0.989162819499228	1.0179687369207782	164	200
GCOR	188	2910282	2925844	15563	19	20925352	19	34228538	1.0062578	0.0539309227510588	0.9005531914079248	1.1119624085920752	1.0103969271407711	0.004139127140771137	0.004139127140771137	0.07674868015659672	False	False	False	0.989162819499228	1.0179687369207782	164	200
GCOR	189	2925845	2941407	15563	19	34228547	19	48595415	1.0062578	0.0539309227510588	0.9005531914079248	1.1119624085920752	1.007342374259389	0.001084574259389015	0.001084574259389015	0.02011043394149458	False	False	False	0.989162819499228	1.0179687369207782	164	200
GCOR	190	2941408	2956970	15563	19	48598948	19	58573559	1.0062578	0.0539309227510588	0.9005531914079248	1.1119624085920752	1.0008458100578235	-0.005411989942176509	0.005411989942176509	0.10035040503864286	False	False	False	0.989162819499228	1.0179687369207782	164	200
GCOR	191	2956971	2972533	15563	19	58573649	20	11334115	1.0062578	0.0539309227510588	0.9005531914079248	1.1119624085920752	1.0021136646827458	-0.004144135317254216	0.004144135317254216	0.07684154295640819	False	False	False	0.989162819499228	1.0179687369207782	164	200
GCOR	192	2972534	2988096	15563	20	11334229	20	23350525	1.0062578	0.0539309227510588	0.9005531914079248	1.1119624085920752	1.0090514023788426	0.00279360237884263	0.00279360237884263	0.05179963991600319	False	False	False	0.989162819499228	1.0179687369207782	164	200
GCOR	193	2988097	3003659	15563	20	23350790	20	44361759	1.0062578	0.0539309227510588	0.9005531914079248	1.1119624085920752	1.0099031339305404	0.003645333930540451	0.003645333930540451	0.0675926489774159	False	False	False	0.989162819499228	1.0179687369207782	164	200
GCOR	194	3003660	3019222	15563	20	44363682	20	56790133	1.0062578	0.0539309227510588	0.9005531914079248	1.1119624085920752	1.01259500611355	0.006337206113550042	0.006337206113550042	0.11750598340032346	False	False	False	0.989162819499228	1.0179687369207782	164	200
GCOR	195	3019223	3034785	15563	20	56790245	21	21313910	1.0062578	0.0539309227510588	0.9005531914079248	1.1119624085920752	1.0080957001813469	0.0018379001813468854	0.0018379001813468854	0.03407878240523528	False	False	False	0.989162819499228	1.0179687369207782	164	200
GCOR	196	3034786	3050348	15563	21	21313911	21	32381039	1.0062578	0.0539309227510588	0.9005531914079248	1.1119624085920752	1.0081140919951233	0.0018562919951232715	0.0018562919951232715	0.03441980779175205	False	False	False	0.989162819499228	1.0179687369207782	164	200
GCOR	197	3050349	3065911	15563	21	32381162	21	43560383	1.0062578	0.0539309227510588	0.9005531914079248	1.1119624085920752	1.0091757962573167	0.0029179962573167018	0.0029179962573167018	0.05410618080439601	False	False	False	0.989162819499228	1.0179687369207782	164	200
GCOR	198	3065912	3081474	15563	21	43560554	22	25403114	1.0062578	0.0539309227510588	0.9005531914079248	1.1119624085920752	1.0108350180990568	0.004577218099056868	0.004577218099056868	0.08487186692845906	False	False	False	0.989162819499228	1.0179687369207782	164	200
GCOR	199	3081475	3097037	15563	22	25403232	22	38800590	1.0062578	0.0539309227510588	0.9005531914079248	1.1119624085920752	1.004345453415968	-0.0019123465840320542	0.0019123465840320542	0.03545918531487596	False	False	False	0.989162819499228	1.0179687369207782	164	200
GCOR	200	3097038	3112573	15536	22	38800842	22	51231220	1.0062578	0.0539309227510588	0.9005531914079248	1.1119624085920752	1.0155284448796276	0.009270644879627588	0.009270644879627588	0.17189850287598837	False	False	False	0.989162819499228	1.0179687369207782	164	200
GCORSQ	1	1	15563	15563	1	734349	1	14148441	1.00994483937748	0.1082755037285778	0.7977248520694674	1.2221648266854923	1.0264533199782826	0.016508480600802677	0.016508480600802677	0.1524673636447419	False	False	False	0.9757956856886738	1.0335669240376135	164	200
GCORSQ	2	15564	31126	15563	1	14148565	1	28311773	1.00994483937748	0.1082755037285778	0.7977248520694674	1.2221648266854923	1.0121627779253826	0.0022179385479026426	0.0022179385479026426	0.02048421361735257	False	False	False	0.9757956856886738	1.0335669240376135	164	200
GCORSQ	3	31127	46689	15563	1	28312046	1	45739452	1.00994483937748	0.1082755037285778	0.7977248520694674	1.2221648266854923	1.000844160119981	-0.009100679257499023	0.009100679257499023	0.08405113755288884	False	False	False	0.9757956856886738	1.0335669240376135	164	200
GCORSQ	4	46690	62252	15563	1	45740701	1	62124897	1.00994483937748	0.1082755037285778	0.7977248520694674	1.2221648266854923	1.0139211674403625	0.003976328062882617	0.003976328062882617	0.03672417052753107	False	False	False	0.9757956856886738	1.0335669240376135	164	200
GCORSQ	5	62253	77815	15563	1	62125490	1	78388269	1.00994483937748	0.1082755037285778	0.7977248520694674	1.2221648266854923	1.0077672501249768	-0.0021775892525031093	0.0021775892525031093	0.020111559655837143	False	False	False	0.9757956856886738	1.0335669240376135	164	200
GCORSQ	6	77816	93378	15563	1	78390390	1	90821175	1.00994483937748	0.1082755037285778	0.7977248520694674	1.2221648266854923	1.004256060538671	-0.005688778838808917	0.005688778838808917	0.052539851055040096	False	False	False	0.9757956856886738	1.0335669240376135	164	200
GCORSQ	7	93379	108941	15563	1	90821577	1	105208305	1.00994483937748	0.1082755037285778	0.7977248520694674	1.2221648266854923	1.0120727552529116	0.0021279158754317073	0.0021279158754317073	0.019652791279234416	False	False	False	0.9757956856886738	1.0335669240376135	164	200
GCORSQ	8	108942	124504	15563	1	105208438	1	119907660	1.00994483937748	0.1082755037285778	0.7977248520694674	1.2221648266854923	1.009071153108284	-0.0008736862691958169	0.0008736862691958169	0.008069103713301124	False	False	False	0.9757956856886738	1.0335669240376135	164	200
GCORSQ	9	124505	140067	15563	1	119908304	1	163571924	1.00994483937748	0.1082755037285778	0.7977248520694674	1.2221648266854923	1.0141291816040872	0.0041843422266072405	0.0041843422266072405	0.03864532680537271	False	False	False	0.9757956856886738	1.0335669240376135	164	200
GCORSQ	10	140068	155630	15563	1	163573221	1	178057658	1.00994483937748	0.1082755037285778	0.7977248520694674	1.2221648266854923	1.0267885820316411	0.01684374265416122	0.01684374265416122	0.15556374317486135	False	False	False	0.9757956856886738	1.0335669240376135	164	200
GCORSQ	11	155631	171193	15563	1	178057927	1	191147815	1.00994483937748	0.1082755037285778	0.7977248520694674	1.2221648266854923	1.0082484428657503	-0.001696396511729592	0.001696396511729592	0.01566740817001484	False	False	False	0.9757956856886738	1.0335669240376135	164	200
GCORSQ	12	171194	186756	15563	1	191148108	1	206813737	1.00994483937748	0.1082755037285778	0.7977248520694674	1.2221648266854923	1.0042359445605245	-0.005708894816955468	0.005708894816955468	0.05272563618144299	False	False	False	0.9757956856886738	1.0335669240376135	164	200
GCORSQ	13	186757	202319	15563	1	206817271	1	221044204	1.00994483937748	0.1082755037285778	0.7977248520694674	1.2221648266854923	1.0218171725826308	0.011872333205150909	0.011872333205150909	0.10964930013082334	False	False	False	0.9757956856886738	1.0335669240376135	164	200
GCORSQ	14	202320	217882	15563	1	221044966	1	233237589	1.00994483937748	0.1082755037285778	0.7977248520694674	1.2221648266854923	1.0172990840219225	0.007354244644442565	0.007354244644442565	0.06792159252270016	False	False	False	0.9757956856886738	1.0335669240376135	164	200
GCORSQ	15	217883	233445	15563	1	233237670	1	244392845	1.00994483937748	0.1082755037285778	0.7977248520694674	1.2221648266854923	1.0004765914639027	-0.009468247913577255	0.009468247913577255	0.08744589115292421	False	False	False	0.9757956856886738	1.0335669240376135	164	200
GCORSQ	16	233446	249008	15563	1	244392878	2	6598379	1.00994483937748	0.1082755037285778	0.7977248520694674	1.2221648266854923	1.007346431902235	-0.0025984074752449793	0.0025984074752449793	0.02399811024438731	False	False	False	0.9757956856886738	1.0335669240376135	164	200
GCORSQ	17	249009	264571	15563	2	6598529	2	20713697	1.00994483937748	0.1082755037285778	0.7977248520694674	1.2221648266854923	0.9982227551702411	-0.011722084207238859	0.011722084207238859	0.10826164555764592	False	False	False	0.9757956856886738	1.0335669240376135	164	200
GCORSQ	18	264572	280134	15563	2	20713703	2	37136760	1.00994483937748	0.1082755037285778	0.7977248520694674	1.2221648266854923	1.0047133744144088	-0.005231464963071142	0.005231464963071142	0.04831623758763793	False	False	False	0.9757956856886738	1.0335669240376135	164	200
GCORSQ	19	280135	295697	15563	2	37138046	2	51191994	1.00994483937748	0.1082755037285778	0.7977248520694674	1.2221648266854923	1.0176749968250722	0.007730157447592312	0.007730157447592312	0.07139341015646594	False	False	False	0.9757956856886738	1.0335669240376135	164	200
GCORSQ	20	295698	311260	15563	2	51193859	2	64552357	1.00994483937748	0.1082755037285778	0.7977248520694674	1.2221648266854923	1.0164453262902127	0.00650048691273275	0.00650048691273275	0.06003654279021412	False	False	False	0.9757956856886738	1.0335669240376135	164	200
GCORSQ	21	311261	326823	15563	2	64553247	2	78963044	1.00994483937748	0.1082755037285778	0.7977248520694674	1.2221648266854923	1.0012421458521885	-0.008702693525291405	0.008702693525291405	0.08037546098244981	False	False	False	0.9757956856886738	1.0335669240376135	164	200
GCORSQ	22	326824	342386	15563	2	78963673	2	104422349	1.00994483937748	0.1082755037285778	0.7977248520694674	1.2221648266854923	1.0040966298055856	-0.005848209571894358	0.005848209571894358	0.05401230537384057	False	False	False	0.9757956856886738	1.0335669240376135	164	200
GCORSQ	23	342387	357949	15563	2	104422882	2	121309759	1.00994483937748	0.1082755037285778	0.7977248520694674	1.2221648266854923	1.0064872629213975	-0.0034575764560824673	0.0034575764560824673	0.03193313664695414	False	False	False	0.9757956856886738	1.0335669240376135	164	200
GCORSQ	24	357950	373512	15563	2	121309778	2	137101277	1.00994483937748	0.1082755037285778	0.7977248520694674	1.2221648266854923	1.006432861003629	-0.003511978373850866	0.003511978373850866	0.03243557640382446	False	False	False	0.9757956856886738	1.0335669240376135	164	200
GCORSQ	25	373513	389075	15563	2	137101357	2	151539581	1.00994483937748	0.1082755037285778	0.7977248520694674	1.2221648266854923	1.0329903771627207	0.023045537785240766	0.023045537785240766	0.21284165846977462	False	False	False	0.9757956856886738	1.0335669240376135	164	200
GCORSQ	26	389076	404638	15563	2	151539798	2	167351483	1.00994483937748	0.1082755037285778	0.7977248520694674	1.2221648266854923	0.9995455612427425	-0.0103992781347374	0.0103992781347374	0.0960446063664228	False	False	False	0.9757956856886738	1.0335669240376135	164	200
GCORSQ	27	404639	420201	15563	2	167352464	2	181570507	1.00994483937748	0.1082755037285778	0.7977248520694674	1.2221648266854923	1.0245498627087648	0.014605023331284883	0.014605023331284883	0.13488760456747792	False	False	False	0.9757956856886738	1.0335669240376135	164	200
GCORSQ	28	420202	435764	15563	2	181571918	2	198083833	1.00994483937748	0.1082755037285778	0.7977248520694674	1.2221648266854923	1.0095944880550487	-0.00035035132243121936	0.00035035132243121936	0.003235739482768613	False	False	False	0.9757956856886738	1.0335669240376135	164	200
GCORSQ	29	435765	451327	15563	2	198084218	2	216858592	1.00994483937748	0.1082755037285778	0.7977248520694674	1.2221648266854923	1.004766668929615	-0.005178170447864838	0.005178170447864838	0.0478240254678966	False	False	False	0.9757956856886738	1.0335669240376135	164	200
GCORSQ	30	451328	466890	15563	2	216858824	2	230271780	1.00994483937748	0.1082755037285778	0.7977248520694674	1.2221648266854923	1.0093744019577928	-0.0005704374196870976	0.0005704374196870976	0.00526838850934423	False	False	False	0.9757956856886738	1.0335669240376135	164	200
GCORSQ	31	466891	482453	15563	2	230272648	2	241484072	1.00994483937748	0.1082755037285778	0.7977248520694674	1.2221648266854923	1.0335669240376135	0.023622084660133602	0.023622084660133602	0.2181664720706248	False	False	False	0.9757956856886738	1.0335669240376135	164	200
GCORSQ	32	482454	498016	15563	2	241485268	3	8016833	1.00994483937748	0.1082755037285778	0.7977248520694674	1.2221648266854923	1.0097133876299076	-0.000231451747572331	0.000231451747572331	0.0021376187558778594	False	False	False	0.9757956856886738	1.0335669240376135	164	200
GCORSQ	33	498017	513579	15563	3	8016955	3	21340533	1.00994483937748	0.1082755037285778	0.7977248520694674	1.2221648266854923	1.0165402817595948	0.006595442382114847	0.006595442382114847	0.06091352295758539	False	False	False	0.9757956856886738	1.0335669240376135	164	200
GCORSQ	34	513580	529142	15563	3	21340863	3	31813629	1.00994483937748	0.1082755037285778	0.7977248520694674	1.2221648266854923	1.0075265702393457	-0.0024182691381342547	0.0024182691381342547	0.022334406720437048	False	False	False	0.9757956856886738	1.0335669240376135	164	200
GCORSQ	35	529143	544705	15563	3	31814685	3	46662428	1.00994483937748	0.1082755037285778	0.7977248520694674	1.2221648266854923	0.9984954193828839	-0.011449419994596033	0.011449419994596033	0.10574340086467886	False	False	False	0.9757956856886738	1.0335669240376135	164	200
GCORSQ	36	544706	560268	15563	3	46662736	3	63661117	1.00994483937748	0.1082755037285778	0.7977248520694674	1.2221648266854923	1.0072099491386604	-0.002734890238819565	0.002734890238819565	0.025258624015966864	False	False	False	0.9757956856886738	1.0335669240376135	164	200
GCORSQ	37	560269	575831	15563	3	63661629	3	77099218	1.00994483937748	0.1082755037285778	0.7977248520694674	1.2221648266854923	0.9908092921101225	-0.019135547267357444	0.019135547267357444	0.1767301615638375	False	False	False	0.9757956856886738	1.0335669240376135	164	200
GCORSQ	38	575832	591394	15563	3	77099267	3	95430903	1.00994483937748	0.1082755037285778	0.7977248520694674	1.2221648266854923	1.0085328450013398	-0.0014119943761401466	0.0014119943761401466	0.013040755549655045	False	False	False	0.9757956856886738	1.0335669240376135	164	200
GCORSQ	39	591395	606957	15563	3	95431652	3	108897123	1.00994483937748	0.1082755037285778	0.7977248520694674	1.2221648266854923	1.0103152785265683	0.00037043914908840847	0.00037043914908840847	0.003421264610479353	False	False	False	0.9757956856886738	1.0335669240376135	164	200
GCORSQ	40	606958	622520	15563	3	108897541	3	122443054	1.00994483937748	0.1082755037285778	0.7977248520694674	1.2221648266854923	1.011129467082987	0.0011846277055069798	0.0011846277055069798	0.0109408653362313	False	False	False	0.9757956856886738	1.0335669240376135	164	200
GCORSQ	41	622521	638083	15563	3	122443946	3	135656738	1.00994483937748	0.1082755037285778	0.7977248520694674	1.2221648266854923	1.0101290938603453	0.00018425448286540913	0.00018425448286540913	0.001701719008643852	False	False	False	0.9757956856886738	1.0335669240376135	164	200
GCORSQ	42	638084	653646	15563	3	135657414	3	150151120	1.00994483937748	0.1082755037285778	0.7977248520694674	1.2221648266854923	0.9964819004127216	-0.013462938964758364	0.013462938964758364	0.1243396567196483	False	False	False	0.9757956856886738	1.0335669240376135	164	200
GCORSQ	43	653647	669209	15563	3	150151697	3	162739273	1.00994483937748	0.1082755037285778	0.7977248520694674	1.2221648266854923	1.0063615431172717	-0.0035832962602082574	0.0035832962602082574	0.033094246960889424	False	False	False	0.9757956856886738	1.0335669240376135	164	200
GCORSQ	44	669210	684772	15563	3	162739768	3	176246068	1.00994483937748	0.1082755037285778	0.7977248520694674	1.2221648266854923	1.016507480419441	0.006562641041961026	0.006562641041961026	0.06061057964146796	False	False	False	0.9757956856886738	1.0335669240376135	164	200
GCORSQ	45	684773	700335	15563	3	176246528	3	190250499	1.00994483937748	0.1082755037285778	0.7977248520694674	1.2221648266854923	1.025531035402644	0.015586196025163979	0.015586196025163979	0.14394942058394894	False	False	False	0.9757956856886738	1.0335669240376135	164	200
GCORSQ	46	700336	715898	15563	3	190252635	4	4180841	1.00994483937748	0.1082755037285778	0.7977248520694674	1.2221648266854923	1.006560792663362	-0.003384046714117961	0.003384046714117961	0.031254038056484135	False	False	False	0.9757956856886738	1.0335669240376135	164	200
GCORSQ	47	715899	731461	15563	4	4180886	4	14491265	1.00994483937748	0.1082755037285778	0.7977248520694674	1.2221648266854923	1.0097281226656374	-0.00021671671184253505	0.00021671671184253505	0.0020015303958852487	False	False	False	0.9757956856886738	1.0335669240376135	164	200
GCORSQ	48	731462	747024	15563	4	14491446	4	26065536	1.00994483937748	0.1082755037285778	0.7977248520694674	1.2221648266854923	1.0098502694653457	-9.45699121341903e-05	9.45699121341903e-05	0.000873419276545281	False	False	False	0.9757956856886738	1.0335669240376135	164	200
GCORSQ	49	747025	762587	15563	4	26065733	4	38197669	1.00994483937748	0.1082755037285778	0.7977248520694674	1.2221648266854923	1.0049879607011656	-0.004956878676314336	0.004956878676314336	0.04578024119601521	False	False	False	0.9757956856886738	1.0335669240376135	164	200
GCORSQ	50	762588	778150	15563	4	38197920	4	55620606	1.00994483937748	0.1082755037285778	0.7977248520694674	1.2221648266854923	0.9981384158700358	-0.011806423507444097	0.011806423507444097	0.10904057797819283	False	False	False	0.9757956856886738	1.0335669240376135	164	200
GCORSQ	51	778151	793713	15563	4	55620867	4	66414095	1.00994483937748	0.1082755037285778	0.7977248520694674	1.2221648266854923	1.0115278742820826	0.0015830349046026537	0.0015830349046026537	0.01462043444813671	False	False	False	0.9757956856886738	1.0335669240376135	164	200
GCORSQ	52	793714	809276	15563	4	66414681	4	79300180	1.00994483937748	0.1082755037285778	0.7977248520694674	1.2221648266854923	1.0102121939436253	0.00026735456614535025	0.00026735456614535025	0.0024692063942325097	False	False	False	0.9757956856886738	1.0335669240376135	164	200
GCORSQ	53	809277	824839	15563	4	79300355	4	95707791	1.00994483937748	0.1082755037285778	0.7977248520694674	1.2221648266854923	1.0181737383299874	0.008228898952507446	0.008228898952507446	0.07599963675196039	False	False	False	0.9757956856886738	1.0335669240376135	164	200
GCORSQ	54	824840	840402	15563	4	95708358	4	111420577	1.00994483937748	0.1082755037285778	0.7977248520694674	1.2221648266854923	1.003318407428848	-0.0066264319486319945	0.0066264319486319945	0.06119973327709433	False	False	False	0.9757956856886738	1.0335669240376135	164	200
GCORSQ	55	840403	855965	15563	4	111421776	4	122952215	1.00994483937748	0.1082755037285778	0.7977248520694674	1.2221648266854923	1.0066800428318803	-0.0032647965455996353	0.0032647965455996353	0.030152679351958884	False	False	False	0.9757956856886738	1.0335669240376135	164	200
GCORSQ	56	855966	871528	15563	4	122952241	4	135372682	1.00994483937748	0.1082755037285778	0.7977248520694674	1.2221648266854923	1.0021718532529333	-0.007772986124546577	0.007772986124546577	0.07178896294060838	False	False	False	0.9757956856886738	1.0335669240376135	164	200
GCORSQ	57	871529	887091	15563	4	135373049	4	149492755	1.00994483937748	0.1082755037285778	0.7977248520694674	1.2221648266854923	1.015563565440658	0.005618726063178148	0.005618726063178148	0.051892864680297614	False	False	False	0.9757956856886738	1.0335669240376135	164	200
GCORSQ	58	887092	902654	15563	4	149493045	4	162934006	1.00994483937748	0.1082755037285778	0.7977248520694674	1.2221648266854923	1.011545378984976	0.0016005396074960654	0.0016005396074960654	0.014782102621367213	False	False	False	0.9757956856886738	1.0335669240376135	164	200
GCORSQ	59	902655	918217	15563	4	162934057	4	176825687	1.00994483937748	0.1082755037285778	0.7977248520694674	1.2221648266854923	1.0191797833156482	0.00923494393816826	0.00923494393816826	0.08529116577760909	False	False	False	0.9757956856886738	1.0335669240376135	164	200
GCORSQ	60	918218	933780	15563	4	176828699	4	186410627	1.00994483937748	0.1082755037285778	0.7977248520694674	1.2221648266854923	1.0051757937795343	-0.004769045597945665	0.004769045597945665	0.04404547135518837	False	False	False	0.9757956856886738	1.0335669240376135	164	200
GCORSQ	61	933781	949343	15563	4	186410731	5	4725242	1.00994483937748	0.1082755037285778	0.7977248520694674	1.2221648266854923	1.0136174195195309	0.003672580142050963	0.003672580142050963	0.0339188460508786	False	False	False	0.9757956856886738	1.0335669240376135	164	200
GCORSQ	62	949344	964906	15563	5	4725595	5	16684109	1.00994483937748	0.1082755037285778	0.7977248520694674	1.2221648266854923	1.0068666628035419	-0.0030781765739380518	0.0030781765739380518	0.028429113399964817	False	False	False	0.9757956856886738	1.0335669240376135	164	200
GCORSQ	63	964907	980469	15563	5	16684597	5	29758199	1.00994483937748	0.1082755037285778	0.7977248520694674	1.2221648266854923	1.0054806925139497	-0.0044641468635302495	0.0044641468635302495	0.04122951831026209	False	False	False	0.9757956856886738	1.0335669240376135	164	200
GCORSQ	64	980470	996032	15563	5	29758510	5	43233397	1.00994483937748	0.1082755037285778	0.7977248520694674	1.2221648266854923	1.0153700808666628	0.005425241489182886	0.005425241489182886	0.05010589932495479	False	False	False	0.9757956856886738	1.0335669240376135	164	200
GCORSQ	65	996033	1011595	15563	5	43237748	5	58986312	1.00994483937748	0.1082755037285778	0.7977248520694674	1.2221648266854923	1.0125311495159295	0.0025863101384495657	0.0025863101384495657	0.023886382878742916	False	False	False	0.9757956856886738	1.0335669240376135	164	200
GCORSQ	66	1011596	1027158	15563	5	58986989	5	76161368	1.00994483937748	0.1082755037285778	0.7977248520694674	1.2221648266854923	1.0088908669212822	-0.0010539724561977604	0.0010539724561977604	0.009734172734396423	False	False	False	0.9757956856886738	1.0335669240376135	164	200
GCORSQ	67	1027159	1042721	15563	5	76163520	5	91832191	1.00994483937748	0.1082755037285778	0.7977248520694674	1.2221648266854923	1.0148751525287592	0.004930313151279231	0.004930313151279231	0.045534889993570575	False	False	False	0.9757956856886738	1.0335669240376135	164	200
GCORSQ	68	1042722	1058284	15563	5	91832192	5	107021498	1.00994483937748	0.1082755037285778	0.7977248520694674	1.2221648266854923	1.006171211672854	-0.0037736277046258593	0.0037736277046258593	0.03485209095942412	False	False	False	0.9757956856886738	1.0335669240376135	164	200
GCORSQ	69	1058285	1073847	15563	5	107022017	5	121023412	1.00994483937748	0.1082755037285778	0.7977248520694674	1.2221648266854923	1.003580674758313	-0.006364164619167001	0.006364164619167001	0.05877751107139175	False	False	False	0.9757956856886738	1.0335669240376135	164	200
GCORSQ	70	1073848	1089410	15563	5	121023551	5	135185565	1.00994483937748	0.1082755037285778	0.7977248520694674	1.2221648266854923	0.9965130787479071	-0.013431760629572853	0.013431760629572853	0.12405170298947063	False	False	False	0.9757956856886738	1.0335669240376135	164	200
GCORSQ	71	1089411	1104973	15563	5	135185569	5	150955163	1.00994483937748	0.1082755037285778	0.7977248520694674	1.2221648266854923	1.0066332260024007	-0.0033116133750792365	0.0033116133750792365	0.030585065513809125	False	False	False	0.9757956856886738	1.0335669240376135	164	200
GCORSQ	72	1104974	1120536	15563	5	150955282	5	164512265	1.00994483937748	0.1082755037285778	0.7977248520694674	1.2221648266854923	1.0079705255622144	-0.0019743138152654716	0.0019743138152654716	0.018234168831157135	False	False	False	0.9757956856886738	1.0335669240376135	164	200
GCORSQ	73	1120537	1136099	15563	5	164512291	5	178194492	1.00994483937748	0.1082755037285778	0.7977248520694674	1.2221648266854923	1.0090677212080046	-0.0008771181694753327	0.0008771181694753327	0.00810079971250071	False	False	False	0.9757956856886738	1.0335669240376135	164	200
GCORSQ	74	1136100	1151662	15563	5	178194562	6	8492776	1.00994483937748	0.1082755037285778	0.7977248520694674	1.2221648266854923	1.0197863021302656	0.009841462752785635	0.009841462752785635	0.0908927912028556	False	False	False	0.9757956856886738	1.0335669240376135	164	200
GCORSQ	75	1151663	1167225	15563	6	8493757	6	21204822	1.00994483937748	0.1082755037285778	0.7977248520694674	1.2221648266854923	1.0107088618427245	0.0007640224652445404	0.0007640224652445404	0.007056281789829137	False	False	False	0.9757956856886738	1.0335669240376135	164	200
GCORSQ	76	1167226	1182788	15563	6	21205877	6	30361480	1.00994483937748	0.1082755037285778	0.7977248520694674	1.2221648266854923	1.0068018732209858	-0.0031429661564941203	0.0031429661564941203	0.02902749050581954	False	False	False	0.9757956856886738	1.0335669240376135	164	200
GCORSQ	77	1182789	1198351	15563	6	30361608	6	33203688	1.00994483937748	0.1082755037285778	0.7977248520694674	1.2221648266854923	1.0087212314108078	-0.0012236079666720912	0.0012236079666720912	0.011300875309150254	False	False	False	0.9757956856886738	1.0335669240376135	164	200
GCORSQ	78	1198352	1213914	15563	6	33203908	6	46017626	1.00994483937748	0.1082755037285778	0.7977248520694674	1.2221648266854923	1.0145497603739178	0.0046049209964378335	0.0046049209964378335	0.04252966587882453	False	False	False	0.9757956856886738	1.0335669240376135	164	200
GCORSQ	79	1213915	1229477	15563	6	46018287	6	62472864	1.00994483937748	0.1082755037285778	0.7977248520694674	1.2221648266854923	1.0096311088557137	-0.00031373052176619787	0.00031373052176619787	0.0028975207776696134	False	False	False	0.9757956856886738	1.0335669240376135	164	200
GCORSQ	80	1229478	1245040	15563	6	62474097	6	73591559	1.00994483937748	0.1082755037285778	0.7977248520694674	1.2221648266854923	1.0057569588125495	-0.0041878805649304685	0.0041878805649304685	0.038678005834344005	False	False	False	0.9757956856886738	1.0335669240376135	164	200
GCORSQ	81	1245041	1260603	15563	6	73591660	6	84931878	1.00994483937748	0.1082755037285778	0.7977248520694674	1.2221648266854923	0.9815509527177723	-0.028393886659707657	0.028393886659707657	0.2622374007225559	False	False	False	0.9757956856886738	1.0335669240376135	164	200
GCORSQ	82	1260604	1276166	15563	6	84935441	6	97778185	1.00994483937748	0.1082755037285778	0.7977248520694674	1.2221648266854923	1.0087014938152423	-0.0012433455622375966	0.0012433455622375966	0.011483165807793263	False	False	False	0.9757956856886738	1.0335669240376135	164	200
GCORSQ	83	1276167	1291729	15563	6	97778418	6	110461062	1.00994483937748	0.1082755037285778	0.7977248520694674	1.2221648266854923	1.0009509907886773	-0.008993848588802589	0.008993848588802589	0.08306448161486399	False	False	False	0.9757956856886738	1.0335669240376135	164	200
GCORSQ	84	1291730	1307292	15563	6	110461195	6	123286751	1.00994483937748	0.1082755037285778	0.7977248520694674	1.2221648266854923	1.0177535537824447	0.007808714404964778	0.007808714404964778	0.07211893859703908	False	False	False	0.9757956856886738	1.0335669240376135	164	200
GCORSQ	85	1307293	1322855	15563	6	123286895	6	141043296	1.00994483937748	0.1082755037285778	0.7977248520694674	1.2221648266854923	1.017746131954656	0.007801292577175989	0.007801292577175989	0.0720503928269137	False	False	False	0.9757956856886738	1.0335669240376135	164	200
GCORSQ	86	1322856	1338418	15563	6	141045356	6	154018460	1.00994483937748	0.1082755037285778	0.7977248520694674	1.2221648266854923	1.007464742358226	-0.0024800970192540017	0.0024800970192540017	0.022905430442245217	False	False	False	0.9757956856886738	1.0335669240376135	164	200
GCORSQ	87	1338419	1353981	15563	6	154019185	6	165836786	1.00994483937748	0.1082755037285778	0.7977248520694674	1.2221648266854923	1.01304674438783	0.0031019050103500145	0.0031019050103500145	0.028648262104841265	False	False	False	0.9757956856886738	1.0335669240376135	164	200
GCORSQ	88	1353982	1369544	15563	6	165836946	7	4401934	1.00994483937748	0.1082755037285778	0.7977248520694674	1.2221648266854923	1.0021663698197054	-0.007778469557774503	0.007778469557774503	0.07183960628133734	False	False	False	0.9757956856886738	1.0335669240376135	164	200
GCORSQ	89	1369545	1385107	15563	7	4401983	7	13645738	1.00994483937748	0.1082755037285778	0.7977248520694674	1.2221648266854923	1.0050570671179195	-0.004887772259560386	0.004887772259560386	0.04514199510734141	False	False	False	0.9757956856886738	1.0335669240376135	164	200
GCORSQ	90	1385108	1400670	15563	7	13645763	7	24558250	1.00994483937748	0.1082755037285778	0.7977248520694674	1.2221648266854923	1.0036846228560266	-0.006260216521453366	0.006260216521453366	0.05781747769233485	False	False	False	0.9757956856886738	1.0335669240376135	164	200
GCORSQ	91	1400671	1416233	15563	7	24560690	7	36885381	1.00994483937748	0.1082755037285778	0.7977248520694674	1.2221648266854923	1.0081501414262255	-0.0017946979512544203	0.0017946979512544203	0.01657529071167678	False	False	False	0.9757956856886738	1.0335669240376135	164	200
GCORSQ	92	1416234	1431796	15563	7	36885782	7	48723412	1.00994483937748	0.1082755037285778	0.7977248520694674	1.2221648266854923	1.0041324668128286	-0.00581237256465128	0.00581237256465128	0.05368132554914345	False	False	False	0.9757956856886738	1.0335669240376135	164	200
GCORSQ	93	1431797	1447359	15563	7	48723560	7	57700234	1.00994483937748	0.1082755037285778	0.7977248520694674	1.2221648266854923	1.0168997452263624	0.0069549058488824755	0.0069549058488824755	0.0642334194659288	False	False	False	0.9757956856886738	1.0335669240376135	164	200
GCORSQ	94	1447360	1462922	15563	7	57701145	7	73903036	1.00994483937748	0.1082755037285778	0.7977248520694674	1.2221648266854923	1.0034707106881613	-0.006474128689318626	0.006474128689318626	0.059793106163216765	False	False	False	0.9757956856886738	1.0335669240376135	164	200
GCORSQ	95	1462923	1478485	15563	7	73903312	7	88824027	1.00994483937748	0.1082755037285778	0.7977248520694674	1.2221648266854923	1.011855068245294	0.0019102288678141122	0.0019102288678141122	0.017642299523284822	False	False	False	0.9757956856886738	1.0335669240376135	164	200
GCORSQ	96	1478486	1494048	15563	7	88824196	7	104295174	1.00994483937748	0.1082755037285778	0.7977248520694674	1.2221648266854923	1.0168401070828965	0.006895267705416597	0.006895267705416597	0.06368261950275912	False	False	False	0.9757956856886738	1.0335669240376135	164	200
GCORSQ	97	1494049	1509611	15563	7	104295232	7	122892339	1.00994483937748	0.1082755037285778	0.7977248520694674	1.2221648266854923	1.0022170402368036	-0.007727799140676339	0.007727799140676339	0.07137162954280207	False	False	False	0.9757956856886738	1.0335669240376135	164	200
GCORSQ	98	1509612	1525174	15563	7	122893897	7	137871149	1.00994483937748	0.1082755037285778	0.7977248520694674	1.2221648266854923	1.0099954733289784	5.063395149851324e-05	5.063395149851324e-05	0.0004676399532200848	False	False	False	0.9757956856886738	1.0335669240376135	164	200
GCORSQ	99	1525175	1540737	15563	7	137872583	7	152902954	1.00994483937748	0.1082755037285778	0.7977248520694674	1.2221648266854923	1.0130488919704674	0.0031040525929875162	0.0031040525929875162	0.028668096532422273	False	False	False	0.9757956856886738	1.0335669240376135	164	200
GCORSQ	100	1540738	1556300	15563	7	152905314	8	2832494	1.00994483937748	0.1082755037285778	0.7977248520694674	1.2221648266854923	1.0185749470765912	0.008630107699111322	0.008630107699111322	0.07970508011438164	False	False	False	0.9757956856886738	1.0335669240376135	164	200
GCORSQ	101	1556301	1571863	15563	8	2833794	8	10353290	1.00994483937748	0.1082755037285778	0.7977248520694674	1.2221648266854923	1.0159733338460468	0.006028494468566903	0.006028494468566903	0.055677362477841476	False	False	False	0.9757956856886738	1.0335669240376135	164	200
GCORSQ	102	1571864	1587426	15563	8	10353295	8	19885726	1.00994483937748	0.1082755037285778	0.7977248520694674	1.2221648266854923	1.0203897324178002	0.010444893040320258	0.010444893040320258	0.09646589192051457	False	False	False	0.9757956856886738	1.0335669240376135	164	200
GCORSQ	103	1587427	1602989	15563	8	19885934	8	33294410	1.00994483937748	0.1082755037285778	0.7977248520694674	1.2221648266854923	1.011233959277388	0.0012891198999080977	0.0012891198999080977	0.011905923828714108	False	False	False	0.9757956856886738	1.0335669240376135	164	200
GCORSQ	104	1602990	1618552	15563	8	33294599	8	55428780	1.00994483937748	0.1082755037285778	0.7977248520694674	1.2221648266854923	1.0000169834962669	-0.009927855881213032	0.009927855881213032	0.09169069216339018	False	False	False	0.9757956856886738	1.0335669240376135	164	200
GCORSQ	105	1618553	1634115	15563	8	55429439	8	70023319	1.00994483937748	0.1082755037285778	0.7977248520694674	1.2221648266854923	1.0154129700229546	0.005468130645474689	0.005468130645474689	0.050502010678075956	False	False	False	0.9757956856886738	1.0335669240376135	164	200
GCORSQ	106	1634116	1649678	15563	8	70025994	8	84328920	1.00994483937748	0.1082755037285778	0.7977248520694674	1.2221648266854923	1.0081024310354727	-0.001842408342007218	0.001842408342007218	0.01701592953680196	False	False	False	0.9757956856886738	1.0335669240376135	164	200
GCORSQ	107	1649679	1665241	15563	8	84330065	8	101674931	1.00994483937748	0.1082755037285778	0.7977248520694674	1.2221648266854923	1.0127137133776498	0.0027688740001698964	0.0027688740001698964	0.025572487818766813	False	False	False	0.9757956856886738	1.0335669240376135	164	200
GCORSQ	108	1665242	1680804	15563	8	101675010	8	116980396	1.00994483937748	0.1082755037285778	0.7977248520694674	1.2221648266854923	1.0107322080793388	0.0007873687018589148	0.0007873687018589148	0.0072719006122813346	False	False	False	0.9757956856886738	1.0335669240376135	164	200
GCORSQ	109	1680805	1696367	15563	8	116980929	8	130480557	1.00994483937748	0.1082755037285778	0.7977248520694674	1.2221648266854923	1.0139649108484865	0.004020071471006581	0.004020071471006581	0.03712817149374794	False	False	False	0.9757956856886738	1.0335669240376135	164	200
GCORSQ	110	1696368	1711930	15563	8	130480641	8	142628372	1.00994483937748	0.1082755037285778	0.7977248520694674	1.2221648266854923	1.010580655848457	0.0006358164709769909	0.0006358164709769909	0.005872209771204011	False	False	False	0.9757956856886738	1.0335669240376135	164	200
GCORSQ	111	1711931	1727493	15563	8	142629143	9	7924256	1.00994483937748	0.1082755037285778	0.7977248520694674	1.2221648266854923	1.0130785552539463	0.003133715876466381	0.003133715876466381	0.02894205770052936	False	False	False	0.9757956856886738	1.0335669240376135	164	200
GCORSQ	112	1727494	1743056	15563	9	7925381	9	19011141	1.00994483937748	0.1082755037285778	0.7977248520694674	1.2221648266854923	1.0117060039120647	0.001761164534584747	0.001761164534584747	0.01626558615695373	False	False	False	0.9757956856886738	1.0335669240376135	164	200
GCORSQ	113	1743057	1758619	15563	9	19011300	9	31376645	1.00994483937748	0.1082755037285778	0.7977248520694674	1.2221648266854923	1.0053661709335346	-0.004578668443945277	0.004578668443945277	0.042287205196689395	False	False	False	0.9757956856886738	1.0335669240376135	164	200
GCORSQ	114	1758620	1774182	15563	9	31377848	9	76598874	1.00994483937748	0.1082755037285778	0.7977248520694674	1.2221648266854923	1.0137237273886857	0.003778888011205739	0.003778888011205739	0.03490067356951353	False	False	False	0.9757956856886738	1.0335669240376135	164	200
GCORSQ	115	1774183	1789745	15563	9	76599091	9	89129213	1.00994483937748	0.1082755037285778	0.7977248520694674	1.2221648266854923	1.0149035483858133	0.004958709008333395	0.004958709008333395	0.045797145592263944	False	False	False	0.9757956856886738	1.0335669240376135	164	200
GCORSQ	116	1789746	1805308	15563	9	89129608	9	101821883	1.00994483937748	0.1082755037285778	0.7977248520694674	1.2221648266854923	1.007828252372958	-0.002116587004521886	0.002116587004521886	0.019548161233474293	False	False	False	0.9757956856886738	1.0335669240376135	164	200
GCORSQ	117	1805309	1820871	15563	9	101822220	9	113878799	1.00994483937748	0.1082755037285778	0.7977248520694674	1.2221648266854923	1.0243157659539672	0.014370926576487308	0.014370926576487308	0.13272555732007463	False	False	False	0.9757956856886738	1.0335669240376135	164	200
GCORSQ	118	1820872	1836434	15563	9	113878895	9	127068176	1.00994483937748	0.1082755037285778	0.7977248520694674	1.2221648266854923	1.004817168569457	-0.0051276708080230105	0.0051276708080230105	0.0473576259767576	False	False	False	0.9757956856886738	1.0335669240376135	164	200
GCORSQ	119	1836435	1851997	15563	9	127069629	10	767395	1.00994483937748	0.1082755037285778	0.7977248520694674	1.2221648266854923	1.017631994655698	0.007687155278218061	0.007687155278218061	0.07099625504849204	False	False	False	0.9757956856886738	1.0335669240376135	164	200
GCORSQ	120	1851998	1867560	15563	10	767727	10	10192661	1.00994483937748	0.1082755037285778	0.7977248520694674	1.2221648266854923	1.0138883561716232	0.003943516794143287	0.003943516794143287	0.03642113551398284	False	False	False	0.9757956856886738	1.0335669240376135	164	200
GCORSQ	121	1867561	1883123	15563	10	10192664	10	20542634	1.00994483937748	0.1082755037285778	0.7977248520694674	1.2221648266854923	1.0129361566791129	0.002991317301632934	0.002991317301632934	0.02762690727471922	False	False	False	0.9757956856886738	1.0335669240376135	164	200
GCORSQ	122	1883124	1898686	15563	10	20543040	10	33730377	1.00994483937748	0.1082755037285778	0.7977248520694674	1.2221648266854923	1.0049470425472193	-0.004997796830260581	0.004997796830260581	0.04615814896404387	False	False	False	0.9757956856886738	1.0335669240376135	164	200
GCORSQ	123	1898687	1914249	15563	10	33730883	10	53512766	1.00994483937748	0.1082755037285778	0.7977248520694674	1.2221648266854923	1.0073965618931022	-0.0025482774843776923	0.0025482774843776923	0.023535124720044227	False	False	False	0.9757956856886738	1.0335669240376135	164	200
GCORSQ	124	1914250	1929812	15563	10	53512966	10	66559591	1.00994483937748	0.1082755037285778	0.7977248520694674	1.2221648266854923	1.0000377029157763	-0.009907136461703603	0.009907136461703603	0.09149933383398107	False	False	False	0.9757956856886738	1.0335669240376135	164	200
GCORSQ	125	1929813	1945375	15563	10	66559785	10	80220985	1.00994483937748	0.1082755037285778	0.7977248520694674	1.2221648266854923	0.9983236032141856	-0.011621236163294357	0.011621236163294357	0.10733024334318654	False	False	False	0.9757956856886738	1.0335669240376135	164	200
GCORSQ	126	1945376	1960938	15563	10	80221107	10	92423933	1.00994483937748	0.1082755037285778	0.7977248520694674	1.2221648266854923	1.0020770426552212	-0.00786779672225868	0.00786779672225868	0.07266460511679046	False	False	False	0.9757956856886738	1.0335669240376135	164	200
GCORSQ	127	1960939	1976501	15563	10	92424342	10	108998976	1.00994483937748	0.1082755037285778	0.7977248520694674	1.2221648266854923	1.0091805267514435	-0.0007643126260363786	0.0007643126260363786	0.007058961627667302	False	False	False	0.9757956856886738	1.0335669240376135	164	200
GCORSQ	128	1976502	1992064	15563	10	108999693	10	122948519	1.00994483937748	0.1082755037285778	0.7977248520694674	1.2221648266854923	1.0215176697618646	0.011572830384384725	0.011572830384384725	0.10688318212210947	False	False	False	0.9757956856886738	1.0335669240376135	164	200
GCORSQ	129	1992065	2007627	15563	10	122949506	10	132618241	1.00994483937748	0.1082755037285778	0.7977248520694674	1.2221648266854923	1.0235008617722465	0.01355602239476661	0.01355602239476661	0.12519934729418106	False	False	False	0.9757956856886738	1.0335669240376135	164	200
GCORSQ	130	2007628	2023190	15563	10	132618278	11	7351799	1.00994483937748	0.1082755037285778	0.7977248520694674	1.2221648266854923	1.0137673040676416	0.0038224646901616754	0.0038224646901616754	0.03530313467526071	False	False	False	0.9757956856886738	1.0335669240376135	164	200
GCORSQ	131	2023191	2038753	15563	11	7351944	11	20010105	1.00994483937748	0.1082755037285778	0.7977248520694674	1.2221648266854923	1.0055433354028007	-0.0044015039746791995	0.0044015039746791995	0.04065096742207521	False	False	False	0.9757956856886738	1.0335669240376135	164	200
GCORSQ	132	2038754	2054316	15563	11	20010141	11	31871538	1.00994483937748	0.1082755037285778	0.7977248520694674	1.2221648266854923	1.000937670869352	-0.009007168508127883	0.009007168508127883	0.08318750038519163	False	False	False	0.9757956856886738	1.0335669240376135	164	200
GCORSQ	133	2054317	2069879	15563	11	31871946	11	45356863	1.00994483937748	0.1082755037285778	0.7977248520694674	1.2221648266854923	1.0101994121158793	0.00025457273839935013	0.00025457273839935013	0.002351157275956955	False	False	False	0.9757956856886738	1.0335669240376135	164	200
GCORSQ	134	2069880	2085442	15563	11	45357533	11	66344727	1.00994483937748	0.1082755037285778	0.7977248520694674	1.2221648266854923	1.0176289927911497	0.007684153413669792	0.007684153413669792	0.07096853073001837	False	False	False	0.9757956856886738	1.0335669240376135	164	200
GCORSQ	135	2085443	2101005	15563	11	66354825	11	81221576	1.00994483937748	0.1082755037285778	0.7977248520694674	1.2221648266854923	1.0169021038460906	0.006957264468610669	0.006957264468610669	0.06425520296863228	False	False	False	0.9757956856886738	1.0335669240376135	164	200
GCORSQ	136	2101006	2116568	15563	11	81221742	11	93811663	1.00994483937748	0.1082755037285778	0.7977248520694674	1.2221648266854923	1.0088236582418515	-0.001121181135628424	0.001121181135628424	0.010354891891696682	False	False	False	0.9757956856886738	1.0335669240376135	164	200
GCORSQ	137	2116569	2132131	15563	11	93812039	11	104483684	1.00994483937748	0.1082755037285778	0.7977248520694674	1.2221648266854923	1.0080511006058637	-0.001893738771616249	0.001893738771616249	0.01749000195245846	False	False	False	0.9757956856886738	1.0335669240376135	164	200
GCORSQ	138	2132132	2147694	15563	11	104483850	11	118577614	1.00994483937748	0.1082755037285778	0.7977248520694674	1.2221648266854923	1.009425387122427	-0.000519452255052899	0.000519452255052899	0.004797504857193261	False	False	False	0.9757956856886738	1.0335669240376135	164	200
GCORSQ	139	2147695	2163257	15563	11	118577873	11	131030381	1.00994483937748	0.1082755037285778	0.7977248520694674	1.2221648266854923	1.0082937046597502	-0.0016511347177297075	0.0016511347177297075	0.015249383848342362	False	False	False	0.9757956856886738	1.0335669240376135	164	200
GCORSQ	140	2163258	2178820	15563	11	131030628	12	11129433	1.00994483937748	0.1082755037285778	0.7977248520694674	1.2221648266854923	1.0121998663110714	0.002255026933591475	0.002255026933591475	0.020826750797154615	False	False	False	0.9757956856886738	1.0335669240376135	164	200
GCORSQ	141	2178821	2194383	15563	12	11130766	12	24607488	1.00994483937748	0.1082755037285778	0.7977248520694674	1.2221648266854923	1.0048378222475762	-0.00510701712990369	0.00510701712990369	0.04716687481506276	False	False	False	0.9757956856886738	1.0335669240376135	164	200
GCORSQ	142	2194384	2209946	15563	12	24607950	12	39590941	1.00994483937748	0.1082755037285778	0.7977248520694674	1.2221648266854923	1.0068514939968054	-0.003093345380674517	0.003093345380674517	0.02856920793856415	False	False	False	0.9757956856886738	1.0335669240376135	164	200
GCORSQ	143	2209947	2225509	15563	12	39591089	12	53418213	1.00994483937748	0.1082755037285778	0.7977248520694674	1.2221648266854923	1.0035506252888813	-0.006394214088598638	0.006394214088598638	0.05905503893685395	False	False	False	0.9757956856886738	1.0335669240376135	164	200
GCORSQ	144	2225510	2241072	15563	12	53418575	12	68399273	1.00994483937748	0.1082755037285778	0.7977248520694674	1.2221648266854923	0.9983132644123471	-0.011631574965132785	0.011631574965132785	0.10742572940866212	False	False	False	0.9757956856886738	1.0335669240376135	164	200
GCORSQ	145	2241073	2256635	15563	12	68399871	12	83457942	1.00994483937748	0.1082755037285778	0.7977248520694674	1.2221648266854923	1.0080774458244528	-0.001867393553027119	0.001867393553027119	0.017246685434114926	False	False	False	0.9757956856886738	1.0335669240376135	164	200
GCORSQ	146	2256636	2272198	15563	12	83458058	12	96913156	1.00994483937748	0.1082755037285778	0.7977248520694674	1.2221648266854923	1.011767571113008	0.0018227317355281603	0.0018227317355281603	0.01683420231502535	False	False	False	0.9757956856886738	1.0335669240376135	164	200
GCORSQ	147	2272199	2287761	15563	12	96914286	12	112509281	1.00994483937748	0.1082755037285778	0.7977248520694674	1.2221648266854923	1.006241342242197	-0.0037034971352829515	0.0037034971352829515	0.03420438610534458	False	False	False	0.9757956856886738	1.0335669240376135	164	200
GCORSQ	148	2287762	2303324	15563	12	112515312	12	126571073	1.00994483937748	0.1082755037285778	0.7977248520694674	1.2221648266854923	1.0213930405721396	0.011448201194659724	0.011448201194659724	0.10573214439489263	False	False	False	0.9757956856886738	1.0335669240376135	164	200
GCORSQ	149	2303325	2318887	15563	12	126571735	13	22821162	1.00994483937748	0.1082755037285778	0.7977248520694674	1.2221648266854923	1.006449902674722	-0.0034949367027579115	0.0034949367027579115	0.03227818465309501	False	False	False	0.9757956856886738	1.0335669240376135	164	200
GCORSQ	150	2318888	2334450	15563	13	22821270	13	33278525	1.00994483937748	0.1082755037285778	0.7977248520694674	1.2221648266854923	1.0088770865040146	-0.0010677528734652775	0.0010677528734652775	0.00986144452527224	False	False	False	0.9757956856886738	1.0335669240376135	164	200
GCORSQ	151	2334451	2350013	15563	13	33280204	13	46833150	1.00994483937748	0.1082755037285778	0.7977248520694674	1.2221648266854923	1.0085520317890082	-0.0013928075884717117	0.0013928075884717117	0.012863552147152003	False	False	False	0.9757956856886738	1.0335669240376135	164	200
GCORSQ	152	2350014	2365576	15563	13	46833218	13	61692090	1.00994483937748	0.1082755037285778	0.7977248520694674	1.2221648266854923	1.0015161126902818	-0.008428726687198074	0.008428726687198074	0.0778451856324491	False	False	False	0.9757956856886738	1.0335669240376135	164	200
GCORSQ	153	2365577	2381139	15563	13	61692288	13	74323682	1.00994483937748	0.1082755037285778	0.7977248520694674	1.2221648266854923	1.006534753072222	-0.0034100863052579644	0.0034100863052579644	0.03149453189159276	False	False	False	0.9757956856886738	1.0335669240376135	164	200
GCORSQ	154	2381140	2396702	15563	13	74328404	13	87228925	1.00994483937748	0.1082755037285778	0.7977248520694674	1.2221648266854923	1.0083725314948855	-0.001572307882594437	0.001572307882594437	0.014521362897889233	False	False	False	0.9757956856886738	1.0335669240376135	164	200
GCORSQ	155	2396703	2412265	15563	13	87229330	13	100709000	1.00994483937748	0.1082755037285778	0.7977248520694674	1.2221648266854923	1.0185615591574115	0.008616719779931614	0.008616719779931614	0.07958143331784243	False	False	False	0.9757956856886738	1.0335669240376135	164	200
GCORSQ	156	2412266	2427828	15563	13	100711312	13	111624246	1.00994483937748	0.1082755037285778	0.7977248520694674	1.2221648266854923	1.0107200496507187	0.0007752102732387911	0.0007752102732387911	0.007159609020910842	False	False	False	0.9757956856886738	1.0335669240376135	164	200
GCORSQ	157	2427829	2443391	15563	13	111624376	14	28993235	1.00994483937748	0.1082755037285778	0.7977248520694674	1.2221648266854923	1.0085671005454893	-0.0013777388319906603	0.0013777388319906603	0.012724381642632112	False	False	False	0.9757956856886738	1.0335669240376135	164	200
GCORSQ	158	2443392	2458954	15563	14	28993586	14	42645947	1.00994483937748	0.1082755037285778	0.7977248520694674	1.2221648266854923	1.0091139481975429	-0.0008308911799370655	0.0008308911799370655	0.007673861135016483	False	False	False	0.9757956856886738	1.0335669240376135	164	200
GCORSQ	159	2458955	2474517	15563	14	42646073	14	55999660	1.00994483937748	0.1082755037285778	0.7977248520694674	1.2221648266854923	1.020906705275271	0.010961865897791023	0.010961865897791023	0.10124049780705655	False	False	False	0.9757956856886738	1.0335669240376135	164	200
GCORSQ	160	2474518	2490080	15563	14	55999682	14	71859858	1.00994483937748	0.1082755037285778	0.7977248520694674	1.2221648266854923	1.0086700425813198	-0.0012747967961601603	0.0012747967961601603	0.011773639948660848	False	False	False	0.9757956856886738	1.0335669240376135	164	200
GCORSQ	161	2490081	2505643	15563	14	71860318	14	84946184	1.00994483937748	0.1082755037285778	0.7977248520694674	1.2221648266854923	1.0060866976921428	-0.0038581416853371575	0.0038581416853371575	0.03563263667660827	False	False	False	0.9757956856886738	1.0335669240376135	164	200
GCORSQ	162	2505644	2521206	15563	14	84946396	14	96948604	1.00994483937748	0.1082755037285778	0.7977248520694674	1.2221648266854923	1.012953294072026	0.0030084546945461366	0.0030084546945461366	0.027785183083402245	False	False	False	0.9757956856886738	1.0335669240376135	164	200
GCORSQ	163	2521207	2536769	15563	14	96953484	15	26210930	1.00994483937748	0.1082755037285778	0.7977248520694674	1.2221648266854923	1.0058268441112663	-0.004117995266213592	0.004117995266213592	0.038032566226027215	False	False	False	0.9757956856886738	1.0335669240376135	164	200
GCORSQ	164	2536770	2552332	15563	15	26211385	15	44081143	1.00994483937748	0.1082755037285778	0.7977248520694674	1.2221648266854923	0.9757956856886738	-0.03414915368880611	0.03414915368880611	0.31539131671379994	False	False	False	0.9757956856886738	1.0335669240376135	164	200
GCORSQ	165	2552333	2567895	15563	15	44082088	15	58655480	1.00994483937748	0.1082755037285778	0.7977248520694674	1.2221648266854923	1.0074277612436586	-0.0025170781338212933	0.0025170781338212933	0.023246976898219182	False	False	False	0.9757956856886738	1.0335669240376135	164	200
GCORSQ	166	2567896	2583458	15563	15	58656447	15	74686902	1.00994483937748	0.1082755037285778	0.7977248520694674	1.2221648266854923	1.0062128581296823	-0.003731981247797611	0.003731981247797611	0.03446745680493756	False	False	False	0.9757956856886738	1.0335669240376135	164	200
GCORSQ	167	2583459	2599021	15563	15	74687184	15	90325358	1.00994483937748	0.1082755037285778	0.7977248520694674	1.2221648266854923	1.019687077965788	0.009742238588308139	0.009742238588308139	0.08997638665094301	False	False	False	0.9757956856886738	1.0335669240376135	164	200
GCORSQ	168	2599022	2614584	15563	15	90326274	15	100798777	1.00994483937748	0.1082755037285778	0.7977248520694674	1.2221648266854923	0.9979676675818898	-0.011977171795590102	0.011977171795590102	0.11061755783297174	False	False	False	0.9757956856886738	1.0335669240376135	164	200
GCORSQ	169	2614585	2630147	15563	15	100799317	16	8619291	1.00994483937748	0.1082755037285778	0.7977248520694674	1.2221648266854923	1.0118690295004016	0.0019241901229216651	0.0019241901229216651	0.017771241478083302	False	False	False	0.9757956856886738	1.0335669240376135	164	200
GCORSQ	170	2630148	2645710	15563	16	8619300	16	23871398	1.00994483937748	0.1082755037285778	0.7977248520694674	1.2221648266854923	1.002303815222213	-0.007641024155266907	0.007641024155266907	0.07057020186598463	False	False	False	0.9757956856886738	1.0335669240376135	164	200
GCORSQ	171	2645711	2661273	15563	16	23871621	16	55404630	1.00994483937748	0.1082755037285778	0.7977248520694674	1.2221648266854923	1.016548184086169	0.006603344708689063	0.006603344708689063	0.06098650647003365	False	False	False	0.9757956856886738	1.0335669240376135	164	200
GCORSQ	172	2661274	2676836	15563	16	55404755	16	69468435	1.00994483937748	0.1082755037285778	0.7977248520694674	1.2221648266854923	1.0192355902259582	0.009290750848478302	0.009290750848478302	0.08580658162319071	False	False	False	0.9757956856886738	1.0335669240376135	164	200
GCORSQ	173	2676837	2692399	15563	16	69468842	16	81145135	1.00994483937748	0.1082755037285778	0.7977248520694674	1.2221648266854923	1.007269118795655	-0.0026757205818248586	0.0026757205818248586	0.024712150852997043	False	False	False	0.9757956856886738	1.0335669240376135	164	200
GCORSQ	174	2692400	2707962	15563	16	81148941	16	89197568	1.00994483937748	0.1082755037285778	0.7977248520694674	1.2221648266854923	1.0043940765069943	-0.005550762870485615	0.005550762870485615	0.05126517706535101	False	False	False	0.9757956856886738	1.0335669240376135	164	200
GCORSQ	175	2707963	2723525	15563	16	89199108	17	11279638	1.00994483937748	0.1082755037285778	0.7977248520694674	1.2221648266854923	0.9992897451858437	-0.010655094191636238	0.010655094191636238	0.09840724655824414	False	False	False	0.9757956856886738	1.0335669240376135	164	200
GCORSQ	176	2723526	2739088	15563	17	11281163	17	31541600	1.00994483937748	0.1082755037285778	0.7977248520694674	1.2221648266854923	1.0125703404522854	0.002625501074805525	0.002625501074805525	0.0242483385843862	False	False	False	0.9757956856886738	1.0335669240376135	164	200
GCORSQ	177	2739089	2754651	15563	17	31541717	17	48701800	1.00994483937748	0.1082755037285778	0.7977248520694674	1.2221648266854923	1.0180117402484632	0.008066900870983273	0.008066900870983273	0.07450347117483903	False	False	False	0.9757956856886738	1.0335669240376135	164	200
GCORSQ	178	2754652	2770214	15563	17	48702094	17	66950453	1.00994483937748	0.1082755037285778	0.7977248520694674	1.2221648266854923	1.0056397284500358	-0.004305110927444122	0.004305110927444122	0.039760710217853726	False	False	False	0.9757956856886738	1.0335669240376135	164	200
GCORSQ	179	2770215	2785777	15563	17	66950686	17	78712885	1.00994483937748	0.1082755037285778	0.7977248520694674	1.2221648266854923	1.0084854904718223	-0.001459348905657576	0.001459348905657576	0.013478107747398096	False	False	False	0.9757956856886738	1.0335669240376135	164	200
GCORSQ	180	2785778	2801340	15563	17	78712990	18	8378718	1.00994483937748	0.1082755037285778	0.7977248520694674	1.2221648266854923	1.0120093826942638	0.002064543316783851	0.002064543316783851	0.019067501380175468	False	False	False	0.9757956856886738	1.0335669240376135	164	200
GCORSQ	181	2801341	2816903	15563	18	8378745	18	25131421	1.00994483937748	0.1082755037285778	0.7977248520694674	1.2221648266854923	1.0014949959063224	-0.008449843471157514	0.008449843471157514	0.07804021390045306	False	False	False	0.9757956856886738	1.0335669240376135	164	200
GCORSQ	182	2816904	2832466	15563	18	25131805	18	40720680	1.00994483937748	0.1082755037285778	0.7977248520694674	1.2221648266854923	1.0097914432956816	-0.0001533960817983182	0.0001533960817983182	0.0014167200937974622	False	False	False	0.9757956856886738	1.0335669240376135	164	200
GCORSQ	183	2832467	2848029	15563	18	40720691	18	53831095	1.00994483937748	0.1082755037285778	0.7977248520694674	1.2221648266854923	1.0022890056378273	-0.007655833739652618	0.007655833739652618	0.07070697873495062	False	False	False	0.9757956856886738	1.0335669240376135	164	200
GCORSQ	184	2848030	2863592	15563	18	53831124	18	65408540	1.00994483937748	0.1082755037285778	0.7977248520694674	1.2221648266854923	1.0181784735015638	0.008233634124083844	0.008233634124083844	0.0760433693730366	False	False	False	0.9757956856886738	1.0335669240376135	164	200
GCORSQ	185	2863593	2879155	15563	18	65408831	18	75302838	1.00994483937748	0.1082755037285778	0.7977248520694674	1.2221648266854923	1.010271335846013	0.00032649646853299963	0.00032649646853299963	0.003015423223995821	False	False	False	0.9757956856886738	1.0335669240376135	164	200
GCORSQ	186	2879156	2894718	15563	18	75302993	19	7963949	1.00994483937748	0.1082755037285778	0.7977248520694674	1.2221648266854923	1.010375109987162	0.0004302706096821485	0.0004302706096821485	0.00397384999252222	False	False	False	0.9757956856886738	1.0335669240376135	164	200
GCORSQ	187	2894719	2910281	15563	19	7963976	19	20925318	1.00994483937748	0.1082755037285778	0.7977248520694674	1.2221648266854923	1.005287475011176	-0.004657364366303929	0.004657364366303929	0.04301401707609588	False	False	False	0.9757956856886738	1.0335669240376135	164	200
GCORSQ	188	2910282	2925844	15563	19	20925352	19	34228538	1.00994483937748	0.1082755037285778	0.7977248520694674	1.2221648266854923	1.0182595424017233	0.00831470302424342	0.00831470302424342	0.07679209736198965	False	False	False	0.9757956856886738	1.0335669240376135	164	200
GCORSQ	189	2925845	2941407	15563	19	34228547	19	48595415	1.00994483937748	0.1082755037285778	0.7977248520694674	1.2221648266854923	1.0121061840450152	0.0021613446675352588	0.0021613446675352588	0.01996152955291957	False	False	False	0.9757956856886738	1.0335669240376135	164	200
GCORSQ	190	2941408	2956970	15563	19	48598948	19	58573559	1.00994483937748	0.1082755037285778	0.7977248520694674	1.2221648266854923	0.9990834938408677	-0.010861345536612221	0.010861345536612221	0.10031212197210514	False	False	False	0.9757956856886738	1.0335669240376135	164	200
GCORSQ	191	2956971	2972533	15563	19	58573649	20	11334115	1.00994483937748	0.1082755037285778	0.7977248520694674	1.2221648266854923	1.0016383222270622	-0.008306517150417747	0.008306517150417747	0.07671649509237387	False	False	False	0.9757956856886738	1.0335669240376135	164	200
GCORSQ	192	2972534	2988096	15563	20	11334229	20	23350525	1.00994483937748	0.1082755037285778	0.7977248520694674	1.2221648266854923	1.0155641954345278	0.005619356057047886	0.005619356057047886	0.05189868311427431	False	False	False	0.9757956856886738	1.0335669240376135	164	200
GCORSQ	193	2988097	3003659	15563	20	23350790	20	44361759	1.00994483937748	0.1082755037285778	0.7977248520694674	1.2221648266854923	1.0172688882951502	0.007324048917670245	0.007324048917670245	0.06764271386841089	False	False	False	0.9757956856886738	1.0335669240376135	164	200
GCORSQ	194	3003660	3019222	15563	20	44363682	20	56790133	1.00994483937748	0.1082755037285778	0.7977248520694674	1.2221648266854923	1.0227106349970918	0.012765795619611886	0.012765795619611886	0.11790105037620373	False	False	False	0.9757956856886738	1.0335669240376135	164	200
GCORSQ	195	3019223	3034785	15563	20	56790245	21	21313910	1.00994483937748	0.1082755037285778	0.7977248520694674	1.2221648266854923	1.0136220480565556	0.0036772086790757275	0.0036772086790757275	0.03396159382729502	False	False	False	0.9757956856886738	1.0335669240376135	164	200
GCORSQ	196	3034786	3050348	15563	21	21313911	21	32381039	1.00994483937748	0.1082755037285778	0.7977248520694674	1.2221648266854923	1.013661332369412	0.0037164929919319967	0.0037164929919319967	0.03432441193022204	False	False	False	0.9757956856886738	1.0335669240376135	164	200
GCORSQ	197	3050349	3065911	15563	21	32381162	21	43560383	1.00994483937748	0.1082755037285778	0.7977248520694674	1.2221648266854923	1.0157981995736043	0.005853360196124369	0.005853360196124369	0.05405987499072199	False	False	False	0.9757956856886738	1.0335669240376135	164	200
GCORSQ	198	3065912	3081474	15563	21	43560554	22	25403114	1.00994483937748	0.1082755037285778	0.7977248520694674	1.2221648266854923	1.0191251906560121	0.009180351278532228	0.009180351278532228	0.08478696438619479	False	False	False	0.9757956856886738	1.0335669240376135	164	200
GCORSQ	199	3081475	3097037	15563	22	25403232	22	38800590	1.00994483937748	0.1082755037285778	0.7977248520694674	1.2221648266854923	1.0060942008102436	-0.003850638567236331	0.003850638567236331	0.0355633401336004	False	False	False	0.9757956856886738	1.0335669240376135	164	200
GCORSQ	200	3097038	3112573	15536	22	38800842	22	51231220	1.00994483937748	0.1082755037285778	0.7977248520694674	1.2221648266854923	1.0286402676458017	0.018695428268321823	0.018695428268321823	0.1726653548081109	False	False	False	0.9757956856886738	1.0335669240376135	164	200
