annotation	chromosome	population_score	paired_panel_rows	expected_score_rows	score_filter	score_path	score_rows	expected_order_sha256	score_order_sha256	duplicate_snps	chr_mismatch	bp_mismatch	snp_id_mismatch	order_mismatch	EXACT_PANEL_MATCH	status
baseline	1	pop1	491084	455562	MAF_EAS>0.01_AND_MAF_EUR>0.01	/Volumes/EMPTY2TB/跨祖源屈光不正遗传效应 × retinal regulatory architecture/data/interim/sldxr_scores_aligned/baseline_chr.1_pop1.gz	455562	78bdc43de3d14d06d9dd23a14f66e3c9aa72d21edb93b253434a9c31e8b8c151	78bdc43de3d14d06d9dd23a14f66e3c9aa72d21edb93b253434a9c31e8b8c151	0	0	0	0	0	True	PASS
baseline	1	pop2	491084	455562	MAF_EAS>0.01_AND_MAF_EUR>0.01	/Volumes/EMPTY2TB/跨祖源屈光不正遗传效应 × retinal regulatory architecture/data/interim/sldxr_scores_aligned/baseline_chr.1_pop2.gz	455562	78bdc43de3d14d06d9dd23a14f66e3c9aa72d21edb93b253434a9c31e8b8c151	78bdc43de3d14d06d9dd23a14f66e3c9aa72d21edb93b253434a9c31e8b8c151	0	0	0	0	0	True	PASS
baseline	1	te	491084	455562	MAF_EAS>0.01_AND_MAF_EUR>0.01	/Volumes/EMPTY2TB/跨祖源屈光不正遗传效应 × retinal regulatory architecture/data/interim/sldxr_scores_aligned/baseline_chr.1_te.gz	455562	78bdc43de3d14d06d9dd23a14f66e3c9aa72d21edb93b253434a9c31e8b8c151	78bdc43de3d14d06d9dd23a14f66e3c9aa72d21edb93b253434a9c31e8b8c151	0	0	0	0	0	True	PASS
weights	1	pop1	491084	455562	MAF_EAS>0.01_AND_MAF_EUR>0.01	/Volumes/EMPTY2TB/跨祖源屈光不正遗传效应 × retinal regulatory architecture/data/interim/sldxr_scores/weights_chr.1_pop1.gz	455562	78bdc43de3d14d06d9dd23a14f66e3c9aa72d21edb93b253434a9c31e8b8c151	78bdc43de3d14d06d9dd23a14f66e3c9aa72d21edb93b253434a9c31e8b8c151	0	0	0	0	0	True	PASS
weights	1	pop2	491084	455562	MAF_EAS>0.01_AND_MAF_EUR>0.01	/Volumes/EMPTY2TB/跨祖源屈光不正遗传效应 × retinal regulatory architecture/data/interim/sldxr_scores/weights_chr.1_pop2.gz	455562	78bdc43de3d14d06d9dd23a14f66e3c9aa72d21edb93b253434a9c31e8b8c151	78bdc43de3d14d06d9dd23a14f66e3c9aa72d21edb93b253434a9c31e8b8c151	0	0	0	0	0	True	PASS
weights	1	te	491084	455562	MAF_EAS>0.01_AND_MAF_EUR>0.01	/Volumes/EMPTY2TB/跨祖源屈光不正遗传效应 × retinal regulatory architecture/data/interim/sldxr_scores/weights_chr.1_te.gz	455562	78bdc43de3d14d06d9dd23a14f66e3c9aa72d21edb93b253434a9c31e8b8c151	78bdc43de3d14d06d9dd23a14f66e3c9aa72d21edb93b253434a9c31e8b8c151	0	0	0	0	0	True	PASS
dar_global	1	pop1	491084	455562	MAF_EAS>0.01_AND_MAF_EUR>0.01	/Volumes/EMPTY2TB/跨祖源屈光不正遗传效应 × retinal regulatory architecture/data/interim/sldxr_scores/dar_global_chr.1_pop1.gz	455562	78bdc43de3d14d06d9dd23a14f66e3c9aa72d21edb93b253434a9c31e8b8c151	78bdc43de3d14d06d9dd23a14f66e3c9aa72d21edb93b253434a9c31e8b8c151	0	0	0	0	0	True	PASS
dar_global	1	pop2	491084	455562	MAF_EAS>0.01_AND_MAF_EUR>0.01	/Volumes/EMPTY2TB/跨祖源屈光不正遗传效应 × retinal regulatory architecture/data/interim/sldxr_scores/dar_global_chr.1_pop2.gz	455562	78bdc43de3d14d06d9dd23a14f66e3c9aa72d21edb93b253434a9c31e8b8c151	78bdc43de3d14d06d9dd23a14f66e3c9aa72d21edb93b253434a9c31e8b8c151	0	0	0	0	0	True	PASS
dar_global	1	te	491084	455562	MAF_EAS>0.01_AND_MAF_EUR>0.01	/Volumes/EMPTY2TB/跨祖源屈光不正遗传效应 × retinal regulatory architecture/data/interim/sldxr_scores/dar_global_chr.1_te.gz	455562	78bdc43de3d14d06d9dd23a14f66e3c9aa72d21edb93b253434a9c31e8b8c151	78bdc43de3d14d06d9dd23a14f66e3c9aa72d21edb93b253434a9c31e8b8c151	0	0	0	0	0	True	PASS
ocr_union	1	pop1	491084	455562	MAF_EAS>0.01_AND_MAF_EUR>0.01	/Volumes/EMPTY2TB/跨祖源屈光不正遗传效应 × retinal regulatory architecture/data/interim/sldxr_scores/ocr_union_chr.1_pop1.gz	455562	78bdc43de3d14d06d9dd23a14f66e3c9aa72d21edb93b253434a9c31e8b8c151	78bdc43de3d14d06d9dd23a14f66e3c9aa72d21edb93b253434a9c31e8b8c151	0	0	0	0	0	True	PASS
ocr_union	1	pop2	491084	455562	MAF_EAS>0.01_AND_MAF_EUR>0.01	/Volumes/EMPTY2TB/跨祖源屈光不正遗传效应 × retinal regulatory architecture/data/interim/sldxr_scores/ocr_union_chr.1_pop2.gz	455562	78bdc43de3d14d06d9dd23a14f66e3c9aa72d21edb93b253434a9c31e8b8c151	78bdc43de3d14d06d9dd23a14f66e3c9aa72d21edb93b253434a9c31e8b8c151	0	0	0	0	0	True	PASS
ocr_union	1	te	491084	455562	MAF_EAS>0.01_AND_MAF_EUR>0.01	/Volumes/EMPTY2TB/跨祖源屈光不正遗传效应 × retinal regulatory architecture/data/interim/sldxr_scores/ocr_union_chr.1_te.gz	455562	78bdc43de3d14d06d9dd23a14f66e3c9aa72d21edb93b253434a9c31e8b8c151	78bdc43de3d14d06d9dd23a14f66e3c9aa72d21edb93b253434a9c31e8b8c151	0	0	0	0	0	True	PASS
matched_non_dar_ocr	1	pop1	491084	455562	MAF_EAS>0.01_AND_MAF_EUR>0.01	/Volumes/EMPTY2TB/跨祖源屈光不正遗传效应 × retinal regulatory architecture/data/interim/sldxr_scores/matched_non_dar_ocr_chr.1_pop1.gz	455562	78bdc43de3d14d06d9dd23a14f66e3c9aa72d21edb93b253434a9c31e8b8c151	78bdc43de3d14d06d9dd23a14f66e3c9aa72d21edb93b253434a9c31e8b8c151	0	0	0	0	0	True	PASS
matched_non_dar_ocr	1	pop2	491084	455562	MAF_EAS>0.01_AND_MAF_EUR>0.01	/Volumes/EMPTY2TB/跨祖源屈光不正遗传效应 × retinal regulatory architecture/data/interim/sldxr_scores/matched_non_dar_ocr_chr.1_pop2.gz	455562	78bdc43de3d14d06d9dd23a14f66e3c9aa72d21edb93b253434a9c31e8b8c151	78bdc43de3d14d06d9dd23a14f66e3c9aa72d21edb93b253434a9c31e8b8c151	0	0	0	0	0	True	PASS
matched_non_dar_ocr	1	te	491084	455562	MAF_EAS>0.01_AND_MAF_EUR>0.01	/Volumes/EMPTY2TB/跨祖源屈光不正遗传效应 × retinal regulatory architecture/data/interim/sldxr_scores/matched_non_dar_ocr_chr.1_te.gz	455562	78bdc43de3d14d06d9dd23a14f66e3c9aa72d21edb93b253434a9c31e8b8c151	78bdc43de3d14d06d9dd23a14f66e3c9aa72d21edb93b253434a9c31e8b8c151	0	0	0	0	0	True	PASS
baseline	2	pop1	520990	483350	MAF_EAS>0.01_AND_MAF_EUR>0.01	/Volumes/EMPTY2TB/跨祖源屈光不正遗传效应 × retinal regulatory architecture/data/interim/sldxr_scores_aligned/baseline_chr.2_pop1.gz	483350	1cfa3640e71367a27af40b9aa130ed06ac5481c534607dfbe58bb2b03b12a0e1	1cfa3640e71367a27af40b9aa130ed06ac5481c534607dfbe58bb2b03b12a0e1	0	0	0	0	0	True	PASS
baseline	2	pop2	520990	483350	MAF_EAS>0.01_AND_MAF_EUR>0.01	/Volumes/EMPTY2TB/跨祖源屈光不正遗传效应 × retinal regulatory architecture/data/interim/sldxr_scores_aligned/baseline_chr.2_pop2.gz	483350	1cfa3640e71367a27af40b9aa130ed06ac5481c534607dfbe58bb2b03b12a0e1	1cfa3640e71367a27af40b9aa130ed06ac5481c534607dfbe58bb2b03b12a0e1	0	0	0	0	0	True	PASS
baseline	2	te	520990	483350	MAF_EAS>0.01_AND_MAF_EUR>0.01	/Volumes/EMPTY2TB/跨祖源屈光不正遗传效应 × retinal regulatory architecture/data/interim/sldxr_scores_aligned/baseline_chr.2_te.gz	483350	1cfa3640e71367a27af40b9aa130ed06ac5481c534607dfbe58bb2b03b12a0e1	1cfa3640e71367a27af40b9aa130ed06ac5481c534607dfbe58bb2b03b12a0e1	0	0	0	0	0	True	PASS
weights	2	pop1	520990	483350	MAF_EAS>0.01_AND_MAF_EUR>0.01	/Volumes/EMPTY2TB/跨祖源屈光不正遗传效应 × retinal regulatory architecture/data/interim/sldxr_scores/weights_chr.2_pop1.gz	483350	1cfa3640e71367a27af40b9aa130ed06ac5481c534607dfbe58bb2b03b12a0e1	1cfa3640e71367a27af40b9aa130ed06ac5481c534607dfbe58bb2b03b12a0e1	0	0	0	0	0	True	PASS
weights	2	pop2	520990	483350	MAF_EAS>0.01_AND_MAF_EUR>0.01	/Volumes/EMPTY2TB/跨祖源屈光不正遗传效应 × retinal regulatory architecture/data/interim/sldxr_scores/weights_chr.2_pop2.gz	483350	1cfa3640e71367a27af40b9aa130ed06ac5481c534607dfbe58bb2b03b12a0e1	1cfa3640e71367a27af40b9aa130ed06ac5481c534607dfbe58bb2b03b12a0e1	0	0	0	0	0	True	PASS
weights	2	te	520990	483350	MAF_EAS>0.01_AND_MAF_EUR>0.01	/Volumes/EMPTY2TB/跨祖源屈光不正遗传效应 × retinal regulatory architecture/data/interim/sldxr_scores/weights_chr.2_te.gz	483350	1cfa3640e71367a27af40b9aa130ed06ac5481c534607dfbe58bb2b03b12a0e1	1cfa3640e71367a27af40b9aa130ed06ac5481c534607dfbe58bb2b03b12a0e1	0	0	0	0	0	True	PASS
dar_global	2	pop1	520990	483350	MAF_EAS>0.01_AND_MAF_EUR>0.01	/Volumes/EMPTY2TB/跨祖源屈光不正遗传效应 × retinal regulatory architecture/data/interim/sldxr_scores/dar_global_chr.2_pop1.gz	483350	1cfa3640e71367a27af40b9aa130ed06ac5481c534607dfbe58bb2b03b12a0e1	1cfa3640e71367a27af40b9aa130ed06ac5481c534607dfbe58bb2b03b12a0e1	0	0	0	0	0	True	PASS
dar_global	2	pop2	520990	483350	MAF_EAS>0.01_AND_MAF_EUR>0.01	/Volumes/EMPTY2TB/跨祖源屈光不正遗传效应 × retinal regulatory architecture/data/interim/sldxr_scores/dar_global_chr.2_pop2.gz	483350	1cfa3640e71367a27af40b9aa130ed06ac5481c534607dfbe58bb2b03b12a0e1	1cfa3640e71367a27af40b9aa130ed06ac5481c534607dfbe58bb2b03b12a0e1	0	0	0	0	0	True	PASS
dar_global	2	te	520990	483350	MAF_EAS>0.01_AND_MAF_EUR>0.01	/Volumes/EMPTY2TB/跨祖源屈光不正遗传效应 × retinal regulatory architecture/data/interim/sldxr_scores/dar_global_chr.2_te.gz	483350	1cfa3640e71367a27af40b9aa130ed06ac5481c534607dfbe58bb2b03b12a0e1	1cfa3640e71367a27af40b9aa130ed06ac5481c534607dfbe58bb2b03b12a0e1	0	0	0	0	0	True	PASS
ocr_union	2	pop1	520990	483350	MAF_EAS>0.01_AND_MAF_EUR>0.01	/Volumes/EMPTY2TB/跨祖源屈光不正遗传效应 × retinal regulatory architecture/data/interim/sldxr_scores/ocr_union_chr.2_pop1.gz	483350	1cfa3640e71367a27af40b9aa130ed06ac5481c534607dfbe58bb2b03b12a0e1	1cfa3640e71367a27af40b9aa130ed06ac5481c534607dfbe58bb2b03b12a0e1	0	0	0	0	0	True	PASS
ocr_union	2	pop2	520990	483350	MAF_EAS>0.01_AND_MAF_EUR>0.01	/Volumes/EMPTY2TB/跨祖源屈光不正遗传效应 × retinal regulatory architecture/data/interim/sldxr_scores/ocr_union_chr.2_pop2.gz	483350	1cfa3640e71367a27af40b9aa130ed06ac5481c534607dfbe58bb2b03b12a0e1	1cfa3640e71367a27af40b9aa130ed06ac5481c534607dfbe58bb2b03b12a0e1	0	0	0	0	0	True	PASS
ocr_union	2	te	520990	483350	MAF_EAS>0.01_AND_MAF_EUR>0.01	/Volumes/EMPTY2TB/跨祖源屈光不正遗传效应 × retinal regulatory architecture/data/interim/sldxr_scores/ocr_union_chr.2_te.gz	483350	1cfa3640e71367a27af40b9aa130ed06ac5481c534607dfbe58bb2b03b12a0e1	1cfa3640e71367a27af40b9aa130ed06ac5481c534607dfbe58bb2b03b12a0e1	0	0	0	0	0	True	PASS
matched_non_dar_ocr	2	pop1	520990	483350	MAF_EAS>0.01_AND_MAF_EUR>0.01	/Volumes/EMPTY2TB/跨祖源屈光不正遗传效应 × retinal regulatory architecture/data/interim/sldxr_scores/matched_non_dar_ocr_chr.2_pop1.gz	483350	1cfa3640e71367a27af40b9aa130ed06ac5481c534607dfbe58bb2b03b12a0e1	1cfa3640e71367a27af40b9aa130ed06ac5481c534607dfbe58bb2b03b12a0e1	0	0	0	0	0	True	PASS
matched_non_dar_ocr	2	pop2	520990	483350	MAF_EAS>0.01_AND_MAF_EUR>0.01	/Volumes/EMPTY2TB/跨祖源屈光不正遗传效应 × retinal regulatory architecture/data/interim/sldxr_scores/matched_non_dar_ocr_chr.2_pop2.gz	483350	1cfa3640e71367a27af40b9aa130ed06ac5481c534607dfbe58bb2b03b12a0e1	1cfa3640e71367a27af40b9aa130ed06ac5481c534607dfbe58bb2b03b12a0e1	0	0	0	0	0	True	PASS
matched_non_dar_ocr	2	te	520990	483350	MAF_EAS>0.01_AND_MAF_EUR>0.01	/Volumes/EMPTY2TB/跨祖源屈光不正遗传效应 × retinal regulatory architecture/data/interim/sldxr_scores/matched_non_dar_ocr_chr.2_te.gz	483350	1cfa3640e71367a27af40b9aa130ed06ac5481c534607dfbe58bb2b03b12a0e1	1cfa3640e71367a27af40b9aa130ed06ac5481c534607dfbe58bb2b03b12a0e1	0	0	0	0	0	True	PASS
baseline	3	pop1	452821	423587	MAF_EAS>0.01_AND_MAF_EUR>0.01	/Volumes/EMPTY2TB/跨祖源屈光不正遗传效应 × retinal regulatory architecture/data/interim/sldxr_scores_aligned/baseline_chr.3_pop1.gz	423587	0704ecaa1a513d6e569b22169bba520e5376292d0d61beae6002019759d0f188	0704ecaa1a513d6e569b22169bba520e5376292d0d61beae6002019759d0f188	0	0	0	0	0	True	PASS
baseline	3	pop2	452821	423587	MAF_EAS>0.01_AND_MAF_EUR>0.01	/Volumes/EMPTY2TB/跨祖源屈光不正遗传效应 × retinal regulatory architecture/data/interim/sldxr_scores_aligned/baseline_chr.3_pop2.gz	423587	0704ecaa1a513d6e569b22169bba520e5376292d0d61beae6002019759d0f188	0704ecaa1a513d6e569b22169bba520e5376292d0d61beae6002019759d0f188	0	0	0	0	0	True	PASS
baseline	3	te	452821	423587	MAF_EAS>0.01_AND_MAF_EUR>0.01	/Volumes/EMPTY2TB/跨祖源屈光不正遗传效应 × retinal regulatory architecture/data/interim/sldxr_scores_aligned/baseline_chr.3_te.gz	423587	0704ecaa1a513d6e569b22169bba520e5376292d0d61beae6002019759d0f188	0704ecaa1a513d6e569b22169bba520e5376292d0d61beae6002019759d0f188	0	0	0	0	0	True	PASS
weights	3	pop1	452821	423587	MAF_EAS>0.01_AND_MAF_EUR>0.01	/Volumes/EMPTY2TB/跨祖源屈光不正遗传效应 × retinal regulatory architecture/data/interim/sldxr_scores/weights_chr.3_pop1.gz	423587	0704ecaa1a513d6e569b22169bba520e5376292d0d61beae6002019759d0f188	0704ecaa1a513d6e569b22169bba520e5376292d0d61beae6002019759d0f188	0	0	0	0	0	True	PASS
weights	3	pop2	452821	423587	MAF_EAS>0.01_AND_MAF_EUR>0.01	/Volumes/EMPTY2TB/跨祖源屈光不正遗传效应 × retinal regulatory architecture/data/interim/sldxr_scores/weights_chr.3_pop2.gz	423587	0704ecaa1a513d6e569b22169bba520e5376292d0d61beae6002019759d0f188	0704ecaa1a513d6e569b22169bba520e5376292d0d61beae6002019759d0f188	0	0	0	0	0	True	PASS
weights	3	te	452821	423587	MAF_EAS>0.01_AND_MAF_EUR>0.01	/Volumes/EMPTY2TB/跨祖源屈光不正遗传效应 × retinal regulatory architecture/data/interim/sldxr_scores/weights_chr.3_te.gz	423587	0704ecaa1a513d6e569b22169bba520e5376292d0d61beae6002019759d0f188	0704ecaa1a513d6e569b22169bba520e5376292d0d61beae6002019759d0f188	0	0	0	0	0	True	PASS
dar_global	3	pop1	452821	423587	MAF_EAS>0.01_AND_MAF_EUR>0.01	/Volumes/EMPTY2TB/跨祖源屈光不正遗传效应 × retinal regulatory architecture/data/interim/sldxr_scores/dar_global_chr.3_pop1.gz	423587	0704ecaa1a513d6e569b22169bba520e5376292d0d61beae6002019759d0f188	0704ecaa1a513d6e569b22169bba520e5376292d0d61beae6002019759d0f188	0	0	0	0	0	True	PASS
dar_global	3	pop2	452821	423587	MAF_EAS>0.01_AND_MAF_EUR>0.01	/Volumes/EMPTY2TB/跨祖源屈光不正遗传效应 × retinal regulatory architecture/data/interim/sldxr_scores/dar_global_chr.3_pop2.gz	423587	0704ecaa1a513d6e569b22169bba520e5376292d0d61beae6002019759d0f188	0704ecaa1a513d6e569b22169bba520e5376292d0d61beae6002019759d0f188	0	0	0	0	0	True	PASS
dar_global	3	te	452821	423587	MAF_EAS>0.01_AND_MAF_EUR>0.01	/Volumes/EMPTY2TB/跨祖源屈光不正遗传效应 × retinal regulatory architecture/data/interim/sldxr_scores/dar_global_chr.3_te.gz	423587	0704ecaa1a513d6e569b22169bba520e5376292d0d61beae6002019759d0f188	0704ecaa1a513d6e569b22169bba520e5376292d0d61beae6002019759d0f188	0	0	0	0	0	True	PASS
ocr_union	3	pop1	452821	423587	MAF_EAS>0.01_AND_MAF_EUR>0.01	/Volumes/EMPTY2TB/跨祖源屈光不正遗传效应 × retinal regulatory architecture/data/interim/sldxr_scores/ocr_union_chr.3_pop1.gz	423587	0704ecaa1a513d6e569b22169bba520e5376292d0d61beae6002019759d0f188	0704ecaa1a513d6e569b22169bba520e5376292d0d61beae6002019759d0f188	0	0	0	0	0	True	PASS
ocr_union	3	pop2	452821	423587	MAF_EAS>0.01_AND_MAF_EUR>0.01	/Volumes/EMPTY2TB/跨祖源屈光不正遗传效应 × retinal regulatory architecture/data/interim/sldxr_scores/ocr_union_chr.3_pop2.gz	423587	0704ecaa1a513d6e569b22169bba520e5376292d0d61beae6002019759d0f188	0704ecaa1a513d6e569b22169bba520e5376292d0d61beae6002019759d0f188	0	0	0	0	0	True	PASS
ocr_union	3	te	452821	423587	MAF_EAS>0.01_AND_MAF_EUR>0.01	/Volumes/EMPTY2TB/跨祖源屈光不正遗传效应 × retinal regulatory architecture/data/interim/sldxr_scores/ocr_union_chr.3_te.gz	423587	0704ecaa1a513d6e569b22169bba520e5376292d0d61beae6002019759d0f188	0704ecaa1a513d6e569b22169bba520e5376292d0d61beae6002019759d0f188	0	0	0	0	0	True	PASS
matched_non_dar_ocr	3	pop1	452821	423587	MAF_EAS>0.01_AND_MAF_EUR>0.01	/Volumes/EMPTY2TB/跨祖源屈光不正遗传效应 × retinal regulatory architecture/data/interim/sldxr_scores/matched_non_dar_ocr_chr.3_pop1.gz	423587	0704ecaa1a513d6e569b22169bba520e5376292d0d61beae6002019759d0f188	0704ecaa1a513d6e569b22169bba520e5376292d0d61beae6002019759d0f188	0	0	0	0	0	True	PASS
matched_non_dar_ocr	3	pop2	452821	423587	MAF_EAS>0.01_AND_MAF_EUR>0.01	/Volumes/EMPTY2TB/跨祖源屈光不正遗传效应 × retinal regulatory architecture/data/interim/sldxr_scores/matched_non_dar_ocr_chr.3_pop2.gz	423587	0704ecaa1a513d6e569b22169bba520e5376292d0d61beae6002019759d0f188	0704ecaa1a513d6e569b22169bba520e5376292d0d61beae6002019759d0f188	0	0	0	0	0	True	PASS
matched_non_dar_ocr	3	te	452821	423587	MAF_EAS>0.01_AND_MAF_EUR>0.01	/Volumes/EMPTY2TB/跨祖源屈光不正遗传效应 × retinal regulatory architecture/data/interim/sldxr_scores/matched_non_dar_ocr_chr.3_te.gz	423587	0704ecaa1a513d6e569b22169bba520e5376292d0d61beae6002019759d0f188	0704ecaa1a513d6e569b22169bba520e5376292d0d61beae6002019759d0f188	0	0	0	0	0	True	PASS
baseline	4	pop1	467274	434675	MAF_EAS>0.01_AND_MAF_EUR>0.01	/Volumes/EMPTY2TB/跨祖源屈光不正遗传效应 × retinal regulatory architecture/data/interim/sldxr_scores_aligned/baseline_chr.4_pop1.gz	434675	b4fb6a1b66d958a43dfa2909c77c46ff5263546664bfc16860b9d167cd2bc4cf	b4fb6a1b66d958a43dfa2909c77c46ff5263546664bfc16860b9d167cd2bc4cf	0	0	0	0	0	True	PASS
baseline	4	pop2	467274	434675	MAF_EAS>0.01_AND_MAF_EUR>0.01	/Volumes/EMPTY2TB/跨祖源屈光不正遗传效应 × retinal regulatory architecture/data/interim/sldxr_scores_aligned/baseline_chr.4_pop2.gz	434675	b4fb6a1b66d958a43dfa2909c77c46ff5263546664bfc16860b9d167cd2bc4cf	b4fb6a1b66d958a43dfa2909c77c46ff5263546664bfc16860b9d167cd2bc4cf	0	0	0	0	0	True	PASS
baseline	4	te	467274	434675	MAF_EAS>0.01_AND_MAF_EUR>0.01	/Volumes/EMPTY2TB/跨祖源屈光不正遗传效应 × retinal regulatory architecture/data/interim/sldxr_scores_aligned/baseline_chr.4_te.gz	434675	b4fb6a1b66d958a43dfa2909c77c46ff5263546664bfc16860b9d167cd2bc4cf	b4fb6a1b66d958a43dfa2909c77c46ff5263546664bfc16860b9d167cd2bc4cf	0	0	0	0	0	True	PASS
weights	4	pop1	467274	434675	MAF_EAS>0.01_AND_MAF_EUR>0.01	/Volumes/EMPTY2TB/跨祖源屈光不正遗传效应 × retinal regulatory architecture/data/interim/sldxr_scores/weights_chr.4_pop1.gz	434675	b4fb6a1b66d958a43dfa2909c77c46ff5263546664bfc16860b9d167cd2bc4cf	b4fb6a1b66d958a43dfa2909c77c46ff5263546664bfc16860b9d167cd2bc4cf	0	0	0	0	0	True	PASS
weights	4	pop2	467274	434675	MAF_EAS>0.01_AND_MAF_EUR>0.01	/Volumes/EMPTY2TB/跨祖源屈光不正遗传效应 × retinal regulatory architecture/data/interim/sldxr_scores/weights_chr.4_pop2.gz	434675	b4fb6a1b66d958a43dfa2909c77c46ff5263546664bfc16860b9d167cd2bc4cf	b4fb6a1b66d958a43dfa2909c77c46ff5263546664bfc16860b9d167cd2bc4cf	0	0	0	0	0	True	PASS
weights	4	te	467274	434675	MAF_EAS>0.01_AND_MAF_EUR>0.01	/Volumes/EMPTY2TB/跨祖源屈光不正遗传效应 × retinal regulatory architecture/data/interim/sldxr_scores/weights_chr.4_te.gz	434675	b4fb6a1b66d958a43dfa2909c77c46ff5263546664bfc16860b9d167cd2bc4cf	b4fb6a1b66d958a43dfa2909c77c46ff5263546664bfc16860b9d167cd2bc4cf	0	0	0	0	0	True	PASS
dar_global	4	pop1	467274	434675	MAF_EAS>0.01_AND_MAF_EUR>0.01	/Volumes/EMPTY2TB/跨祖源屈光不正遗传效应 × retinal regulatory architecture/data/interim/sldxr_scores/dar_global_chr.4_pop1.gz	434675	b4fb6a1b66d958a43dfa2909c77c46ff5263546664bfc16860b9d167cd2bc4cf	b4fb6a1b66d958a43dfa2909c77c46ff5263546664bfc16860b9d167cd2bc4cf	0	0	0	0	0	True	PASS
dar_global	4	pop2	467274	434675	MAF_EAS>0.01_AND_MAF_EUR>0.01	/Volumes/EMPTY2TB/跨祖源屈光不正遗传效应 × retinal regulatory architecture/data/interim/sldxr_scores/dar_global_chr.4_pop2.gz	434675	b4fb6a1b66d958a43dfa2909c77c46ff5263546664bfc16860b9d167cd2bc4cf	b4fb6a1b66d958a43dfa2909c77c46ff5263546664bfc16860b9d167cd2bc4cf	0	0	0	0	0	True	PASS
dar_global	4	te	467274	434675	MAF_EAS>0.01_AND_MAF_EUR>0.01	/Volumes/EMPTY2TB/跨祖源屈光不正遗传效应 × retinal regulatory architecture/data/interim/sldxr_scores/dar_global_chr.4_te.gz	434675	b4fb6a1b66d958a43dfa2909c77c46ff5263546664bfc16860b9d167cd2bc4cf	b4fb6a1b66d958a43dfa2909c77c46ff5263546664bfc16860b9d167cd2bc4cf	0	0	0	0	0	True	PASS
ocr_union	4	pop1	467274	434675	MAF_EAS>0.01_AND_MAF_EUR>0.01	/Volumes/EMPTY2TB/跨祖源屈光不正遗传效应 × retinal regulatory architecture/data/interim/sldxr_scores/ocr_union_chr.4_pop1.gz	434675	b4fb6a1b66d958a43dfa2909c77c46ff5263546664bfc16860b9d167cd2bc4cf	b4fb6a1b66d958a43dfa2909c77c46ff5263546664bfc16860b9d167cd2bc4cf	0	0	0	0	0	True	PASS
ocr_union	4	pop2	467274	434675	MAF_EAS>0.01_AND_MAF_EUR>0.01	/Volumes/EMPTY2TB/跨祖源屈光不正遗传效应 × retinal regulatory architecture/data/interim/sldxr_scores/ocr_union_chr.4_pop2.gz	434675	b4fb6a1b66d958a43dfa2909c77c46ff5263546664bfc16860b9d167cd2bc4cf	b4fb6a1b66d958a43dfa2909c77c46ff5263546664bfc16860b9d167cd2bc4cf	0	0	0	0	0	True	PASS
ocr_union	4	te	467274	434675	MAF_EAS>0.01_AND_MAF_EUR>0.01	/Volumes/EMPTY2TB/跨祖源屈光不正遗传效应 × retinal regulatory architecture/data/interim/sldxr_scores/ocr_union_chr.4_te.gz	434675	b4fb6a1b66d958a43dfa2909c77c46ff5263546664bfc16860b9d167cd2bc4cf	b4fb6a1b66d958a43dfa2909c77c46ff5263546664bfc16860b9d167cd2bc4cf	0	0	0	0	0	True	PASS
matched_non_dar_ocr	4	pop1	467274	434675	MAF_EAS>0.01_AND_MAF_EUR>0.01	/Volumes/EMPTY2TB/跨祖源屈光不正遗传效应 × retinal regulatory architecture/data/interim/sldxr_scores/matched_non_dar_ocr_chr.4_pop1.gz	434675	b4fb6a1b66d958a43dfa2909c77c46ff5263546664bfc16860b9d167cd2bc4cf	b4fb6a1b66d958a43dfa2909c77c46ff5263546664bfc16860b9d167cd2bc4cf	0	0	0	0	0	True	PASS
matched_non_dar_ocr	4	pop2	467274	434675	MAF_EAS>0.01_AND_MAF_EUR>0.01	/Volumes/EMPTY2TB/跨祖源屈光不正遗传效应 × retinal regulatory architecture/data/interim/sldxr_scores/matched_non_dar_ocr_chr.4_pop2.gz	434675	b4fb6a1b66d958a43dfa2909c77c46ff5263546664bfc16860b9d167cd2bc4cf	b4fb6a1b66d958a43dfa2909c77c46ff5263546664bfc16860b9d167cd2bc4cf	0	0	0	0	0	True	PASS
matched_non_dar_ocr	4	te	467274	434675	MAF_EAS>0.01_AND_MAF_EUR>0.01	/Volumes/EMPTY2TB/跨祖源屈光不正遗传效应 × retinal regulatory architecture/data/interim/sldxr_scores/matched_non_dar_ocr_chr.4_te.gz	434675	b4fb6a1b66d958a43dfa2909c77c46ff5263546664bfc16860b9d167cd2bc4cf	b4fb6a1b66d958a43dfa2909c77c46ff5263546664bfc16860b9d167cd2bc4cf	0	0	0	0	0	True	PASS
baseline	5	pop1	392944	366982	MAF_EAS>0.01_AND_MAF_EUR>0.01	/Volumes/EMPTY2TB/跨祖源屈光不正遗传效应 × retinal regulatory architecture/data/interim/sldxr_scores_aligned/baseline_chr.5_pop1.gz	366982	5a49e6bd9bea60baa17fde33d8730c01dfa5c1022a1aeabdfc61ac19614ddad0	5a49e6bd9bea60baa17fde33d8730c01dfa5c1022a1aeabdfc61ac19614ddad0	0	0	0	0	0	True	PASS
baseline	5	pop2	392944	366982	MAF_EAS>0.01_AND_MAF_EUR>0.01	/Volumes/EMPTY2TB/跨祖源屈光不正遗传效应 × retinal regulatory architecture/data/interim/sldxr_scores_aligned/baseline_chr.5_pop2.gz	366982	5a49e6bd9bea60baa17fde33d8730c01dfa5c1022a1aeabdfc61ac19614ddad0	5a49e6bd9bea60baa17fde33d8730c01dfa5c1022a1aeabdfc61ac19614ddad0	0	0	0	0	0	True	PASS
baseline	5	te	392944	366982	MAF_EAS>0.01_AND_MAF_EUR>0.01	/Volumes/EMPTY2TB/跨祖源屈光不正遗传效应 × retinal regulatory architecture/data/interim/sldxr_scores_aligned/baseline_chr.5_te.gz	366982	5a49e6bd9bea60baa17fde33d8730c01dfa5c1022a1aeabdfc61ac19614ddad0	5a49e6bd9bea60baa17fde33d8730c01dfa5c1022a1aeabdfc61ac19614ddad0	0	0	0	0	0	True	PASS
weights	5	pop1	392944	366982	MAF_EAS>0.01_AND_MAF_EUR>0.01	/Volumes/EMPTY2TB/跨祖源屈光不正遗传效应 × retinal regulatory architecture/data/interim/sldxr_scores/weights_chr.5_pop1.gz	366982	5a49e6bd9bea60baa17fde33d8730c01dfa5c1022a1aeabdfc61ac19614ddad0	5a49e6bd9bea60baa17fde33d8730c01dfa5c1022a1aeabdfc61ac19614ddad0	0	0	0	0	0	True	PASS
weights	5	pop2	392944	366982	MAF_EAS>0.01_AND_MAF_EUR>0.01	/Volumes/EMPTY2TB/跨祖源屈光不正遗传效应 × retinal regulatory architecture/data/interim/sldxr_scores/weights_chr.5_pop2.gz	366982	5a49e6bd9bea60baa17fde33d8730c01dfa5c1022a1aeabdfc61ac19614ddad0	5a49e6bd9bea60baa17fde33d8730c01dfa5c1022a1aeabdfc61ac19614ddad0	0	0	0	0	0	True	PASS
weights	5	te	392944	366982	MAF_EAS>0.01_AND_MAF_EUR>0.01	/Volumes/EMPTY2TB/跨祖源屈光不正遗传效应 × retinal regulatory architecture/data/interim/sldxr_scores/weights_chr.5_te.gz	366982	5a49e6bd9bea60baa17fde33d8730c01dfa5c1022a1aeabdfc61ac19614ddad0	5a49e6bd9bea60baa17fde33d8730c01dfa5c1022a1aeabdfc61ac19614ddad0	0	0	0	0	0	True	PASS
dar_global	5	pop1	392944	366982	MAF_EAS>0.01_AND_MAF_EUR>0.01	/Volumes/EMPTY2TB/跨祖源屈光不正遗传效应 × retinal regulatory architecture/data/interim/sldxr_scores/dar_global_chr.5_pop1.gz	366982	5a49e6bd9bea60baa17fde33d8730c01dfa5c1022a1aeabdfc61ac19614ddad0	5a49e6bd9bea60baa17fde33d8730c01dfa5c1022a1aeabdfc61ac19614ddad0	0	0	0	0	0	True	PASS
dar_global	5	pop2	392944	366982	MAF_EAS>0.01_AND_MAF_EUR>0.01	/Volumes/EMPTY2TB/跨祖源屈光不正遗传效应 × retinal regulatory architecture/data/interim/sldxr_scores/dar_global_chr.5_pop2.gz	366982	5a49e6bd9bea60baa17fde33d8730c01dfa5c1022a1aeabdfc61ac19614ddad0	5a49e6bd9bea60baa17fde33d8730c01dfa5c1022a1aeabdfc61ac19614ddad0	0	0	0	0	0	True	PASS
dar_global	5	te	392944	366982	MAF_EAS>0.01_AND_MAF_EUR>0.01	/Volumes/EMPTY2TB/跨祖源屈光不正遗传效应 × retinal regulatory architecture/data/interim/sldxr_scores/dar_global_chr.5_te.gz	366982	5a49e6bd9bea60baa17fde33d8730c01dfa5c1022a1aeabdfc61ac19614ddad0	5a49e6bd9bea60baa17fde33d8730c01dfa5c1022a1aeabdfc61ac19614ddad0	0	0	0	0	0	True	PASS
ocr_union	5	pop1	392944	366982	MAF_EAS>0.01_AND_MAF_EUR>0.01	/Volumes/EMPTY2TB/跨祖源屈光不正遗传效应 × retinal regulatory architecture/data/interim/sldxr_scores/ocr_union_chr.5_pop1.gz	366982	5a49e6bd9bea60baa17fde33d8730c01dfa5c1022a1aeabdfc61ac19614ddad0	5a49e6bd9bea60baa17fde33d8730c01dfa5c1022a1aeabdfc61ac19614ddad0	0	0	0	0	0	True	PASS
ocr_union	5	pop2	392944	366982	MAF_EAS>0.01_AND_MAF_EUR>0.01	/Volumes/EMPTY2TB/跨祖源屈光不正遗传效应 × retinal regulatory architecture/data/interim/sldxr_scores/ocr_union_chr.5_pop2.gz	366982	5a49e6bd9bea60baa17fde33d8730c01dfa5c1022a1aeabdfc61ac19614ddad0	5a49e6bd9bea60baa17fde33d8730c01dfa5c1022a1aeabdfc61ac19614ddad0	0	0	0	0	0	True	PASS
ocr_union	5	te	392944	366982	MAF_EAS>0.01_AND_MAF_EUR>0.01	/Volumes/EMPTY2TB/跨祖源屈光不正遗传效应 × retinal regulatory architecture/data/interim/sldxr_scores/ocr_union_chr.5_te.gz	366982	5a49e6bd9bea60baa17fde33d8730c01dfa5c1022a1aeabdfc61ac19614ddad0	5a49e6bd9bea60baa17fde33d8730c01dfa5c1022a1aeabdfc61ac19614ddad0	0	0	0	0	0	True	PASS
matched_non_dar_ocr	5	pop1	392944	366982	MAF_EAS>0.01_AND_MAF_EUR>0.01	/Volumes/EMPTY2TB/跨祖源屈光不正遗传效应 × retinal regulatory architecture/data/interim/sldxr_scores/matched_non_dar_ocr_chr.5_pop1.gz	366982	5a49e6bd9bea60baa17fde33d8730c01dfa5c1022a1aeabdfc61ac19614ddad0	5a49e6bd9bea60baa17fde33d8730c01dfa5c1022a1aeabdfc61ac19614ddad0	0	0	0	0	0	True	PASS
matched_non_dar_ocr	5	pop2	392944	366982	MAF_EAS>0.01_AND_MAF_EUR>0.01	/Volumes/EMPTY2TB/跨祖源屈光不正遗传效应 × retinal regulatory architecture/data/interim/sldxr_scores/matched_non_dar_ocr_chr.5_pop2.gz	366982	5a49e6bd9bea60baa17fde33d8730c01dfa5c1022a1aeabdfc61ac19614ddad0	5a49e6bd9bea60baa17fde33d8730c01dfa5c1022a1aeabdfc61ac19614ddad0	0	0	0	0	0	True	PASS
matched_non_dar_ocr	5	te	392944	366982	MAF_EAS>0.01_AND_MAF_EUR>0.01	/Volumes/EMPTY2TB/跨祖源屈光不正遗传效应 × retinal regulatory architecture/data/interim/sldxr_scores/matched_non_dar_ocr_chr.5_te.gz	366982	5a49e6bd9bea60baa17fde33d8730c01dfa5c1022a1aeabdfc61ac19614ddad0	5a49e6bd9bea60baa17fde33d8730c01dfa5c1022a1aeabdfc61ac19614ddad0	0	0	0	0	0	True	PASS
baseline	6	pop1	432823	401686	MAF_EAS>0.01_AND_MAF_EUR>0.01	/Volumes/EMPTY2TB/跨祖源屈光不正遗传效应 × retinal regulatory architecture/data/interim/sldxr_scores_aligned/baseline_chr.6_pop1.gz	401686	afa4b5426c6238120ab97eb0bfd5da40d1a3a302186c2c1ddd4ce8b1d873abd8	afa4b5426c6238120ab97eb0bfd5da40d1a3a302186c2c1ddd4ce8b1d873abd8	0	0	0	0	0	True	PASS
baseline	6	pop2	432823	401686	MAF_EAS>0.01_AND_MAF_EUR>0.01	/Volumes/EMPTY2TB/跨祖源屈光不正遗传效应 × retinal regulatory architecture/data/interim/sldxr_scores_aligned/baseline_chr.6_pop2.gz	401686	afa4b5426c6238120ab97eb0bfd5da40d1a3a302186c2c1ddd4ce8b1d873abd8	afa4b5426c6238120ab97eb0bfd5da40d1a3a302186c2c1ddd4ce8b1d873abd8	0	0	0	0	0	True	PASS
baseline	6	te	432823	401686	MAF_EAS>0.01_AND_MAF_EUR>0.01	/Volumes/EMPTY2TB/跨祖源屈光不正遗传效应 × retinal regulatory architecture/data/interim/sldxr_scores_aligned/baseline_chr.6_te.gz	401686	afa4b5426c6238120ab97eb0bfd5da40d1a3a302186c2c1ddd4ce8b1d873abd8	afa4b5426c6238120ab97eb0bfd5da40d1a3a302186c2c1ddd4ce8b1d873abd8	0	0	0	0	0	True	PASS
weights	6	pop1	432823	401686	MAF_EAS>0.01_AND_MAF_EUR>0.01	/Volumes/EMPTY2TB/跨祖源屈光不正遗传效应 × retinal regulatory architecture/data/interim/sldxr_scores/weights_chr.6_pop1.gz	401686	afa4b5426c6238120ab97eb0bfd5da40d1a3a302186c2c1ddd4ce8b1d873abd8	afa4b5426c6238120ab97eb0bfd5da40d1a3a302186c2c1ddd4ce8b1d873abd8	0	0	0	0	0	True	PASS
weights	6	pop2	432823	401686	MAF_EAS>0.01_AND_MAF_EUR>0.01	/Volumes/EMPTY2TB/跨祖源屈光不正遗传效应 × retinal regulatory architecture/data/interim/sldxr_scores/weights_chr.6_pop2.gz	401686	afa4b5426c6238120ab97eb0bfd5da40d1a3a302186c2c1ddd4ce8b1d873abd8	afa4b5426c6238120ab97eb0bfd5da40d1a3a302186c2c1ddd4ce8b1d873abd8	0	0	0	0	0	True	PASS
weights	6	te	432823	401686	MAF_EAS>0.01_AND_MAF_EUR>0.01	/Volumes/EMPTY2TB/跨祖源屈光不正遗传效应 × retinal regulatory architecture/data/interim/sldxr_scores/weights_chr.6_te.gz	401686	afa4b5426c6238120ab97eb0bfd5da40d1a3a302186c2c1ddd4ce8b1d873abd8	afa4b5426c6238120ab97eb0bfd5da40d1a3a302186c2c1ddd4ce8b1d873abd8	0	0	0	0	0	True	PASS
dar_global	6	pop1	432823	401686	MAF_EAS>0.01_AND_MAF_EUR>0.01	/Volumes/EMPTY2TB/跨祖源屈光不正遗传效应 × retinal regulatory architecture/data/interim/sldxr_scores/dar_global_chr.6_pop1.gz	401686	afa4b5426c6238120ab97eb0bfd5da40d1a3a302186c2c1ddd4ce8b1d873abd8	afa4b5426c6238120ab97eb0bfd5da40d1a3a302186c2c1ddd4ce8b1d873abd8	0	0	0	0	0	True	PASS
dar_global	6	pop2	432823	401686	MAF_EAS>0.01_AND_MAF_EUR>0.01	/Volumes/EMPTY2TB/跨祖源屈光不正遗传效应 × retinal regulatory architecture/data/interim/sldxr_scores/dar_global_chr.6_pop2.gz	401686	afa4b5426c6238120ab97eb0bfd5da40d1a3a302186c2c1ddd4ce8b1d873abd8	afa4b5426c6238120ab97eb0bfd5da40d1a3a302186c2c1ddd4ce8b1d873abd8	0	0	0	0	0	True	PASS
dar_global	6	te	432823	401686	MAF_EAS>0.01_AND_MAF_EUR>0.01	/Volumes/EMPTY2TB/跨祖源屈光不正遗传效应 × retinal regulatory architecture/data/interim/sldxr_scores/dar_global_chr.6_te.gz	401686	afa4b5426c6238120ab97eb0bfd5da40d1a3a302186c2c1ddd4ce8b1d873abd8	afa4b5426c6238120ab97eb0bfd5da40d1a3a302186c2c1ddd4ce8b1d873abd8	0	0	0	0	0	True	PASS
ocr_union	6	pop1	432823	401686	MAF_EAS>0.01_AND_MAF_EUR>0.01	/Volumes/EMPTY2TB/跨祖源屈光不正遗传效应 × retinal regulatory architecture/data/interim/sldxr_scores/ocr_union_chr.6_pop1.gz	401686	afa4b5426c6238120ab97eb0bfd5da40d1a3a302186c2c1ddd4ce8b1d873abd8	afa4b5426c6238120ab97eb0bfd5da40d1a3a302186c2c1ddd4ce8b1d873abd8	0	0	0	0	0	True	PASS
ocr_union	6	pop2	432823	401686	MAF_EAS>0.01_AND_MAF_EUR>0.01	/Volumes/EMPTY2TB/跨祖源屈光不正遗传效应 × retinal regulatory architecture/data/interim/sldxr_scores/ocr_union_chr.6_pop2.gz	401686	afa4b5426c6238120ab97eb0bfd5da40d1a3a302186c2c1ddd4ce8b1d873abd8	afa4b5426c6238120ab97eb0bfd5da40d1a3a302186c2c1ddd4ce8b1d873abd8	0	0	0	0	0	True	PASS
ocr_union	6	te	432823	401686	MAF_EAS>0.01_AND_MAF_EUR>0.01	/Volumes/EMPTY2TB/跨祖源屈光不正遗传效应 × retinal regulatory architecture/data/interim/sldxr_scores/ocr_union_chr.6_te.gz	401686	afa4b5426c6238120ab97eb0bfd5da40d1a3a302186c2c1ddd4ce8b1d873abd8	afa4b5426c6238120ab97eb0bfd5da40d1a3a302186c2c1ddd4ce8b1d873abd8	0	0	0	0	0	True	PASS
matched_non_dar_ocr	6	pop1	432823	401686	MAF_EAS>0.01_AND_MAF_EUR>0.01	/Volumes/EMPTY2TB/跨祖源屈光不正遗传效应 × retinal regulatory architecture/data/interim/sldxr_scores/matched_non_dar_ocr_chr.6_pop1.gz	401686	afa4b5426c6238120ab97eb0bfd5da40d1a3a302186c2c1ddd4ce8b1d873abd8	afa4b5426c6238120ab97eb0bfd5da40d1a3a302186c2c1ddd4ce8b1d873abd8	0	0	0	0	0	True	PASS
matched_non_dar_ocr	6	pop2	432823	401686	MAF_EAS>0.01_AND_MAF_EUR>0.01	/Volumes/EMPTY2TB/跨祖源屈光不正遗传效应 × retinal regulatory architecture/data/interim/sldxr_scores/matched_non_dar_ocr_chr.6_pop2.gz	401686	afa4b5426c6238120ab97eb0bfd5da40d1a3a302186c2c1ddd4ce8b1d873abd8	afa4b5426c6238120ab97eb0bfd5da40d1a3a302186c2c1ddd4ce8b1d873abd8	0	0	0	0	0	True	PASS
matched_non_dar_ocr	6	te	432823	401686	MAF_EAS>0.01_AND_MAF_EUR>0.01	/Volumes/EMPTY2TB/跨祖源屈光不正遗传效应 × retinal regulatory architecture/data/interim/sldxr_scores/matched_non_dar_ocr_chr.6_te.gz	401686	afa4b5426c6238120ab97eb0bfd5da40d1a3a302186c2c1ddd4ce8b1d873abd8	afa4b5426c6238120ab97eb0bfd5da40d1a3a302186c2c1ddd4ce8b1d873abd8	0	0	0	0	0	True	PASS
baseline	7	pop1	376090	351394	MAF_EAS>0.01_AND_MAF_EUR>0.01	/Volumes/EMPTY2TB/跨祖源屈光不正遗传效应 × retinal regulatory architecture/data/interim/sldxr_scores_aligned/baseline_chr.7_pop1.gz	351394	d6bb4f0d66088418293cfc14ce4fa3fdd60c25a98b5944b17d67bcf69b7f342a	d6bb4f0d66088418293cfc14ce4fa3fdd60c25a98b5944b17d67bcf69b7f342a	0	0	0	0	0	True	PASS
baseline	7	pop2	376090	351394	MAF_EAS>0.01_AND_MAF_EUR>0.01	/Volumes/EMPTY2TB/跨祖源屈光不正遗传效应 × retinal regulatory architecture/data/interim/sldxr_scores_aligned/baseline_chr.7_pop2.gz	351394	d6bb4f0d66088418293cfc14ce4fa3fdd60c25a98b5944b17d67bcf69b7f342a	d6bb4f0d66088418293cfc14ce4fa3fdd60c25a98b5944b17d67bcf69b7f342a	0	0	0	0	0	True	PASS
baseline	7	te	376090	351394	MAF_EAS>0.01_AND_MAF_EUR>0.01	/Volumes/EMPTY2TB/跨祖源屈光不正遗传效应 × retinal regulatory architecture/data/interim/sldxr_scores_aligned/baseline_chr.7_te.gz	351394	d6bb4f0d66088418293cfc14ce4fa3fdd60c25a98b5944b17d67bcf69b7f342a	d6bb4f0d66088418293cfc14ce4fa3fdd60c25a98b5944b17d67bcf69b7f342a	0	0	0	0	0	True	PASS
weights	7	pop1	376090	351394	MAF_EAS>0.01_AND_MAF_EUR>0.01	/Volumes/EMPTY2TB/跨祖源屈光不正遗传效应 × retinal regulatory architecture/data/interim/sldxr_scores/weights_chr.7_pop1.gz	351394	d6bb4f0d66088418293cfc14ce4fa3fdd60c25a98b5944b17d67bcf69b7f342a	d6bb4f0d66088418293cfc14ce4fa3fdd60c25a98b5944b17d67bcf69b7f342a	0	0	0	0	0	True	PASS
weights	7	pop2	376090	351394	MAF_EAS>0.01_AND_MAF_EUR>0.01	/Volumes/EMPTY2TB/跨祖源屈光不正遗传效应 × retinal regulatory architecture/data/interim/sldxr_scores/weights_chr.7_pop2.gz	351394	d6bb4f0d66088418293cfc14ce4fa3fdd60c25a98b5944b17d67bcf69b7f342a	d6bb4f0d66088418293cfc14ce4fa3fdd60c25a98b5944b17d67bcf69b7f342a	0	0	0	0	0	True	PASS
weights	7	te	376090	351394	MAF_EAS>0.01_AND_MAF_EUR>0.01	/Volumes/EMPTY2TB/跨祖源屈光不正遗传效应 × retinal regulatory architecture/data/interim/sldxr_scores/weights_chr.7_te.gz	351394	d6bb4f0d66088418293cfc14ce4fa3fdd60c25a98b5944b17d67bcf69b7f342a	d6bb4f0d66088418293cfc14ce4fa3fdd60c25a98b5944b17d67bcf69b7f342a	0	0	0	0	0	True	PASS
dar_global	7	pop1	376090	351394	MAF_EAS>0.01_AND_MAF_EUR>0.01	/Volumes/EMPTY2TB/跨祖源屈光不正遗传效应 × retinal regulatory architecture/data/interim/sldxr_scores/dar_global_chr.7_pop1.gz	351394	d6bb4f0d66088418293cfc14ce4fa3fdd60c25a98b5944b17d67bcf69b7f342a	d6bb4f0d66088418293cfc14ce4fa3fdd60c25a98b5944b17d67bcf69b7f342a	0	0	0	0	0	True	PASS
dar_global	7	pop2	376090	351394	MAF_EAS>0.01_AND_MAF_EUR>0.01	/Volumes/EMPTY2TB/跨祖源屈光不正遗传效应 × retinal regulatory architecture/data/interim/sldxr_scores/dar_global_chr.7_pop2.gz	351394	d6bb4f0d66088418293cfc14ce4fa3fdd60c25a98b5944b17d67bcf69b7f342a	d6bb4f0d66088418293cfc14ce4fa3fdd60c25a98b5944b17d67bcf69b7f342a	0	0	0	0	0	True	PASS
dar_global	7	te	376090	351394	MAF_EAS>0.01_AND_MAF_EUR>0.01	/Volumes/EMPTY2TB/跨祖源屈光不正遗传效应 × retinal regulatory architecture/data/interim/sldxr_scores/dar_global_chr.7_te.gz	351394	d6bb4f0d66088418293cfc14ce4fa3fdd60c25a98b5944b17d67bcf69b7f342a	d6bb4f0d66088418293cfc14ce4fa3fdd60c25a98b5944b17d67bcf69b7f342a	0	0	0	0	0	True	PASS
ocr_union	7	pop1	376090	351394	MAF_EAS>0.01_AND_MAF_EUR>0.01	/Volumes/EMPTY2TB/跨祖源屈光不正遗传效应 × retinal regulatory architecture/data/interim/sldxr_scores/ocr_union_chr.7_pop1.gz	351394	d6bb4f0d66088418293cfc14ce4fa3fdd60c25a98b5944b17d67bcf69b7f342a	d6bb4f0d66088418293cfc14ce4fa3fdd60c25a98b5944b17d67bcf69b7f342a	0	0	0	0	0	True	PASS
ocr_union	7	pop2	376090	351394	MAF_EAS>0.01_AND_MAF_EUR>0.01	/Volumes/EMPTY2TB/跨祖源屈光不正遗传效应 × retinal regulatory architecture/data/interim/sldxr_scores/ocr_union_chr.7_pop2.gz	351394	d6bb4f0d66088418293cfc14ce4fa3fdd60c25a98b5944b17d67bcf69b7f342a	d6bb4f0d66088418293cfc14ce4fa3fdd60c25a98b5944b17d67bcf69b7f342a	0	0	0	0	0	True	PASS
ocr_union	7	te	376090	351394	MAF_EAS>0.01_AND_MAF_EUR>0.01	/Volumes/EMPTY2TB/跨祖源屈光不正遗传效应 × retinal regulatory architecture/data/interim/sldxr_scores/ocr_union_chr.7_te.gz	351394	d6bb4f0d66088418293cfc14ce4fa3fdd60c25a98b5944b17d67bcf69b7f342a	d6bb4f0d66088418293cfc14ce4fa3fdd60c25a98b5944b17d67bcf69b7f342a	0	0	0	0	0	True	PASS
matched_non_dar_ocr	7	pop1	376090	351394	MAF_EAS>0.01_AND_MAF_EUR>0.01	/Volumes/EMPTY2TB/跨祖源屈光不正遗传效应 × retinal regulatory architecture/data/interim/sldxr_scores/matched_non_dar_ocr_chr.7_pop1.gz	351394	d6bb4f0d66088418293cfc14ce4fa3fdd60c25a98b5944b17d67bcf69b7f342a	d6bb4f0d66088418293cfc14ce4fa3fdd60c25a98b5944b17d67bcf69b7f342a	0	0	0	0	0	True	PASS
matched_non_dar_ocr	7	pop2	376090	351394	MAF_EAS>0.01_AND_MAF_EUR>0.01	/Volumes/EMPTY2TB/跨祖源屈光不正遗传效应 × retinal regulatory architecture/data/interim/sldxr_scores/matched_non_dar_ocr_chr.7_pop2.gz	351394	d6bb4f0d66088418293cfc14ce4fa3fdd60c25a98b5944b17d67bcf69b7f342a	d6bb4f0d66088418293cfc14ce4fa3fdd60c25a98b5944b17d67bcf69b7f342a	0	0	0	0	0	True	PASS
matched_non_dar_ocr	7	te	376090	351394	MAF_EAS>0.01_AND_MAF_EUR>0.01	/Volumes/EMPTY2TB/跨祖源屈光不正遗传效应 × retinal regulatory architecture/data/interim/sldxr_scores/matched_non_dar_ocr_chr.7_te.gz	351394	d6bb4f0d66088418293cfc14ce4fa3fdd60c25a98b5944b17d67bcf69b7f342a	d6bb4f0d66088418293cfc14ce4fa3fdd60c25a98b5944b17d67bcf69b7f342a	0	0	0	0	0	True	PASS
baseline	8	pop1	340742	319865	MAF_EAS>0.01_AND_MAF_EUR>0.01	/Volumes/EMPTY2TB/跨祖源屈光不正遗传效应 × retinal regulatory architecture/data/interim/sldxr_scores_aligned/baseline_chr.8_pop1.gz	319865	0b9a06702e29a3aadf5a2b270f3d2c2015662b7ed49ada142f513d3e4c5ee231	0b9a06702e29a3aadf5a2b270f3d2c2015662b7ed49ada142f513d3e4c5ee231	0	0	0	0	0	True	PASS
baseline	8	pop2	340742	319865	MAF_EAS>0.01_AND_MAF_EUR>0.01	/Volumes/EMPTY2TB/跨祖源屈光不正遗传效应 × retinal regulatory architecture/data/interim/sldxr_scores_aligned/baseline_chr.8_pop2.gz	319865	0b9a06702e29a3aadf5a2b270f3d2c2015662b7ed49ada142f513d3e4c5ee231	0b9a06702e29a3aadf5a2b270f3d2c2015662b7ed49ada142f513d3e4c5ee231	0	0	0	0	0	True	PASS
baseline	8	te	340742	319865	MAF_EAS>0.01_AND_MAF_EUR>0.01	/Volumes/EMPTY2TB/跨祖源屈光不正遗传效应 × retinal regulatory architecture/data/interim/sldxr_scores_aligned/baseline_chr.8_te.gz	319865	0b9a06702e29a3aadf5a2b270f3d2c2015662b7ed49ada142f513d3e4c5ee231	0b9a06702e29a3aadf5a2b270f3d2c2015662b7ed49ada142f513d3e4c5ee231	0	0	0	0	0	True	PASS
weights	8	pop1	340742	319865	MAF_EAS>0.01_AND_MAF_EUR>0.01	/Volumes/EMPTY2TB/跨祖源屈光不正遗传效应 × retinal regulatory architecture/data/interim/sldxr_scores/weights_chr.8_pop1.gz	319865	0b9a06702e29a3aadf5a2b270f3d2c2015662b7ed49ada142f513d3e4c5ee231	0b9a06702e29a3aadf5a2b270f3d2c2015662b7ed49ada142f513d3e4c5ee231	0	0	0	0	0	True	PASS
weights	8	pop2	340742	319865	MAF_EAS>0.01_AND_MAF_EUR>0.01	/Volumes/EMPTY2TB/跨祖源屈光不正遗传效应 × retinal regulatory architecture/data/interim/sldxr_scores/weights_chr.8_pop2.gz	319865	0b9a06702e29a3aadf5a2b270f3d2c2015662b7ed49ada142f513d3e4c5ee231	0b9a06702e29a3aadf5a2b270f3d2c2015662b7ed49ada142f513d3e4c5ee231	0	0	0	0	0	True	PASS
weights	8	te	340742	319865	MAF_EAS>0.01_AND_MAF_EUR>0.01	/Volumes/EMPTY2TB/跨祖源屈光不正遗传效应 × retinal regulatory architecture/data/interim/sldxr_scores/weights_chr.8_te.gz	319865	0b9a06702e29a3aadf5a2b270f3d2c2015662b7ed49ada142f513d3e4c5ee231	0b9a06702e29a3aadf5a2b270f3d2c2015662b7ed49ada142f513d3e4c5ee231	0	0	0	0	0	True	PASS
dar_global	8	pop1	340742	319865	MAF_EAS>0.01_AND_MAF_EUR>0.01	/Volumes/EMPTY2TB/跨祖源屈光不正遗传效应 × retinal regulatory architecture/data/interim/sldxr_scores/dar_global_chr.8_pop1.gz	319865	0b9a06702e29a3aadf5a2b270f3d2c2015662b7ed49ada142f513d3e4c5ee231	0b9a06702e29a3aadf5a2b270f3d2c2015662b7ed49ada142f513d3e4c5ee231	0	0	0	0	0	True	PASS
dar_global	8	pop2	340742	319865	MAF_EAS>0.01_AND_MAF_EUR>0.01	/Volumes/EMPTY2TB/跨祖源屈光不正遗传效应 × retinal regulatory architecture/data/interim/sldxr_scores/dar_global_chr.8_pop2.gz	319865	0b9a06702e29a3aadf5a2b270f3d2c2015662b7ed49ada142f513d3e4c5ee231	0b9a06702e29a3aadf5a2b270f3d2c2015662b7ed49ada142f513d3e4c5ee231	0	0	0	0	0	True	PASS
dar_global	8	te	340742	319865	MAF_EAS>0.01_AND_MAF_EUR>0.01	/Volumes/EMPTY2TB/跨祖源屈光不正遗传效应 × retinal regulatory architecture/data/interim/sldxr_scores/dar_global_chr.8_te.gz	319865	0b9a06702e29a3aadf5a2b270f3d2c2015662b7ed49ada142f513d3e4c5ee231	0b9a06702e29a3aadf5a2b270f3d2c2015662b7ed49ada142f513d3e4c5ee231	0	0	0	0	0	True	PASS
ocr_union	8	pop1	340742	319865	MAF_EAS>0.01_AND_MAF_EUR>0.01	/Volumes/EMPTY2TB/跨祖源屈光不正遗传效应 × retinal regulatory architecture/data/interim/sldxr_scores/ocr_union_chr.8_pop1.gz	319865	0b9a06702e29a3aadf5a2b270f3d2c2015662b7ed49ada142f513d3e4c5ee231	0b9a06702e29a3aadf5a2b270f3d2c2015662b7ed49ada142f513d3e4c5ee231	0	0	0	0	0	True	PASS
ocr_union	8	pop2	340742	319865	MAF_EAS>0.01_AND_MAF_EUR>0.01	/Volumes/EMPTY2TB/跨祖源屈光不正遗传效应 × retinal regulatory architecture/data/interim/sldxr_scores/ocr_union_chr.8_pop2.gz	319865	0b9a06702e29a3aadf5a2b270f3d2c2015662b7ed49ada142f513d3e4c5ee231	0b9a06702e29a3aadf5a2b270f3d2c2015662b7ed49ada142f513d3e4c5ee231	0	0	0	0	0	True	PASS
ocr_union	8	te	340742	319865	MAF_EAS>0.01_AND_MAF_EUR>0.01	/Volumes/EMPTY2TB/跨祖源屈光不正遗传效应 × retinal regulatory architecture/data/interim/sldxr_scores/ocr_union_chr.8_te.gz	319865	0b9a06702e29a3aadf5a2b270f3d2c2015662b7ed49ada142f513d3e4c5ee231	0b9a06702e29a3aadf5a2b270f3d2c2015662b7ed49ada142f513d3e4c5ee231	0	0	0	0	0	True	PASS
matched_non_dar_ocr	8	pop1	340742	319865	MAF_EAS>0.01_AND_MAF_EUR>0.01	/Volumes/EMPTY2TB/跨祖源屈光不正遗传效应 × retinal regulatory architecture/data/interim/sldxr_scores/matched_non_dar_ocr_chr.8_pop1.gz	319865	0b9a06702e29a3aadf5a2b270f3d2c2015662b7ed49ada142f513d3e4c5ee231	0b9a06702e29a3aadf5a2b270f3d2c2015662b7ed49ada142f513d3e4c5ee231	0	0	0	0	0	True	PASS
matched_non_dar_ocr	8	pop2	340742	319865	MAF_EAS>0.01_AND_MAF_EUR>0.01	/Volumes/EMPTY2TB/跨祖源屈光不正遗传效应 × retinal regulatory architecture/data/interim/sldxr_scores/matched_non_dar_ocr_chr.8_pop2.gz	319865	0b9a06702e29a3aadf5a2b270f3d2c2015662b7ed49ada142f513d3e4c5ee231	0b9a06702e29a3aadf5a2b270f3d2c2015662b7ed49ada142f513d3e4c5ee231	0	0	0	0	0	True	PASS
matched_non_dar_ocr	8	te	340742	319865	MAF_EAS>0.01_AND_MAF_EUR>0.01	/Volumes/EMPTY2TB/跨祖源屈光不正遗传效应 × retinal regulatory architecture/data/interim/sldxr_scores/matched_non_dar_ocr_chr.8_te.gz	319865	0b9a06702e29a3aadf5a2b270f3d2c2015662b7ed49ada142f513d3e4c5ee231	0b9a06702e29a3aadf5a2b270f3d2c2015662b7ed49ada142f513d3e4c5ee231	0	0	0	0	0	True	PASS
baseline	9	pop1	276683	255990	MAF_EAS>0.01_AND_MAF_EUR>0.01	/Volumes/EMPTY2TB/跨祖源屈光不正遗传效应 × retinal regulatory architecture/data/interim/sldxr_scores_aligned/baseline_chr.9_pop1.gz	255990	d7619a9da953e73c334fa303f9ff19a82e6a3fd03e2fecc159d22fa2fa6e49c9	d7619a9da953e73c334fa303f9ff19a82e6a3fd03e2fecc159d22fa2fa6e49c9	0	0	0	0	0	True	PASS
baseline	9	pop2	276683	255990	MAF_EAS>0.01_AND_MAF_EUR>0.01	/Volumes/EMPTY2TB/跨祖源屈光不正遗传效应 × retinal regulatory architecture/data/interim/sldxr_scores_aligned/baseline_chr.9_pop2.gz	255990	d7619a9da953e73c334fa303f9ff19a82e6a3fd03e2fecc159d22fa2fa6e49c9	d7619a9da953e73c334fa303f9ff19a82e6a3fd03e2fecc159d22fa2fa6e49c9	0	0	0	0	0	True	PASS
baseline	9	te	276683	255990	MAF_EAS>0.01_AND_MAF_EUR>0.01	/Volumes/EMPTY2TB/跨祖源屈光不正遗传效应 × retinal regulatory architecture/data/interim/sldxr_scores_aligned/baseline_chr.9_te.gz	255990	d7619a9da953e73c334fa303f9ff19a82e6a3fd03e2fecc159d22fa2fa6e49c9	d7619a9da953e73c334fa303f9ff19a82e6a3fd03e2fecc159d22fa2fa6e49c9	0	0	0	0	0	True	PASS
weights	9	pop1	276683	255990	MAF_EAS>0.01_AND_MAF_EUR>0.01	/Volumes/EMPTY2TB/跨祖源屈光不正遗传效应 × retinal regulatory architecture/data/interim/sldxr_scores/weights_chr.9_pop1.gz	255990	d7619a9da953e73c334fa303f9ff19a82e6a3fd03e2fecc159d22fa2fa6e49c9	d7619a9da953e73c334fa303f9ff19a82e6a3fd03e2fecc159d22fa2fa6e49c9	0	0	0	0	0	True	PASS
weights	9	pop2	276683	255990	MAF_EAS>0.01_AND_MAF_EUR>0.01	/Volumes/EMPTY2TB/跨祖源屈光不正遗传效应 × retinal regulatory architecture/data/interim/sldxr_scores/weights_chr.9_pop2.gz	255990	d7619a9da953e73c334fa303f9ff19a82e6a3fd03e2fecc159d22fa2fa6e49c9	d7619a9da953e73c334fa303f9ff19a82e6a3fd03e2fecc159d22fa2fa6e49c9	0	0	0	0	0	True	PASS
weights	9	te	276683	255990	MAF_EAS>0.01_AND_MAF_EUR>0.01	/Volumes/EMPTY2TB/跨祖源屈光不正遗传效应 × retinal regulatory architecture/data/interim/sldxr_scores/weights_chr.9_te.gz	255990	d7619a9da953e73c334fa303f9ff19a82e6a3fd03e2fecc159d22fa2fa6e49c9	d7619a9da953e73c334fa303f9ff19a82e6a3fd03e2fecc159d22fa2fa6e49c9	0	0	0	0	0	True	PASS
dar_global	9	pop1	276683	255990	MAF_EAS>0.01_AND_MAF_EUR>0.01	/Volumes/EMPTY2TB/跨祖源屈光不正遗传效应 × retinal regulatory architecture/data/interim/sldxr_scores/dar_global_chr.9_pop1.gz	255990	d7619a9da953e73c334fa303f9ff19a82e6a3fd03e2fecc159d22fa2fa6e49c9	d7619a9da953e73c334fa303f9ff19a82e6a3fd03e2fecc159d22fa2fa6e49c9	0	0	0	0	0	True	PASS
dar_global	9	pop2	276683	255990	MAF_EAS>0.01_AND_MAF_EUR>0.01	/Volumes/EMPTY2TB/跨祖源屈光不正遗传效应 × retinal regulatory architecture/data/interim/sldxr_scores/dar_global_chr.9_pop2.gz	255990	d7619a9da953e73c334fa303f9ff19a82e6a3fd03e2fecc159d22fa2fa6e49c9	d7619a9da953e73c334fa303f9ff19a82e6a3fd03e2fecc159d22fa2fa6e49c9	0	0	0	0	0	True	PASS
dar_global	9	te	276683	255990	MAF_EAS>0.01_AND_MAF_EUR>0.01	/Volumes/EMPTY2TB/跨祖源屈光不正遗传效应 × retinal regulatory architecture/data/interim/sldxr_scores/dar_global_chr.9_te.gz	255990	d7619a9da953e73c334fa303f9ff19a82e6a3fd03e2fecc159d22fa2fa6e49c9	d7619a9da953e73c334fa303f9ff19a82e6a3fd03e2fecc159d22fa2fa6e49c9	0	0	0	0	0	True	PASS
ocr_union	9	pop1	276683	255990	MAF_EAS>0.01_AND_MAF_EUR>0.01	/Volumes/EMPTY2TB/跨祖源屈光不正遗传效应 × retinal regulatory architecture/data/interim/sldxr_scores/ocr_union_chr.9_pop1.gz	255990	d7619a9da953e73c334fa303f9ff19a82e6a3fd03e2fecc159d22fa2fa6e49c9	d7619a9da953e73c334fa303f9ff19a82e6a3fd03e2fecc159d22fa2fa6e49c9	0	0	0	0	0	True	PASS
ocr_union	9	pop2	276683	255990	MAF_EAS>0.01_AND_MAF_EUR>0.01	/Volumes/EMPTY2TB/跨祖源屈光不正遗传效应 × retinal regulatory architecture/data/interim/sldxr_scores/ocr_union_chr.9_pop2.gz	255990	d7619a9da953e73c334fa303f9ff19a82e6a3fd03e2fecc159d22fa2fa6e49c9	d7619a9da953e73c334fa303f9ff19a82e6a3fd03e2fecc159d22fa2fa6e49c9	0	0	0	0	0	True	PASS
ocr_union	9	te	276683	255990	MAF_EAS>0.01_AND_MAF_EUR>0.01	/Volumes/EMPTY2TB/跨祖源屈光不正遗传效应 × retinal regulatory architecture/data/interim/sldxr_scores/ocr_union_chr.9_te.gz	255990	d7619a9da953e73c334fa303f9ff19a82e6a3fd03e2fecc159d22fa2fa6e49c9	d7619a9da953e73c334fa303f9ff19a82e6a3fd03e2fecc159d22fa2fa6e49c9	0	0	0	0	0	True	PASS
matched_non_dar_ocr	9	pop1	276683	255990	MAF_EAS>0.01_AND_MAF_EUR>0.01	/Volumes/EMPTY2TB/跨祖源屈光不正遗传效应 × retinal regulatory architecture/data/interim/sldxr_scores/matched_non_dar_ocr_chr.9_pop1.gz	255990	d7619a9da953e73c334fa303f9ff19a82e6a3fd03e2fecc159d22fa2fa6e49c9	d7619a9da953e73c334fa303f9ff19a82e6a3fd03e2fecc159d22fa2fa6e49c9	0	0	0	0	0	True	PASS
matched_non_dar_ocr	9	pop2	276683	255990	MAF_EAS>0.01_AND_MAF_EUR>0.01	/Volumes/EMPTY2TB/跨祖源屈光不正遗传效应 × retinal regulatory architecture/data/interim/sldxr_scores/matched_non_dar_ocr_chr.9_pop2.gz	255990	d7619a9da953e73c334fa303f9ff19a82e6a3fd03e2fecc159d22fa2fa6e49c9	d7619a9da953e73c334fa303f9ff19a82e6a3fd03e2fecc159d22fa2fa6e49c9	0	0	0	0	0	True	PASS
matched_non_dar_ocr	9	te	276683	255990	MAF_EAS>0.01_AND_MAF_EUR>0.01	/Volumes/EMPTY2TB/跨祖源屈光不正遗传效应 × retinal regulatory architecture/data/interim/sldxr_scores/matched_non_dar_ocr_chr.9_te.gz	255990	d7619a9da953e73c334fa303f9ff19a82e6a3fd03e2fecc159d22fa2fa6e49c9	d7619a9da953e73c334fa303f9ff19a82e6a3fd03e2fecc159d22fa2fa6e49c9	0	0	0	0	0	True	PASS
baseline	10	pop1	321568	299593	MAF_EAS>0.01_AND_MAF_EUR>0.01	/Volumes/EMPTY2TB/跨祖源屈光不正遗传效应 × retinal regulatory architecture/data/interim/sldxr_scores_aligned/baseline_chr.10_pop1.gz	299593	49a3bc557b43f3c1baeadc2355cf25babf482bba5025e930c92358d31e47bec7	49a3bc557b43f3c1baeadc2355cf25babf482bba5025e930c92358d31e47bec7	0	0	0	0	0	True	PASS
baseline	10	pop2	321568	299593	MAF_EAS>0.01_AND_MAF_EUR>0.01	/Volumes/EMPTY2TB/跨祖源屈光不正遗传效应 × retinal regulatory architecture/data/interim/sldxr_scores_aligned/baseline_chr.10_pop2.gz	299593	49a3bc557b43f3c1baeadc2355cf25babf482bba5025e930c92358d31e47bec7	49a3bc557b43f3c1baeadc2355cf25babf482bba5025e930c92358d31e47bec7	0	0	0	0	0	True	PASS
baseline	10	te	321568	299593	MAF_EAS>0.01_AND_MAF_EUR>0.01	/Volumes/EMPTY2TB/跨祖源屈光不正遗传效应 × retinal regulatory architecture/data/interim/sldxr_scores_aligned/baseline_chr.10_te.gz	299593	49a3bc557b43f3c1baeadc2355cf25babf482bba5025e930c92358d31e47bec7	49a3bc557b43f3c1baeadc2355cf25babf482bba5025e930c92358d31e47bec7	0	0	0	0	0	True	PASS
weights	10	pop1	321568	299593	MAF_EAS>0.01_AND_MAF_EUR>0.01	/Volumes/EMPTY2TB/跨祖源屈光不正遗传效应 × retinal regulatory architecture/data/interim/sldxr_scores/weights_chr.10_pop1.gz	299593	49a3bc557b43f3c1baeadc2355cf25babf482bba5025e930c92358d31e47bec7	49a3bc557b43f3c1baeadc2355cf25babf482bba5025e930c92358d31e47bec7	0	0	0	0	0	True	PASS
weights	10	pop2	321568	299593	MAF_EAS>0.01_AND_MAF_EUR>0.01	/Volumes/EMPTY2TB/跨祖源屈光不正遗传效应 × retinal regulatory architecture/data/interim/sldxr_scores/weights_chr.10_pop2.gz	299593	49a3bc557b43f3c1baeadc2355cf25babf482bba5025e930c92358d31e47bec7	49a3bc557b43f3c1baeadc2355cf25babf482bba5025e930c92358d31e47bec7	0	0	0	0	0	True	PASS
weights	10	te	321568	299593	MAF_EAS>0.01_AND_MAF_EUR>0.01	/Volumes/EMPTY2TB/跨祖源屈光不正遗传效应 × retinal regulatory architecture/data/interim/sldxr_scores/weights_chr.10_te.gz	299593	49a3bc557b43f3c1baeadc2355cf25babf482bba5025e930c92358d31e47bec7	49a3bc557b43f3c1baeadc2355cf25babf482bba5025e930c92358d31e47bec7	0	0	0	0	0	True	PASS
dar_global	10	pop1	321568	299593	MAF_EAS>0.01_AND_MAF_EUR>0.01	/Volumes/EMPTY2TB/跨祖源屈光不正遗传效应 × retinal regulatory architecture/data/interim/sldxr_scores/dar_global_chr.10_pop1.gz	299593	49a3bc557b43f3c1baeadc2355cf25babf482bba5025e930c92358d31e47bec7	49a3bc557b43f3c1baeadc2355cf25babf482bba5025e930c92358d31e47bec7	0	0	0	0	0	True	PASS
dar_global	10	pop2	321568	299593	MAF_EAS>0.01_AND_MAF_EUR>0.01	/Volumes/EMPTY2TB/跨祖源屈光不正遗传效应 × retinal regulatory architecture/data/interim/sldxr_scores/dar_global_chr.10_pop2.gz	299593	49a3bc557b43f3c1baeadc2355cf25babf482bba5025e930c92358d31e47bec7	49a3bc557b43f3c1baeadc2355cf25babf482bba5025e930c92358d31e47bec7	0	0	0	0	0	True	PASS
dar_global	10	te	321568	299593	MAF_EAS>0.01_AND_MAF_EUR>0.01	/Volumes/EMPTY2TB/跨祖源屈光不正遗传效应 × retinal regulatory architecture/data/interim/sldxr_scores/dar_global_chr.10_te.gz	299593	49a3bc557b43f3c1baeadc2355cf25babf482bba5025e930c92358d31e47bec7	49a3bc557b43f3c1baeadc2355cf25babf482bba5025e930c92358d31e47bec7	0	0	0	0	0	True	PASS
ocr_union	10	pop1	321568	299593	MAF_EAS>0.01_AND_MAF_EUR>0.01	/Volumes/EMPTY2TB/跨祖源屈光不正遗传效应 × retinal regulatory architecture/data/interim/sldxr_scores/ocr_union_chr.10_pop1.gz	299593	49a3bc557b43f3c1baeadc2355cf25babf482bba5025e930c92358d31e47bec7	49a3bc557b43f3c1baeadc2355cf25babf482bba5025e930c92358d31e47bec7	0	0	0	0	0	True	PASS
ocr_union	10	pop2	321568	299593	MAF_EAS>0.01_AND_MAF_EUR>0.01	/Volumes/EMPTY2TB/跨祖源屈光不正遗传效应 × retinal regulatory architecture/data/interim/sldxr_scores/ocr_union_chr.10_pop2.gz	299593	49a3bc557b43f3c1baeadc2355cf25babf482bba5025e930c92358d31e47bec7	49a3bc557b43f3c1baeadc2355cf25babf482bba5025e930c92358d31e47bec7	0	0	0	0	0	True	PASS
ocr_union	10	te	321568	299593	MAF_EAS>0.01_AND_MAF_EUR>0.01	/Volumes/EMPTY2TB/跨祖源屈光不正遗传效应 × retinal regulatory architecture/data/interim/sldxr_scores/ocr_union_chr.10_te.gz	299593	49a3bc557b43f3c1baeadc2355cf25babf482bba5025e930c92358d31e47bec7	49a3bc557b43f3c1baeadc2355cf25babf482bba5025e930c92358d31e47bec7	0	0	0	0	0	True	PASS
matched_non_dar_ocr	10	pop1	321568	299593	MAF_EAS>0.01_AND_MAF_EUR>0.01	/Volumes/EMPTY2TB/跨祖源屈光不正遗传效应 × retinal regulatory architecture/data/interim/sldxr_scores/matched_non_dar_ocr_chr.10_pop1.gz	299593	49a3bc557b43f3c1baeadc2355cf25babf482bba5025e930c92358d31e47bec7	49a3bc557b43f3c1baeadc2355cf25babf482bba5025e930c92358d31e47bec7	0	0	0	0	0	True	PASS
matched_non_dar_ocr	10	pop2	321568	299593	MAF_EAS>0.01_AND_MAF_EUR>0.01	/Volumes/EMPTY2TB/跨祖源屈光不正遗传效应 × retinal regulatory architecture/data/interim/sldxr_scores/matched_non_dar_ocr_chr.10_pop2.gz	299593	49a3bc557b43f3c1baeadc2355cf25babf482bba5025e930c92358d31e47bec7	49a3bc557b43f3c1baeadc2355cf25babf482bba5025e930c92358d31e47bec7	0	0	0	0	0	True	PASS
matched_non_dar_ocr	10	te	321568	299593	MAF_EAS>0.01_AND_MAF_EUR>0.01	/Volumes/EMPTY2TB/跨祖源屈光不正遗传效应 × retinal regulatory architecture/data/interim/sldxr_scores/matched_non_dar_ocr_chr.10_te.gz	299593	49a3bc557b43f3c1baeadc2355cf25babf482bba5025e930c92358d31e47bec7	49a3bc557b43f3c1baeadc2355cf25babf482bba5025e930c92358d31e47bec7	0	0	0	0	0	True	PASS
baseline	11	pop1	310679	290949	MAF_EAS>0.01_AND_MAF_EUR>0.01	/Volumes/EMPTY2TB/跨祖源屈光不正遗传效应 × retinal regulatory architecture/data/interim/sldxr_scores_aligned/baseline_chr.11_pop1.gz	290949	a72ae5a70b1c42076e074904115e019ae88e57bafbf53d9d07ebeee725815cc1	a72ae5a70b1c42076e074904115e019ae88e57bafbf53d9d07ebeee725815cc1	0	0	0	0	0	True	PASS
baseline	11	pop2	310679	290949	MAF_EAS>0.01_AND_MAF_EUR>0.01	/Volumes/EMPTY2TB/跨祖源屈光不正遗传效应 × retinal regulatory architecture/data/interim/sldxr_scores_aligned/baseline_chr.11_pop2.gz	290949	a72ae5a70b1c42076e074904115e019ae88e57bafbf53d9d07ebeee725815cc1	a72ae5a70b1c42076e074904115e019ae88e57bafbf53d9d07ebeee725815cc1	0	0	0	0	0	True	PASS
baseline	11	te	310679	290949	MAF_EAS>0.01_AND_MAF_EUR>0.01	/Volumes/EMPTY2TB/跨祖源屈光不正遗传效应 × retinal regulatory architecture/data/interim/sldxr_scores_aligned/baseline_chr.11_te.gz	290949	a72ae5a70b1c42076e074904115e019ae88e57bafbf53d9d07ebeee725815cc1	a72ae5a70b1c42076e074904115e019ae88e57bafbf53d9d07ebeee725815cc1	0	0	0	0	0	True	PASS
weights	11	pop1	310679	290949	MAF_EAS>0.01_AND_MAF_EUR>0.01	/Volumes/EMPTY2TB/跨祖源屈光不正遗传效应 × retinal regulatory architecture/data/interim/sldxr_scores/weights_chr.11_pop1.gz	290949	a72ae5a70b1c42076e074904115e019ae88e57bafbf53d9d07ebeee725815cc1	a72ae5a70b1c42076e074904115e019ae88e57bafbf53d9d07ebeee725815cc1	0	0	0	0	0	True	PASS
weights	11	pop2	310679	290949	MAF_EAS>0.01_AND_MAF_EUR>0.01	/Volumes/EMPTY2TB/跨祖源屈光不正遗传效应 × retinal regulatory architecture/data/interim/sldxr_scores/weights_chr.11_pop2.gz	290949	a72ae5a70b1c42076e074904115e019ae88e57bafbf53d9d07ebeee725815cc1	a72ae5a70b1c42076e074904115e019ae88e57bafbf53d9d07ebeee725815cc1	0	0	0	0	0	True	PASS
weights	11	te	310679	290949	MAF_EAS>0.01_AND_MAF_EUR>0.01	/Volumes/EMPTY2TB/跨祖源屈光不正遗传效应 × retinal regulatory architecture/data/interim/sldxr_scores/weights_chr.11_te.gz	290949	a72ae5a70b1c42076e074904115e019ae88e57bafbf53d9d07ebeee725815cc1	a72ae5a70b1c42076e074904115e019ae88e57bafbf53d9d07ebeee725815cc1	0	0	0	0	0	True	PASS
dar_global	11	pop1	310679	290949	MAF_EAS>0.01_AND_MAF_EUR>0.01	/Volumes/EMPTY2TB/跨祖源屈光不正遗传效应 × retinal regulatory architecture/data/interim/sldxr_scores/dar_global_chr.11_pop1.gz	290949	a72ae5a70b1c42076e074904115e019ae88e57bafbf53d9d07ebeee725815cc1	a72ae5a70b1c42076e074904115e019ae88e57bafbf53d9d07ebeee725815cc1	0	0	0	0	0	True	PASS
dar_global	11	pop2	310679	290949	MAF_EAS>0.01_AND_MAF_EUR>0.01	/Volumes/EMPTY2TB/跨祖源屈光不正遗传效应 × retinal regulatory architecture/data/interim/sldxr_scores/dar_global_chr.11_pop2.gz	290949	a72ae5a70b1c42076e074904115e019ae88e57bafbf53d9d07ebeee725815cc1	a72ae5a70b1c42076e074904115e019ae88e57bafbf53d9d07ebeee725815cc1	0	0	0	0	0	True	PASS
dar_global	11	te	310679	290949	MAF_EAS>0.01_AND_MAF_EUR>0.01	/Volumes/EMPTY2TB/跨祖源屈光不正遗传效应 × retinal regulatory architecture/data/interim/sldxr_scores/dar_global_chr.11_te.gz	290949	a72ae5a70b1c42076e074904115e019ae88e57bafbf53d9d07ebeee725815cc1	a72ae5a70b1c42076e074904115e019ae88e57bafbf53d9d07ebeee725815cc1	0	0	0	0	0	True	PASS
ocr_union	11	pop1	310679	290949	MAF_EAS>0.01_AND_MAF_EUR>0.01	/Volumes/EMPTY2TB/跨祖源屈光不正遗传效应 × retinal regulatory architecture/data/interim/sldxr_scores/ocr_union_chr.11_pop1.gz	290949	a72ae5a70b1c42076e074904115e019ae88e57bafbf53d9d07ebeee725815cc1	a72ae5a70b1c42076e074904115e019ae88e57bafbf53d9d07ebeee725815cc1	0	0	0	0	0	True	PASS
ocr_union	11	pop2	310679	290949	MAF_EAS>0.01_AND_MAF_EUR>0.01	/Volumes/EMPTY2TB/跨祖源屈光不正遗传效应 × retinal regulatory architecture/data/interim/sldxr_scores/ocr_union_chr.11_pop2.gz	290949	a72ae5a70b1c42076e074904115e019ae88e57bafbf53d9d07ebeee725815cc1	a72ae5a70b1c42076e074904115e019ae88e57bafbf53d9d07ebeee725815cc1	0	0	0	0	0	True	PASS
ocr_union	11	te	310679	290949	MAF_EAS>0.01_AND_MAF_EUR>0.01	/Volumes/EMPTY2TB/跨祖源屈光不正遗传效应 × retinal regulatory architecture/data/interim/sldxr_scores/ocr_union_chr.11_te.gz	290949	a72ae5a70b1c42076e074904115e019ae88e57bafbf53d9d07ebeee725815cc1	a72ae5a70b1c42076e074904115e019ae88e57bafbf53d9d07ebeee725815cc1	0	0	0	0	0	True	PASS
matched_non_dar_ocr	11	pop1	310679	290949	MAF_EAS>0.01_AND_MAF_EUR>0.01	/Volumes/EMPTY2TB/跨祖源屈光不正遗传效应 × retinal regulatory architecture/data/interim/sldxr_scores/matched_non_dar_ocr_chr.11_pop1.gz	290949	a72ae5a70b1c42076e074904115e019ae88e57bafbf53d9d07ebeee725815cc1	a72ae5a70b1c42076e074904115e019ae88e57bafbf53d9d07ebeee725815cc1	0	0	0	0	0	True	PASS
matched_non_dar_ocr	11	pop2	310679	290949	MAF_EAS>0.01_AND_MAF_EUR>0.01	/Volumes/EMPTY2TB/跨祖源屈光不正遗传效应 × retinal regulatory architecture/data/interim/sldxr_scores/matched_non_dar_ocr_chr.11_pop2.gz	290949	a72ae5a70b1c42076e074904115e019ae88e57bafbf53d9d07ebeee725815cc1	a72ae5a70b1c42076e074904115e019ae88e57bafbf53d9d07ebeee725815cc1	0	0	0	0	0	True	PASS
matched_non_dar_ocr	11	te	310679	290949	MAF_EAS>0.01_AND_MAF_EUR>0.01	/Volumes/EMPTY2TB/跨祖源屈光不正遗传效应 × retinal regulatory architecture/data/interim/sldxr_scores/matched_non_dar_ocr_chr.11_te.gz	290949	a72ae5a70b1c42076e074904115e019ae88e57bafbf53d9d07ebeee725815cc1	a72ae5a70b1c42076e074904115e019ae88e57bafbf53d9d07ebeee725815cc1	0	0	0	0	0	True	PASS
baseline	12	pop1	302052	280784	MAF_EAS>0.01_AND_MAF_EUR>0.01	/Volumes/EMPTY2TB/跨祖源屈光不正遗传效应 × retinal regulatory architecture/data/interim/sldxr_scores_aligned/baseline_chr.12_pop1.gz	280784	3c0a5136f0ff21aba454b21b03e3b09bea10c975f4ffb15f35655ff79f2d9fd6	3c0a5136f0ff21aba454b21b03e3b09bea10c975f4ffb15f35655ff79f2d9fd6	0	0	0	0	0	True	PASS
baseline	12	pop2	302052	280784	MAF_EAS>0.01_AND_MAF_EUR>0.01	/Volumes/EMPTY2TB/跨祖源屈光不正遗传效应 × retinal regulatory architecture/data/interim/sldxr_scores_aligned/baseline_chr.12_pop2.gz	280784	3c0a5136f0ff21aba454b21b03e3b09bea10c975f4ffb15f35655ff79f2d9fd6	3c0a5136f0ff21aba454b21b03e3b09bea10c975f4ffb15f35655ff79f2d9fd6	0	0	0	0	0	True	PASS
baseline	12	te	302052	280784	MAF_EAS>0.01_AND_MAF_EUR>0.01	/Volumes/EMPTY2TB/跨祖源屈光不正遗传效应 × retinal regulatory architecture/data/interim/sldxr_scores_aligned/baseline_chr.12_te.gz	280784	3c0a5136f0ff21aba454b21b03e3b09bea10c975f4ffb15f35655ff79f2d9fd6	3c0a5136f0ff21aba454b21b03e3b09bea10c975f4ffb15f35655ff79f2d9fd6	0	0	0	0	0	True	PASS
weights	12	pop1	302052	280784	MAF_EAS>0.01_AND_MAF_EUR>0.01	/Volumes/EMPTY2TB/跨祖源屈光不正遗传效应 × retinal regulatory architecture/data/interim/sldxr_scores/weights_chr.12_pop1.gz	280784	3c0a5136f0ff21aba454b21b03e3b09bea10c975f4ffb15f35655ff79f2d9fd6	3c0a5136f0ff21aba454b21b03e3b09bea10c975f4ffb15f35655ff79f2d9fd6	0	0	0	0	0	True	PASS
weights	12	pop2	302052	280784	MAF_EAS>0.01_AND_MAF_EUR>0.01	/Volumes/EMPTY2TB/跨祖源屈光不正遗传效应 × retinal regulatory architecture/data/interim/sldxr_scores/weights_chr.12_pop2.gz	280784	3c0a5136f0ff21aba454b21b03e3b09bea10c975f4ffb15f35655ff79f2d9fd6	3c0a5136f0ff21aba454b21b03e3b09bea10c975f4ffb15f35655ff79f2d9fd6	0	0	0	0	0	True	PASS
weights	12	te	302052	280784	MAF_EAS>0.01_AND_MAF_EUR>0.01	/Volumes/EMPTY2TB/跨祖源屈光不正遗传效应 × retinal regulatory architecture/data/interim/sldxr_scores/weights_chr.12_te.gz	280784	3c0a5136f0ff21aba454b21b03e3b09bea10c975f4ffb15f35655ff79f2d9fd6	3c0a5136f0ff21aba454b21b03e3b09bea10c975f4ffb15f35655ff79f2d9fd6	0	0	0	0	0	True	PASS
dar_global	12	pop1	302052	280784	MAF_EAS>0.01_AND_MAF_EUR>0.01	/Volumes/EMPTY2TB/跨祖源屈光不正遗传效应 × retinal regulatory architecture/data/interim/sldxr_scores/dar_global_chr.12_pop1.gz	280784	3c0a5136f0ff21aba454b21b03e3b09bea10c975f4ffb15f35655ff79f2d9fd6	3c0a5136f0ff21aba454b21b03e3b09bea10c975f4ffb15f35655ff79f2d9fd6	0	0	0	0	0	True	PASS
dar_global	12	pop2	302052	280784	MAF_EAS>0.01_AND_MAF_EUR>0.01	/Volumes/EMPTY2TB/跨祖源屈光不正遗传效应 × retinal regulatory architecture/data/interim/sldxr_scores/dar_global_chr.12_pop2.gz	280784	3c0a5136f0ff21aba454b21b03e3b09bea10c975f4ffb15f35655ff79f2d9fd6	3c0a5136f0ff21aba454b21b03e3b09bea10c975f4ffb15f35655ff79f2d9fd6	0	0	0	0	0	True	PASS
dar_global	12	te	302052	280784	MAF_EAS>0.01_AND_MAF_EUR>0.01	/Volumes/EMPTY2TB/跨祖源屈光不正遗传效应 × retinal regulatory architecture/data/interim/sldxr_scores/dar_global_chr.12_te.gz	280784	3c0a5136f0ff21aba454b21b03e3b09bea10c975f4ffb15f35655ff79f2d9fd6	3c0a5136f0ff21aba454b21b03e3b09bea10c975f4ffb15f35655ff79f2d9fd6	0	0	0	0	0	True	PASS
ocr_union	12	pop1	302052	280784	MAF_EAS>0.01_AND_MAF_EUR>0.01	/Volumes/EMPTY2TB/跨祖源屈光不正遗传效应 × retinal regulatory architecture/data/interim/sldxr_scores/ocr_union_chr.12_pop1.gz	280784	3c0a5136f0ff21aba454b21b03e3b09bea10c975f4ffb15f35655ff79f2d9fd6	3c0a5136f0ff21aba454b21b03e3b09bea10c975f4ffb15f35655ff79f2d9fd6	0	0	0	0	0	True	PASS
ocr_union	12	pop2	302052	280784	MAF_EAS>0.01_AND_MAF_EUR>0.01	/Volumes/EMPTY2TB/跨祖源屈光不正遗传效应 × retinal regulatory architecture/data/interim/sldxr_scores/ocr_union_chr.12_pop2.gz	280784	3c0a5136f0ff21aba454b21b03e3b09bea10c975f4ffb15f35655ff79f2d9fd6	3c0a5136f0ff21aba454b21b03e3b09bea10c975f4ffb15f35655ff79f2d9fd6	0	0	0	0	0	True	PASS
ocr_union	12	te	302052	280784	MAF_EAS>0.01_AND_MAF_EUR>0.01	/Volumes/EMPTY2TB/跨祖源屈光不正遗传效应 × retinal regulatory architecture/data/interim/sldxr_scores/ocr_union_chr.12_te.gz	280784	3c0a5136f0ff21aba454b21b03e3b09bea10c975f4ffb15f35655ff79f2d9fd6	3c0a5136f0ff21aba454b21b03e3b09bea10c975f4ffb15f35655ff79f2d9fd6	0	0	0	0	0	True	PASS
matched_non_dar_ocr	12	pop1	302052	280784	MAF_EAS>0.01_AND_MAF_EUR>0.01	/Volumes/EMPTY2TB/跨祖源屈光不正遗传效应 × retinal regulatory architecture/data/interim/sldxr_scores/matched_non_dar_ocr_chr.12_pop1.gz	280784	3c0a5136f0ff21aba454b21b03e3b09bea10c975f4ffb15f35655ff79f2d9fd6	3c0a5136f0ff21aba454b21b03e3b09bea10c975f4ffb15f35655ff79f2d9fd6	0	0	0	0	0	True	PASS
matched_non_dar_ocr	12	pop2	302052	280784	MAF_EAS>0.01_AND_MAF_EUR>0.01	/Volumes/EMPTY2TB/跨祖源屈光不正遗传效应 × retinal regulatory architecture/data/interim/sldxr_scores/matched_non_dar_ocr_chr.12_pop2.gz	280784	3c0a5136f0ff21aba454b21b03e3b09bea10c975f4ffb15f35655ff79f2d9fd6	3c0a5136f0ff21aba454b21b03e3b09bea10c975f4ffb15f35655ff79f2d9fd6	0	0	0	0	0	True	PASS
matched_non_dar_ocr	12	te	302052	280784	MAF_EAS>0.01_AND_MAF_EUR>0.01	/Volumes/EMPTY2TB/跨祖源屈光不正遗传效应 × retinal regulatory architecture/data/interim/sldxr_scores/matched_non_dar_ocr_chr.12_te.gz	280784	3c0a5136f0ff21aba454b21b03e3b09bea10c975f4ffb15f35655ff79f2d9fd6	3c0a5136f0ff21aba454b21b03e3b09bea10c975f4ffb15f35655ff79f2d9fd6	0	0	0	0	0	True	PASS
baseline	13	pop1	232772	217132	MAF_EAS>0.01_AND_MAF_EUR>0.01	/Volumes/EMPTY2TB/跨祖源屈光不正遗传效应 × retinal regulatory architecture/data/interim/sldxr_scores_aligned/baseline_chr.13_pop1.gz	217132	bc4897d546a14dc3dbf19e83659da61fbe7b0e0b9f749edf58a05699a0ed982d	bc4897d546a14dc3dbf19e83659da61fbe7b0e0b9f749edf58a05699a0ed982d	0	0	0	0	0	True	PASS
baseline	13	pop2	232772	217132	MAF_EAS>0.01_AND_MAF_EUR>0.01	/Volumes/EMPTY2TB/跨祖源屈光不正遗传效应 × retinal regulatory architecture/data/interim/sldxr_scores_aligned/baseline_chr.13_pop2.gz	217132	bc4897d546a14dc3dbf19e83659da61fbe7b0e0b9f749edf58a05699a0ed982d	bc4897d546a14dc3dbf19e83659da61fbe7b0e0b9f749edf58a05699a0ed982d	0	0	0	0	0	True	PASS
baseline	13	te	232772	217132	MAF_EAS>0.01_AND_MAF_EUR>0.01	/Volumes/EMPTY2TB/跨祖源屈光不正遗传效应 × retinal regulatory architecture/data/interim/sldxr_scores_aligned/baseline_chr.13_te.gz	217132	bc4897d546a14dc3dbf19e83659da61fbe7b0e0b9f749edf58a05699a0ed982d	bc4897d546a14dc3dbf19e83659da61fbe7b0e0b9f749edf58a05699a0ed982d	0	0	0	0	0	True	PASS
weights	13	pop1	232772	217132	MAF_EAS>0.01_AND_MAF_EUR>0.01	/Volumes/EMPTY2TB/跨祖源屈光不正遗传效应 × retinal regulatory architecture/data/interim/sldxr_scores/weights_chr.13_pop1.gz	217132	bc4897d546a14dc3dbf19e83659da61fbe7b0e0b9f749edf58a05699a0ed982d	bc4897d546a14dc3dbf19e83659da61fbe7b0e0b9f749edf58a05699a0ed982d	0	0	0	0	0	True	PASS
weights	13	pop2	232772	217132	MAF_EAS>0.01_AND_MAF_EUR>0.01	/Volumes/EMPTY2TB/跨祖源屈光不正遗传效应 × retinal regulatory architecture/data/interim/sldxr_scores/weights_chr.13_pop2.gz	217132	bc4897d546a14dc3dbf19e83659da61fbe7b0e0b9f749edf58a05699a0ed982d	bc4897d546a14dc3dbf19e83659da61fbe7b0e0b9f749edf58a05699a0ed982d	0	0	0	0	0	True	PASS
weights	13	te	232772	217132	MAF_EAS>0.01_AND_MAF_EUR>0.01	/Volumes/EMPTY2TB/跨祖源屈光不正遗传效应 × retinal regulatory architecture/data/interim/sldxr_scores/weights_chr.13_te.gz	217132	bc4897d546a14dc3dbf19e83659da61fbe7b0e0b9f749edf58a05699a0ed982d	bc4897d546a14dc3dbf19e83659da61fbe7b0e0b9f749edf58a05699a0ed982d	0	0	0	0	0	True	PASS
dar_global	13	pop1	232772	217132	MAF_EAS>0.01_AND_MAF_EUR>0.01	/Volumes/EMPTY2TB/跨祖源屈光不正遗传效应 × retinal regulatory architecture/data/interim/sldxr_scores/dar_global_chr.13_pop1.gz	217132	bc4897d546a14dc3dbf19e83659da61fbe7b0e0b9f749edf58a05699a0ed982d	bc4897d546a14dc3dbf19e83659da61fbe7b0e0b9f749edf58a05699a0ed982d	0	0	0	0	0	True	PASS
dar_global	13	pop2	232772	217132	MAF_EAS>0.01_AND_MAF_EUR>0.01	/Volumes/EMPTY2TB/跨祖源屈光不正遗传效应 × retinal regulatory architecture/data/interim/sldxr_scores/dar_global_chr.13_pop2.gz	217132	bc4897d546a14dc3dbf19e83659da61fbe7b0e0b9f749edf58a05699a0ed982d	bc4897d546a14dc3dbf19e83659da61fbe7b0e0b9f749edf58a05699a0ed982d	0	0	0	0	0	True	PASS
dar_global	13	te	232772	217132	MAF_EAS>0.01_AND_MAF_EUR>0.01	/Volumes/EMPTY2TB/跨祖源屈光不正遗传效应 × retinal regulatory architecture/data/interim/sldxr_scores/dar_global_chr.13_te.gz	217132	bc4897d546a14dc3dbf19e83659da61fbe7b0e0b9f749edf58a05699a0ed982d	bc4897d546a14dc3dbf19e83659da61fbe7b0e0b9f749edf58a05699a0ed982d	0	0	0	0	0	True	PASS
ocr_union	13	pop1	232772	217132	MAF_EAS>0.01_AND_MAF_EUR>0.01	/Volumes/EMPTY2TB/跨祖源屈光不正遗传效应 × retinal regulatory architecture/data/interim/sldxr_scores/ocr_union_chr.13_pop1.gz	217132	bc4897d546a14dc3dbf19e83659da61fbe7b0e0b9f749edf58a05699a0ed982d	bc4897d546a14dc3dbf19e83659da61fbe7b0e0b9f749edf58a05699a0ed982d	0	0	0	0	0	True	PASS
ocr_union	13	pop2	232772	217132	MAF_EAS>0.01_AND_MAF_EUR>0.01	/Volumes/EMPTY2TB/跨祖源屈光不正遗传效应 × retinal regulatory architecture/data/interim/sldxr_scores/ocr_union_chr.13_pop2.gz	217132	bc4897d546a14dc3dbf19e83659da61fbe7b0e0b9f749edf58a05699a0ed982d	bc4897d546a14dc3dbf19e83659da61fbe7b0e0b9f749edf58a05699a0ed982d	0	0	0	0	0	True	PASS
ocr_union	13	te	232772	217132	MAF_EAS>0.01_AND_MAF_EUR>0.01	/Volumes/EMPTY2TB/跨祖源屈光不正遗传效应 × retinal regulatory architecture/data/interim/sldxr_scores/ocr_union_chr.13_te.gz	217132	bc4897d546a14dc3dbf19e83659da61fbe7b0e0b9f749edf58a05699a0ed982d	bc4897d546a14dc3dbf19e83659da61fbe7b0e0b9f749edf58a05699a0ed982d	0	0	0	0	0	True	PASS
matched_non_dar_ocr	13	pop1	232772	217132	MAF_EAS>0.01_AND_MAF_EUR>0.01	/Volumes/EMPTY2TB/跨祖源屈光不正遗传效应 × retinal regulatory architecture/data/interim/sldxr_scores/matched_non_dar_ocr_chr.13_pop1.gz	217132	bc4897d546a14dc3dbf19e83659da61fbe7b0e0b9f749edf58a05699a0ed982d	bc4897d546a14dc3dbf19e83659da61fbe7b0e0b9f749edf58a05699a0ed982d	0	0	0	0	0	True	PASS
matched_non_dar_ocr	13	pop2	232772	217132	MAF_EAS>0.01_AND_MAF_EUR>0.01	/Volumes/EMPTY2TB/跨祖源屈光不正遗传效应 × retinal regulatory architecture/data/interim/sldxr_scores/matched_non_dar_ocr_chr.13_pop2.gz	217132	bc4897d546a14dc3dbf19e83659da61fbe7b0e0b9f749edf58a05699a0ed982d	bc4897d546a14dc3dbf19e83659da61fbe7b0e0b9f749edf58a05699a0ed982d	0	0	0	0	0	True	PASS
matched_non_dar_ocr	13	te	232772	217132	MAF_EAS>0.01_AND_MAF_EUR>0.01	/Volumes/EMPTY2TB/跨祖源屈光不正遗传效应 × retinal regulatory architecture/data/interim/sldxr_scores/matched_non_dar_ocr_chr.13_te.gz	217132	bc4897d546a14dc3dbf19e83659da61fbe7b0e0b9f749edf58a05699a0ed982d	bc4897d546a14dc3dbf19e83659da61fbe7b0e0b9f749edf58a05699a0ed982d	0	0	0	0	0	True	PASS
baseline	14	pop1	203964	188600	MAF_EAS>0.01_AND_MAF_EUR>0.01	/Volumes/EMPTY2TB/跨祖源屈光不正遗传效应 × retinal regulatory architecture/data/interim/sldxr_scores_aligned/baseline_chr.14_pop1.gz	188600	851f3defe3b7467397925870e9a3561e9b69e136222e08d7446b9bb4118691fd	851f3defe3b7467397925870e9a3561e9b69e136222e08d7446b9bb4118691fd	0	0	0	0	0	True	PASS
baseline	14	pop2	203964	188600	MAF_EAS>0.01_AND_MAF_EUR>0.01	/Volumes/EMPTY2TB/跨祖源屈光不正遗传效应 × retinal regulatory architecture/data/interim/sldxr_scores_aligned/baseline_chr.14_pop2.gz	188600	851f3defe3b7467397925870e9a3561e9b69e136222e08d7446b9bb4118691fd	851f3defe3b7467397925870e9a3561e9b69e136222e08d7446b9bb4118691fd	0	0	0	0	0	True	PASS
baseline	14	te	203964	188600	MAF_EAS>0.01_AND_MAF_EUR>0.01	/Volumes/EMPTY2TB/跨祖源屈光不正遗传效应 × retinal regulatory architecture/data/interim/sldxr_scores_aligned/baseline_chr.14_te.gz	188600	851f3defe3b7467397925870e9a3561e9b69e136222e08d7446b9bb4118691fd	851f3defe3b7467397925870e9a3561e9b69e136222e08d7446b9bb4118691fd	0	0	0	0	0	True	PASS
weights	14	pop1	203964	188600	MAF_EAS>0.01_AND_MAF_EUR>0.01	/Volumes/EMPTY2TB/跨祖源屈光不正遗传效应 × retinal regulatory architecture/data/interim/sldxr_scores/weights_chr.14_pop1.gz	188600	851f3defe3b7467397925870e9a3561e9b69e136222e08d7446b9bb4118691fd	851f3defe3b7467397925870e9a3561e9b69e136222e08d7446b9bb4118691fd	0	0	0	0	0	True	PASS
weights	14	pop2	203964	188600	MAF_EAS>0.01_AND_MAF_EUR>0.01	/Volumes/EMPTY2TB/跨祖源屈光不正遗传效应 × retinal regulatory architecture/data/interim/sldxr_scores/weights_chr.14_pop2.gz	188600	851f3defe3b7467397925870e9a3561e9b69e136222e08d7446b9bb4118691fd	851f3defe3b7467397925870e9a3561e9b69e136222e08d7446b9bb4118691fd	0	0	0	0	0	True	PASS
weights	14	te	203964	188600	MAF_EAS>0.01_AND_MAF_EUR>0.01	/Volumes/EMPTY2TB/跨祖源屈光不正遗传效应 × retinal regulatory architecture/data/interim/sldxr_scores/weights_chr.14_te.gz	188600	851f3defe3b7467397925870e9a3561e9b69e136222e08d7446b9bb4118691fd	851f3defe3b7467397925870e9a3561e9b69e136222e08d7446b9bb4118691fd	0	0	0	0	0	True	PASS
dar_global	14	pop1	203964	188600	MAF_EAS>0.01_AND_MAF_EUR>0.01	/Volumes/EMPTY2TB/跨祖源屈光不正遗传效应 × retinal regulatory architecture/data/interim/sldxr_scores/dar_global_chr.14_pop1.gz	188600	851f3defe3b7467397925870e9a3561e9b69e136222e08d7446b9bb4118691fd	851f3defe3b7467397925870e9a3561e9b69e136222e08d7446b9bb4118691fd	0	0	0	0	0	True	PASS
dar_global	14	pop2	203964	188600	MAF_EAS>0.01_AND_MAF_EUR>0.01	/Volumes/EMPTY2TB/跨祖源屈光不正遗传效应 × retinal regulatory architecture/data/interim/sldxr_scores/dar_global_chr.14_pop2.gz	188600	851f3defe3b7467397925870e9a3561e9b69e136222e08d7446b9bb4118691fd	851f3defe3b7467397925870e9a3561e9b69e136222e08d7446b9bb4118691fd	0	0	0	0	0	True	PASS
dar_global	14	te	203964	188600	MAF_EAS>0.01_AND_MAF_EUR>0.01	/Volumes/EMPTY2TB/跨祖源屈光不正遗传效应 × retinal regulatory architecture/data/interim/sldxr_scores/dar_global_chr.14_te.gz	188600	851f3defe3b7467397925870e9a3561e9b69e136222e08d7446b9bb4118691fd	851f3defe3b7467397925870e9a3561e9b69e136222e08d7446b9bb4118691fd	0	0	0	0	0	True	PASS
ocr_union	14	pop1	203964	188600	MAF_EAS>0.01_AND_MAF_EUR>0.01	/Volumes/EMPTY2TB/跨祖源屈光不正遗传效应 × retinal regulatory architecture/data/interim/sldxr_scores/ocr_union_chr.14_pop1.gz	188600	851f3defe3b7467397925870e9a3561e9b69e136222e08d7446b9bb4118691fd	851f3defe3b7467397925870e9a3561e9b69e136222e08d7446b9bb4118691fd	0	0	0	0	0	True	PASS
ocr_union	14	pop2	203964	188600	MAF_EAS>0.01_AND_MAF_EUR>0.01	/Volumes/EMPTY2TB/跨祖源屈光不正遗传效应 × retinal regulatory architecture/data/interim/sldxr_scores/ocr_union_chr.14_pop2.gz	188600	851f3defe3b7467397925870e9a3561e9b69e136222e08d7446b9bb4118691fd	851f3defe3b7467397925870e9a3561e9b69e136222e08d7446b9bb4118691fd	0	0	0	0	0	True	PASS
ocr_union	14	te	203964	188600	MAF_EAS>0.01_AND_MAF_EUR>0.01	/Volumes/EMPTY2TB/跨祖源屈光不正遗传效应 × retinal regulatory architecture/data/interim/sldxr_scores/ocr_union_chr.14_te.gz	188600	851f3defe3b7467397925870e9a3561e9b69e136222e08d7446b9bb4118691fd	851f3defe3b7467397925870e9a3561e9b69e136222e08d7446b9bb4118691fd	0	0	0	0	0	True	PASS
matched_non_dar_ocr	14	pop1	203964	188600	MAF_EAS>0.01_AND_MAF_EUR>0.01	/Volumes/EMPTY2TB/跨祖源屈光不正遗传效应 × retinal regulatory architecture/data/interim/sldxr_scores/matched_non_dar_ocr_chr.14_pop1.gz	188600	851f3defe3b7467397925870e9a3561e9b69e136222e08d7446b9bb4118691fd	851f3defe3b7467397925870e9a3561e9b69e136222e08d7446b9bb4118691fd	0	0	0	0	0	True	PASS
matched_non_dar_ocr	14	pop2	203964	188600	MAF_EAS>0.01_AND_MAF_EUR>0.01	/Volumes/EMPTY2TB/跨祖源屈光不正遗传效应 × retinal regulatory architecture/data/interim/sldxr_scores/matched_non_dar_ocr_chr.14_pop2.gz	188600	851f3defe3b7467397925870e9a3561e9b69e136222e08d7446b9bb4118691fd	851f3defe3b7467397925870e9a3561e9b69e136222e08d7446b9bb4118691fd	0	0	0	0	0	True	PASS
matched_non_dar_ocr	14	te	203964	188600	MAF_EAS>0.01_AND_MAF_EUR>0.01	/Volumes/EMPTY2TB/跨祖源屈光不正遗传效应 × retinal regulatory architecture/data/interim/sldxr_scores/matched_non_dar_ocr_chr.14_te.gz	188600	851f3defe3b7467397925870e9a3561e9b69e136222e08d7446b9bb4118691fd	851f3defe3b7467397925870e9a3561e9b69e136222e08d7446b9bb4118691fd	0	0	0	0	0	True	PASS
baseline	15	pop1	182536	169150	MAF_EAS>0.01_AND_MAF_EUR>0.01	/Volumes/EMPTY2TB/跨祖源屈光不正遗传效应 × retinal regulatory architecture/data/interim/sldxr_scores_aligned/baseline_chr.15_pop1.gz	169150	e35f40f1b85a0585cf8fd9c2d32125a92f2a557b6343de5f17eba08226d05268	e35f40f1b85a0585cf8fd9c2d32125a92f2a557b6343de5f17eba08226d05268	0	0	0	0	0	True	PASS
baseline	15	pop2	182536	169150	MAF_EAS>0.01_AND_MAF_EUR>0.01	/Volumes/EMPTY2TB/跨祖源屈光不正遗传效应 × retinal regulatory architecture/data/interim/sldxr_scores_aligned/baseline_chr.15_pop2.gz	169150	e35f40f1b85a0585cf8fd9c2d32125a92f2a557b6343de5f17eba08226d05268	e35f40f1b85a0585cf8fd9c2d32125a92f2a557b6343de5f17eba08226d05268	0	0	0	0	0	True	PASS
baseline	15	te	182536	169150	MAF_EAS>0.01_AND_MAF_EUR>0.01	/Volumes/EMPTY2TB/跨祖源屈光不正遗传效应 × retinal regulatory architecture/data/interim/sldxr_scores_aligned/baseline_chr.15_te.gz	169150	e35f40f1b85a0585cf8fd9c2d32125a92f2a557b6343de5f17eba08226d05268	e35f40f1b85a0585cf8fd9c2d32125a92f2a557b6343de5f17eba08226d05268	0	0	0	0	0	True	PASS
weights	15	pop1	182536	169150	MAF_EAS>0.01_AND_MAF_EUR>0.01	/Volumes/EMPTY2TB/跨祖源屈光不正遗传效应 × retinal regulatory architecture/data/interim/sldxr_scores/weights_chr.15_pop1.gz	169150	e35f40f1b85a0585cf8fd9c2d32125a92f2a557b6343de5f17eba08226d05268	e35f40f1b85a0585cf8fd9c2d32125a92f2a557b6343de5f17eba08226d05268	0	0	0	0	0	True	PASS
weights	15	pop2	182536	169150	MAF_EAS>0.01_AND_MAF_EUR>0.01	/Volumes/EMPTY2TB/跨祖源屈光不正遗传效应 × retinal regulatory architecture/data/interim/sldxr_scores/weights_chr.15_pop2.gz	169150	e35f40f1b85a0585cf8fd9c2d32125a92f2a557b6343de5f17eba08226d05268	e35f40f1b85a0585cf8fd9c2d32125a92f2a557b6343de5f17eba08226d05268	0	0	0	0	0	True	PASS
weights	15	te	182536	169150	MAF_EAS>0.01_AND_MAF_EUR>0.01	/Volumes/EMPTY2TB/跨祖源屈光不正遗传效应 × retinal regulatory architecture/data/interim/sldxr_scores/weights_chr.15_te.gz	169150	e35f40f1b85a0585cf8fd9c2d32125a92f2a557b6343de5f17eba08226d05268	e35f40f1b85a0585cf8fd9c2d32125a92f2a557b6343de5f17eba08226d05268	0	0	0	0	0	True	PASS
dar_global	15	pop1	182536	169150	MAF_EAS>0.01_AND_MAF_EUR>0.01	/Volumes/EMPTY2TB/跨祖源屈光不正遗传效应 × retinal regulatory architecture/data/interim/sldxr_scores/dar_global_chr.15_pop1.gz	169150	e35f40f1b85a0585cf8fd9c2d32125a92f2a557b6343de5f17eba08226d05268	e35f40f1b85a0585cf8fd9c2d32125a92f2a557b6343de5f17eba08226d05268	0	0	0	0	0	True	PASS
dar_global	15	pop2	182536	169150	MAF_EAS>0.01_AND_MAF_EUR>0.01	/Volumes/EMPTY2TB/跨祖源屈光不正遗传效应 × retinal regulatory architecture/data/interim/sldxr_scores/dar_global_chr.15_pop2.gz	169150	e35f40f1b85a0585cf8fd9c2d32125a92f2a557b6343de5f17eba08226d05268	e35f40f1b85a0585cf8fd9c2d32125a92f2a557b6343de5f17eba08226d05268	0	0	0	0	0	True	PASS
dar_global	15	te	182536	169150	MAF_EAS>0.01_AND_MAF_EUR>0.01	/Volumes/EMPTY2TB/跨祖源屈光不正遗传效应 × retinal regulatory architecture/data/interim/sldxr_scores/dar_global_chr.15_te.gz	169150	e35f40f1b85a0585cf8fd9c2d32125a92f2a557b6343de5f17eba08226d05268	e35f40f1b85a0585cf8fd9c2d32125a92f2a557b6343de5f17eba08226d05268	0	0	0	0	0	True	PASS
ocr_union	15	pop1	182536	169150	MAF_EAS>0.01_AND_MAF_EUR>0.01	/Volumes/EMPTY2TB/跨祖源屈光不正遗传效应 × retinal regulatory architecture/data/interim/sldxr_scores/ocr_union_chr.15_pop1.gz	169150	e35f40f1b85a0585cf8fd9c2d32125a92f2a557b6343de5f17eba08226d05268	e35f40f1b85a0585cf8fd9c2d32125a92f2a557b6343de5f17eba08226d05268	0	0	0	0	0	True	PASS
ocr_union	15	pop2	182536	169150	MAF_EAS>0.01_AND_MAF_EUR>0.01	/Volumes/EMPTY2TB/跨祖源屈光不正遗传效应 × retinal regulatory architecture/data/interim/sldxr_scores/ocr_union_chr.15_pop2.gz	169150	e35f40f1b85a0585cf8fd9c2d32125a92f2a557b6343de5f17eba08226d05268	e35f40f1b85a0585cf8fd9c2d32125a92f2a557b6343de5f17eba08226d05268	0	0	0	0	0	True	PASS
ocr_union	15	te	182536	169150	MAF_EAS>0.01_AND_MAF_EUR>0.01	/Volumes/EMPTY2TB/跨祖源屈光不正遗传效应 × retinal regulatory architecture/data/interim/sldxr_scores/ocr_union_chr.15_te.gz	169150	e35f40f1b85a0585cf8fd9c2d32125a92f2a557b6343de5f17eba08226d05268	e35f40f1b85a0585cf8fd9c2d32125a92f2a557b6343de5f17eba08226d05268	0	0	0	0	0	True	PASS
matched_non_dar_ocr	15	pop1	182536	169150	MAF_EAS>0.01_AND_MAF_EUR>0.01	/Volumes/EMPTY2TB/跨祖源屈光不正遗传效应 × retinal regulatory architecture/data/interim/sldxr_scores/matched_non_dar_ocr_chr.15_pop1.gz	169150	e35f40f1b85a0585cf8fd9c2d32125a92f2a557b6343de5f17eba08226d05268	e35f40f1b85a0585cf8fd9c2d32125a92f2a557b6343de5f17eba08226d05268	0	0	0	0	0	True	PASS
matched_non_dar_ocr	15	pop2	182536	169150	MAF_EAS>0.01_AND_MAF_EUR>0.01	/Volumes/EMPTY2TB/跨祖源屈光不正遗传效应 × retinal regulatory architecture/data/interim/sldxr_scores/matched_non_dar_ocr_chr.15_pop2.gz	169150	e35f40f1b85a0585cf8fd9c2d32125a92f2a557b6343de5f17eba08226d05268	e35f40f1b85a0585cf8fd9c2d32125a92f2a557b6343de5f17eba08226d05268	0	0	0	0	0	True	PASS
matched_non_dar_ocr	15	te	182536	169150	MAF_EAS>0.01_AND_MAF_EUR>0.01	/Volumes/EMPTY2TB/跨祖源屈光不正遗传效应 × retinal regulatory architecture/data/interim/sldxr_scores/matched_non_dar_ocr_chr.15_te.gz	169150	e35f40f1b85a0585cf8fd9c2d32125a92f2a557b6343de5f17eba08226d05268	e35f40f1b85a0585cf8fd9c2d32125a92f2a557b6343de5f17eba08226d05268	0	0	0	0	0	True	PASS
baseline	16	pop1	193246	180704	MAF_EAS>0.01_AND_MAF_EUR>0.01	/Volumes/EMPTY2TB/跨祖源屈光不正遗传效应 × retinal regulatory architecture/data/interim/sldxr_scores_aligned/baseline_chr.16_pop1.gz	180704	181af425b0bfae1e9599e86ff66bde0087052fcf33a658e6f2f800c7b80d9f0a	181af425b0bfae1e9599e86ff66bde0087052fcf33a658e6f2f800c7b80d9f0a	0	0	0	0	0	True	PASS
baseline	16	pop2	193246	180704	MAF_EAS>0.01_AND_MAF_EUR>0.01	/Volumes/EMPTY2TB/跨祖源屈光不正遗传效应 × retinal regulatory architecture/data/interim/sldxr_scores_aligned/baseline_chr.16_pop2.gz	180704	181af425b0bfae1e9599e86ff66bde0087052fcf33a658e6f2f800c7b80d9f0a	181af425b0bfae1e9599e86ff66bde0087052fcf33a658e6f2f800c7b80d9f0a	0	0	0	0	0	True	PASS
baseline	16	te	193246	180704	MAF_EAS>0.01_AND_MAF_EUR>0.01	/Volumes/EMPTY2TB/跨祖源屈光不正遗传效应 × retinal regulatory architecture/data/interim/sldxr_scores_aligned/baseline_chr.16_te.gz	180704	181af425b0bfae1e9599e86ff66bde0087052fcf33a658e6f2f800c7b80d9f0a	181af425b0bfae1e9599e86ff66bde0087052fcf33a658e6f2f800c7b80d9f0a	0	0	0	0	0	True	PASS
weights	16	pop1	193246	180704	MAF_EAS>0.01_AND_MAF_EUR>0.01	/Volumes/EMPTY2TB/跨祖源屈光不正遗传效应 × retinal regulatory architecture/data/interim/sldxr_scores/weights_chr.16_pop1.gz	180704	181af425b0bfae1e9599e86ff66bde0087052fcf33a658e6f2f800c7b80d9f0a	181af425b0bfae1e9599e86ff66bde0087052fcf33a658e6f2f800c7b80d9f0a	0	0	0	0	0	True	PASS
weights	16	pop2	193246	180704	MAF_EAS>0.01_AND_MAF_EUR>0.01	/Volumes/EMPTY2TB/跨祖源屈光不正遗传效应 × retinal regulatory architecture/data/interim/sldxr_scores/weights_chr.16_pop2.gz	180704	181af425b0bfae1e9599e86ff66bde0087052fcf33a658e6f2f800c7b80d9f0a	181af425b0bfae1e9599e86ff66bde0087052fcf33a658e6f2f800c7b80d9f0a	0	0	0	0	0	True	PASS
weights	16	te	193246	180704	MAF_EAS>0.01_AND_MAF_EUR>0.01	/Volumes/EMPTY2TB/跨祖源屈光不正遗传效应 × retinal regulatory architecture/data/interim/sldxr_scores/weights_chr.16_te.gz	180704	181af425b0bfae1e9599e86ff66bde0087052fcf33a658e6f2f800c7b80d9f0a	181af425b0bfae1e9599e86ff66bde0087052fcf33a658e6f2f800c7b80d9f0a	0	0	0	0	0	True	PASS
dar_global	16	pop1	193246	180704	MAF_EAS>0.01_AND_MAF_EUR>0.01	/Volumes/EMPTY2TB/跨祖源屈光不正遗传效应 × retinal regulatory architecture/data/interim/sldxr_scores/dar_global_chr.16_pop1.gz	180704	181af425b0bfae1e9599e86ff66bde0087052fcf33a658e6f2f800c7b80d9f0a	181af425b0bfae1e9599e86ff66bde0087052fcf33a658e6f2f800c7b80d9f0a	0	0	0	0	0	True	PASS
dar_global	16	pop2	193246	180704	MAF_EAS>0.01_AND_MAF_EUR>0.01	/Volumes/EMPTY2TB/跨祖源屈光不正遗传效应 × retinal regulatory architecture/data/interim/sldxr_scores/dar_global_chr.16_pop2.gz	180704	181af425b0bfae1e9599e86ff66bde0087052fcf33a658e6f2f800c7b80d9f0a	181af425b0bfae1e9599e86ff66bde0087052fcf33a658e6f2f800c7b80d9f0a	0	0	0	0	0	True	PASS
dar_global	16	te	193246	180704	MAF_EAS>0.01_AND_MAF_EUR>0.01	/Volumes/EMPTY2TB/跨祖源屈光不正遗传效应 × retinal regulatory architecture/data/interim/sldxr_scores/dar_global_chr.16_te.gz	180704	181af425b0bfae1e9599e86ff66bde0087052fcf33a658e6f2f800c7b80d9f0a	181af425b0bfae1e9599e86ff66bde0087052fcf33a658e6f2f800c7b80d9f0a	0	0	0	0	0	True	PASS
ocr_union	16	pop1	193246	180704	MAF_EAS>0.01_AND_MAF_EUR>0.01	/Volumes/EMPTY2TB/跨祖源屈光不正遗传效应 × retinal regulatory architecture/data/interim/sldxr_scores/ocr_union_chr.16_pop1.gz	180704	181af425b0bfae1e9599e86ff66bde0087052fcf33a658e6f2f800c7b80d9f0a	181af425b0bfae1e9599e86ff66bde0087052fcf33a658e6f2f800c7b80d9f0a	0	0	0	0	0	True	PASS
ocr_union	16	pop2	193246	180704	MAF_EAS>0.01_AND_MAF_EUR>0.01	/Volumes/EMPTY2TB/跨祖源屈光不正遗传效应 × retinal regulatory architecture/data/interim/sldxr_scores/ocr_union_chr.16_pop2.gz	180704	181af425b0bfae1e9599e86ff66bde0087052fcf33a658e6f2f800c7b80d9f0a	181af425b0bfae1e9599e86ff66bde0087052fcf33a658e6f2f800c7b80d9f0a	0	0	0	0	0	True	PASS
ocr_union	16	te	193246	180704	MAF_EAS>0.01_AND_MAF_EUR>0.01	/Volumes/EMPTY2TB/跨祖源屈光不正遗传效应 × retinal regulatory architecture/data/interim/sldxr_scores/ocr_union_chr.16_te.gz	180704	181af425b0bfae1e9599e86ff66bde0087052fcf33a658e6f2f800c7b80d9f0a	181af425b0bfae1e9599e86ff66bde0087052fcf33a658e6f2f800c7b80d9f0a	0	0	0	0	0	True	PASS
matched_non_dar_ocr	16	pop1	193246	180704	MAF_EAS>0.01_AND_MAF_EUR>0.01	/Volumes/EMPTY2TB/跨祖源屈光不正遗传效应 × retinal regulatory architecture/data/interim/sldxr_scores/matched_non_dar_ocr_chr.16_pop1.gz	180704	181af425b0bfae1e9599e86ff66bde0087052fcf33a658e6f2f800c7b80d9f0a	181af425b0bfae1e9599e86ff66bde0087052fcf33a658e6f2f800c7b80d9f0a	0	0	0	0	0	True	PASS
matched_non_dar_ocr	16	pop2	193246	180704	MAF_EAS>0.01_AND_MAF_EUR>0.01	/Volumes/EMPTY2TB/跨祖源屈光不正遗传效应 × retinal regulatory architecture/data/interim/sldxr_scores/matched_non_dar_ocr_chr.16_pop2.gz	180704	181af425b0bfae1e9599e86ff66bde0087052fcf33a658e6f2f800c7b80d9f0a	181af425b0bfae1e9599e86ff66bde0087052fcf33a658e6f2f800c7b80d9f0a	0	0	0	0	0	True	PASS
matched_non_dar_ocr	16	te	193246	180704	MAF_EAS>0.01_AND_MAF_EUR>0.01	/Volumes/EMPTY2TB/跨祖源屈光不正遗传效应 × retinal regulatory architecture/data/interim/sldxr_scores/matched_non_dar_ocr_chr.16_te.gz	180704	181af425b0bfae1e9599e86ff66bde0087052fcf33a658e6f2f800c7b80d9f0a	181af425b0bfae1e9599e86ff66bde0087052fcf33a658e6f2f800c7b80d9f0a	0	0	0	0	0	True	PASS
baseline	17	pop1	166148	154964	MAF_EAS>0.01_AND_MAF_EUR>0.01	/Volumes/EMPTY2TB/跨祖源屈光不正遗传效应 × retinal regulatory architecture/data/interim/sldxr_scores_aligned/baseline_chr.17_pop1.gz	154964	405aaaabfc65595b005ef6944ee18aac97837d3c5dfab88c5f565a0692acdb74	405aaaabfc65595b005ef6944ee18aac97837d3c5dfab88c5f565a0692acdb74	0	0	0	0	0	True	PASS
baseline	17	pop2	166148	154964	MAF_EAS>0.01_AND_MAF_EUR>0.01	/Volumes/EMPTY2TB/跨祖源屈光不正遗传效应 × retinal regulatory architecture/data/interim/sldxr_scores_aligned/baseline_chr.17_pop2.gz	154964	405aaaabfc65595b005ef6944ee18aac97837d3c5dfab88c5f565a0692acdb74	405aaaabfc65595b005ef6944ee18aac97837d3c5dfab88c5f565a0692acdb74	0	0	0	0	0	True	PASS
baseline	17	te	166148	154964	MAF_EAS>0.01_AND_MAF_EUR>0.01	/Volumes/EMPTY2TB/跨祖源屈光不正遗传效应 × retinal regulatory architecture/data/interim/sldxr_scores_aligned/baseline_chr.17_te.gz	154964	405aaaabfc65595b005ef6944ee18aac97837d3c5dfab88c5f565a0692acdb74	405aaaabfc65595b005ef6944ee18aac97837d3c5dfab88c5f565a0692acdb74	0	0	0	0	0	True	PASS
weights	17	pop1	166148	154964	MAF_EAS>0.01_AND_MAF_EUR>0.01	/Volumes/EMPTY2TB/跨祖源屈光不正遗传效应 × retinal regulatory architecture/data/interim/sldxr_scores/weights_chr.17_pop1.gz	154964	405aaaabfc65595b005ef6944ee18aac97837d3c5dfab88c5f565a0692acdb74	405aaaabfc65595b005ef6944ee18aac97837d3c5dfab88c5f565a0692acdb74	0	0	0	0	0	True	PASS
weights	17	pop2	166148	154964	MAF_EAS>0.01_AND_MAF_EUR>0.01	/Volumes/EMPTY2TB/跨祖源屈光不正遗传效应 × retinal regulatory architecture/data/interim/sldxr_scores/weights_chr.17_pop2.gz	154964	405aaaabfc65595b005ef6944ee18aac97837d3c5dfab88c5f565a0692acdb74	405aaaabfc65595b005ef6944ee18aac97837d3c5dfab88c5f565a0692acdb74	0	0	0	0	0	True	PASS
weights	17	te	166148	154964	MAF_EAS>0.01_AND_MAF_EUR>0.01	/Volumes/EMPTY2TB/跨祖源屈光不正遗传效应 × retinal regulatory architecture/data/interim/sldxr_scores/weights_chr.17_te.gz	154964	405aaaabfc65595b005ef6944ee18aac97837d3c5dfab88c5f565a0692acdb74	405aaaabfc65595b005ef6944ee18aac97837d3c5dfab88c5f565a0692acdb74	0	0	0	0	0	True	PASS
dar_global	17	pop1	166148	154964	MAF_EAS>0.01_AND_MAF_EUR>0.01	/Volumes/EMPTY2TB/跨祖源屈光不正遗传效应 × retinal regulatory architecture/data/interim/sldxr_scores/dar_global_chr.17_pop1.gz	154964	405aaaabfc65595b005ef6944ee18aac97837d3c5dfab88c5f565a0692acdb74	405aaaabfc65595b005ef6944ee18aac97837d3c5dfab88c5f565a0692acdb74	0	0	0	0	0	True	PASS
dar_global	17	pop2	166148	154964	MAF_EAS>0.01_AND_MAF_EUR>0.01	/Volumes/EMPTY2TB/跨祖源屈光不正遗传效应 × retinal regulatory architecture/data/interim/sldxr_scores/dar_global_chr.17_pop2.gz	154964	405aaaabfc65595b005ef6944ee18aac97837d3c5dfab88c5f565a0692acdb74	405aaaabfc65595b005ef6944ee18aac97837d3c5dfab88c5f565a0692acdb74	0	0	0	0	0	True	PASS
dar_global	17	te	166148	154964	MAF_EAS>0.01_AND_MAF_EUR>0.01	/Volumes/EMPTY2TB/跨祖源屈光不正遗传效应 × retinal regulatory architecture/data/interim/sldxr_scores/dar_global_chr.17_te.gz	154964	405aaaabfc65595b005ef6944ee18aac97837d3c5dfab88c5f565a0692acdb74	405aaaabfc65595b005ef6944ee18aac97837d3c5dfab88c5f565a0692acdb74	0	0	0	0	0	True	PASS
ocr_union	17	pop1	166148	154964	MAF_EAS>0.01_AND_MAF_EUR>0.01	/Volumes/EMPTY2TB/跨祖源屈光不正遗传效应 × retinal regulatory architecture/data/interim/sldxr_scores/ocr_union_chr.17_pop1.gz	154964	405aaaabfc65595b005ef6944ee18aac97837d3c5dfab88c5f565a0692acdb74	405aaaabfc65595b005ef6944ee18aac97837d3c5dfab88c5f565a0692acdb74	0	0	0	0	0	True	PASS
ocr_union	17	pop2	166148	154964	MAF_EAS>0.01_AND_MAF_EUR>0.01	/Volumes/EMPTY2TB/跨祖源屈光不正遗传效应 × retinal regulatory architecture/data/interim/sldxr_scores/ocr_union_chr.17_pop2.gz	154964	405aaaabfc65595b005ef6944ee18aac97837d3c5dfab88c5f565a0692acdb74	405aaaabfc65595b005ef6944ee18aac97837d3c5dfab88c5f565a0692acdb74	0	0	0	0	0	True	PASS
ocr_union	17	te	166148	154964	MAF_EAS>0.01_AND_MAF_EUR>0.01	/Volumes/EMPTY2TB/跨祖源屈光不正遗传效应 × retinal regulatory architecture/data/interim/sldxr_scores/ocr_union_chr.17_te.gz	154964	405aaaabfc65595b005ef6944ee18aac97837d3c5dfab88c5f565a0692acdb74	405aaaabfc65595b005ef6944ee18aac97837d3c5dfab88c5f565a0692acdb74	0	0	0	0	0	True	PASS
matched_non_dar_ocr	17	pop1	166148	154964	MAF_EAS>0.01_AND_MAF_EUR>0.01	/Volumes/EMPTY2TB/跨祖源屈光不正遗传效应 × retinal regulatory architecture/data/interim/sldxr_scores/matched_non_dar_ocr_chr.17_pop1.gz	154964	405aaaabfc65595b005ef6944ee18aac97837d3c5dfab88c5f565a0692acdb74	405aaaabfc65595b005ef6944ee18aac97837d3c5dfab88c5f565a0692acdb74	0	0	0	0	0	True	PASS
matched_non_dar_ocr	17	pop2	166148	154964	MAF_EAS>0.01_AND_MAF_EUR>0.01	/Volumes/EMPTY2TB/跨祖源屈光不正遗传效应 × retinal regulatory architecture/data/interim/sldxr_scores/matched_non_dar_ocr_chr.17_pop2.gz	154964	405aaaabfc65595b005ef6944ee18aac97837d3c5dfab88c5f565a0692acdb74	405aaaabfc65595b005ef6944ee18aac97837d3c5dfab88c5f565a0692acdb74	0	0	0	0	0	True	PASS
matched_non_dar_ocr	17	te	166148	154964	MAF_EAS>0.01_AND_MAF_EUR>0.01	/Volumes/EMPTY2TB/跨祖源屈光不正遗传效应 × retinal regulatory architecture/data/interim/sldxr_scores/matched_non_dar_ocr_chr.17_te.gz	154964	405aaaabfc65595b005ef6944ee18aac97837d3c5dfab88c5f565a0692acdb74	405aaaabfc65595b005ef6944ee18aac97837d3c5dfab88c5f565a0692acdb74	0	0	0	0	0	True	PASS
baseline	18	pop1	182779	170480	MAF_EAS>0.01_AND_MAF_EUR>0.01	/Volumes/EMPTY2TB/跨祖源屈光不正遗传效应 × retinal regulatory architecture/data/interim/sldxr_scores_aligned/baseline_chr.18_pop1.gz	170480	264328495a57884c4c95ed22155b1c7615f8927d35b2ec69f0f280750cf4bce0	264328495a57884c4c95ed22155b1c7615f8927d35b2ec69f0f280750cf4bce0	0	0	0	0	0	True	PASS
baseline	18	pop2	182779	170480	MAF_EAS>0.01_AND_MAF_EUR>0.01	/Volumes/EMPTY2TB/跨祖源屈光不正遗传效应 × retinal regulatory architecture/data/interim/sldxr_scores_aligned/baseline_chr.18_pop2.gz	170480	264328495a57884c4c95ed22155b1c7615f8927d35b2ec69f0f280750cf4bce0	264328495a57884c4c95ed22155b1c7615f8927d35b2ec69f0f280750cf4bce0	0	0	0	0	0	True	PASS
baseline	18	te	182779	170480	MAF_EAS>0.01_AND_MAF_EUR>0.01	/Volumes/EMPTY2TB/跨祖源屈光不正遗传效应 × retinal regulatory architecture/data/interim/sldxr_scores_aligned/baseline_chr.18_te.gz	170480	264328495a57884c4c95ed22155b1c7615f8927d35b2ec69f0f280750cf4bce0	264328495a57884c4c95ed22155b1c7615f8927d35b2ec69f0f280750cf4bce0	0	0	0	0	0	True	PASS
weights	18	pop1	182779	170480	MAF_EAS>0.01_AND_MAF_EUR>0.01	/Volumes/EMPTY2TB/跨祖源屈光不正遗传效应 × retinal regulatory architecture/data/interim/sldxr_scores/weights_chr.18_pop1.gz	170480	264328495a57884c4c95ed22155b1c7615f8927d35b2ec69f0f280750cf4bce0	264328495a57884c4c95ed22155b1c7615f8927d35b2ec69f0f280750cf4bce0	0	0	0	0	0	True	PASS
weights	18	pop2	182779	170480	MAF_EAS>0.01_AND_MAF_EUR>0.01	/Volumes/EMPTY2TB/跨祖源屈光不正遗传效应 × retinal regulatory architecture/data/interim/sldxr_scores/weights_chr.18_pop2.gz	170480	264328495a57884c4c95ed22155b1c7615f8927d35b2ec69f0f280750cf4bce0	264328495a57884c4c95ed22155b1c7615f8927d35b2ec69f0f280750cf4bce0	0	0	0	0	0	True	PASS
weights	18	te	182779	170480	MAF_EAS>0.01_AND_MAF_EUR>0.01	/Volumes/EMPTY2TB/跨祖源屈光不正遗传效应 × retinal regulatory architecture/data/interim/sldxr_scores/weights_chr.18_te.gz	170480	264328495a57884c4c95ed22155b1c7615f8927d35b2ec69f0f280750cf4bce0	264328495a57884c4c95ed22155b1c7615f8927d35b2ec69f0f280750cf4bce0	0	0	0	0	0	True	PASS
dar_global	18	pop1	182779	170480	MAF_EAS>0.01_AND_MAF_EUR>0.01	/Volumes/EMPTY2TB/跨祖源屈光不正遗传效应 × retinal regulatory architecture/data/interim/sldxr_scores/dar_global_chr.18_pop1.gz	170480	264328495a57884c4c95ed22155b1c7615f8927d35b2ec69f0f280750cf4bce0	264328495a57884c4c95ed22155b1c7615f8927d35b2ec69f0f280750cf4bce0	0	0	0	0	0	True	PASS
dar_global	18	pop2	182779	170480	MAF_EAS>0.01_AND_MAF_EUR>0.01	/Volumes/EMPTY2TB/跨祖源屈光不正遗传效应 × retinal regulatory architecture/data/interim/sldxr_scores/dar_global_chr.18_pop2.gz	170480	264328495a57884c4c95ed22155b1c7615f8927d35b2ec69f0f280750cf4bce0	264328495a57884c4c95ed22155b1c7615f8927d35b2ec69f0f280750cf4bce0	0	0	0	0	0	True	PASS
dar_global	18	te	182779	170480	MAF_EAS>0.01_AND_MAF_EUR>0.01	/Volumes/EMPTY2TB/跨祖源屈光不正遗传效应 × retinal regulatory architecture/data/interim/sldxr_scores/dar_global_chr.18_te.gz	170480	264328495a57884c4c95ed22155b1c7615f8927d35b2ec69f0f280750cf4bce0	264328495a57884c4c95ed22155b1c7615f8927d35b2ec69f0f280750cf4bce0	0	0	0	0	0	True	PASS
ocr_union	18	pop1	182779	170480	MAF_EAS>0.01_AND_MAF_EUR>0.01	/Volumes/EMPTY2TB/跨祖源屈光不正遗传效应 × retinal regulatory architecture/data/interim/sldxr_scores/ocr_union_chr.18_pop1.gz	170480	264328495a57884c4c95ed22155b1c7615f8927d35b2ec69f0f280750cf4bce0	264328495a57884c4c95ed22155b1c7615f8927d35b2ec69f0f280750cf4bce0	0	0	0	0	0	True	PASS
ocr_union	18	pop2	182779	170480	MAF_EAS>0.01_AND_MAF_EUR>0.01	/Volumes/EMPTY2TB/跨祖源屈光不正遗传效应 × retinal regulatory architecture/data/interim/sldxr_scores/ocr_union_chr.18_pop2.gz	170480	264328495a57884c4c95ed22155b1c7615f8927d35b2ec69f0f280750cf4bce0	264328495a57884c4c95ed22155b1c7615f8927d35b2ec69f0f280750cf4bce0	0	0	0	0	0	True	PASS
ocr_union	18	te	182779	170480	MAF_EAS>0.01_AND_MAF_EUR>0.01	/Volumes/EMPTY2TB/跨祖源屈光不正遗传效应 × retinal regulatory architecture/data/interim/sldxr_scores/ocr_union_chr.18_te.gz	170480	264328495a57884c4c95ed22155b1c7615f8927d35b2ec69f0f280750cf4bce0	264328495a57884c4c95ed22155b1c7615f8927d35b2ec69f0f280750cf4bce0	0	0	0	0	0	True	PASS
matched_non_dar_ocr	18	pop1	182779	170480	MAF_EAS>0.01_AND_MAF_EUR>0.01	/Volumes/EMPTY2TB/跨祖源屈光不正遗传效应 × retinal regulatory architecture/data/interim/sldxr_scores/matched_non_dar_ocr_chr.18_pop1.gz	170480	264328495a57884c4c95ed22155b1c7615f8927d35b2ec69f0f280750cf4bce0	264328495a57884c4c95ed22155b1c7615f8927d35b2ec69f0f280750cf4bce0	0	0	0	0	0	True	PASS
matched_non_dar_ocr	18	pop2	182779	170480	MAF_EAS>0.01_AND_MAF_EUR>0.01	/Volumes/EMPTY2TB/跨祖源屈光不正遗传效应 × retinal regulatory architecture/data/interim/sldxr_scores/matched_non_dar_ocr_chr.18_pop2.gz	170480	264328495a57884c4c95ed22155b1c7615f8927d35b2ec69f0f280750cf4bce0	264328495a57884c4c95ed22155b1c7615f8927d35b2ec69f0f280750cf4bce0	0	0	0	0	0	True	PASS
matched_non_dar_ocr	18	te	182779	170480	MAF_EAS>0.01_AND_MAF_EUR>0.01	/Volumes/EMPTY2TB/跨祖源屈光不正遗传效应 × retinal regulatory architecture/data/interim/sldxr_scores/matched_non_dar_ocr_chr.18_te.gz	170480	264328495a57884c4c95ed22155b1c7615f8927d35b2ec69f0f280750cf4bce0	264328495a57884c4c95ed22155b1c7615f8927d35b2ec69f0f280750cf4bce0	0	0	0	0	0	True	PASS
baseline	19	pop1	148658	138383	MAF_EAS>0.01_AND_MAF_EUR>0.01	/Volumes/EMPTY2TB/跨祖源屈光不正遗传效应 × retinal regulatory architecture/data/interim/sldxr_scores_aligned/baseline_chr.19_pop1.gz	138383	72c1f4c5f1a6ae86a50d2a005528e4e0ef13f16f5319d1d83b100f6de0971582	72c1f4c5f1a6ae86a50d2a005528e4e0ef13f16f5319d1d83b100f6de0971582	0	0	0	0	0	True	PASS
baseline	19	pop2	148658	138383	MAF_EAS>0.01_AND_MAF_EUR>0.01	/Volumes/EMPTY2TB/跨祖源屈光不正遗传效应 × retinal regulatory architecture/data/interim/sldxr_scores_aligned/baseline_chr.19_pop2.gz	138383	72c1f4c5f1a6ae86a50d2a005528e4e0ef13f16f5319d1d83b100f6de0971582	72c1f4c5f1a6ae86a50d2a005528e4e0ef13f16f5319d1d83b100f6de0971582	0	0	0	0	0	True	PASS
baseline	19	te	148658	138383	MAF_EAS>0.01_AND_MAF_EUR>0.01	/Volumes/EMPTY2TB/跨祖源屈光不正遗传效应 × retinal regulatory architecture/data/interim/sldxr_scores_aligned/baseline_chr.19_te.gz	138383	72c1f4c5f1a6ae86a50d2a005528e4e0ef13f16f5319d1d83b100f6de0971582	72c1f4c5f1a6ae86a50d2a005528e4e0ef13f16f5319d1d83b100f6de0971582	0	0	0	0	0	True	PASS
weights	19	pop1	148658	138383	MAF_EAS>0.01_AND_MAF_EUR>0.01	/Volumes/EMPTY2TB/跨祖源屈光不正遗传效应 × retinal regulatory architecture/data/interim/sldxr_scores/weights_chr.19_pop1.gz	138383	72c1f4c5f1a6ae86a50d2a005528e4e0ef13f16f5319d1d83b100f6de0971582	72c1f4c5f1a6ae86a50d2a005528e4e0ef13f16f5319d1d83b100f6de0971582	0	0	0	0	0	True	PASS
weights	19	pop2	148658	138383	MAF_EAS>0.01_AND_MAF_EUR>0.01	/Volumes/EMPTY2TB/跨祖源屈光不正遗传效应 × retinal regulatory architecture/data/interim/sldxr_scores/weights_chr.19_pop2.gz	138383	72c1f4c5f1a6ae86a50d2a005528e4e0ef13f16f5319d1d83b100f6de0971582	72c1f4c5f1a6ae86a50d2a005528e4e0ef13f16f5319d1d83b100f6de0971582	0	0	0	0	0	True	PASS
weights	19	te	148658	138383	MAF_EAS>0.01_AND_MAF_EUR>0.01	/Volumes/EMPTY2TB/跨祖源屈光不正遗传效应 × retinal regulatory architecture/data/interim/sldxr_scores/weights_chr.19_te.gz	138383	72c1f4c5f1a6ae86a50d2a005528e4e0ef13f16f5319d1d83b100f6de0971582	72c1f4c5f1a6ae86a50d2a005528e4e0ef13f16f5319d1d83b100f6de0971582	0	0	0	0	0	True	PASS
dar_global	19	pop1	148658	138383	MAF_EAS>0.01_AND_MAF_EUR>0.01	/Volumes/EMPTY2TB/跨祖源屈光不正遗传效应 × retinal regulatory architecture/data/interim/sldxr_scores/dar_global_chr.19_pop1.gz	138383	72c1f4c5f1a6ae86a50d2a005528e4e0ef13f16f5319d1d83b100f6de0971582	72c1f4c5f1a6ae86a50d2a005528e4e0ef13f16f5319d1d83b100f6de0971582	0	0	0	0	0	True	PASS
dar_global	19	pop2	148658	138383	MAF_EAS>0.01_AND_MAF_EUR>0.01	/Volumes/EMPTY2TB/跨祖源屈光不正遗传效应 × retinal regulatory architecture/data/interim/sldxr_scores/dar_global_chr.19_pop2.gz	138383	72c1f4c5f1a6ae86a50d2a005528e4e0ef13f16f5319d1d83b100f6de0971582	72c1f4c5f1a6ae86a50d2a005528e4e0ef13f16f5319d1d83b100f6de0971582	0	0	0	0	0	True	PASS
dar_global	19	te	148658	138383	MAF_EAS>0.01_AND_MAF_EUR>0.01	/Volumes/EMPTY2TB/跨祖源屈光不正遗传效应 × retinal regulatory architecture/data/interim/sldxr_scores/dar_global_chr.19_te.gz	138383	72c1f4c5f1a6ae86a50d2a005528e4e0ef13f16f5319d1d83b100f6de0971582	72c1f4c5f1a6ae86a50d2a005528e4e0ef13f16f5319d1d83b100f6de0971582	0	0	0	0	0	True	PASS
ocr_union	19	pop1	148658	138383	MAF_EAS>0.01_AND_MAF_EUR>0.01	/Volumes/EMPTY2TB/跨祖源屈光不正遗传效应 × retinal regulatory architecture/data/interim/sldxr_scores/ocr_union_chr.19_pop1.gz	138383	72c1f4c5f1a6ae86a50d2a005528e4e0ef13f16f5319d1d83b100f6de0971582	72c1f4c5f1a6ae86a50d2a005528e4e0ef13f16f5319d1d83b100f6de0971582	0	0	0	0	0	True	PASS
ocr_union	19	pop2	148658	138383	MAF_EAS>0.01_AND_MAF_EUR>0.01	/Volumes/EMPTY2TB/跨祖源屈光不正遗传效应 × retinal regulatory architecture/data/interim/sldxr_scores/ocr_union_chr.19_pop2.gz	138383	72c1f4c5f1a6ae86a50d2a005528e4e0ef13f16f5319d1d83b100f6de0971582	72c1f4c5f1a6ae86a50d2a005528e4e0ef13f16f5319d1d83b100f6de0971582	0	0	0	0	0	True	PASS
ocr_union	19	te	148658	138383	MAF_EAS>0.01_AND_MAF_EUR>0.01	/Volumes/EMPTY2TB/跨祖源屈光不正遗传效应 × retinal regulatory architecture/data/interim/sldxr_scores/ocr_union_chr.19_te.gz	138383	72c1f4c5f1a6ae86a50d2a005528e4e0ef13f16f5319d1d83b100f6de0971582	72c1f4c5f1a6ae86a50d2a005528e4e0ef13f16f5319d1d83b100f6de0971582	0	0	0	0	0	True	PASS
matched_non_dar_ocr	19	pop1	148658	138383	MAF_EAS>0.01_AND_MAF_EUR>0.01	/Volumes/EMPTY2TB/跨祖源屈光不正遗传效应 × retinal regulatory architecture/data/interim/sldxr_scores/matched_non_dar_ocr_chr.19_pop1.gz	138383	72c1f4c5f1a6ae86a50d2a005528e4e0ef13f16f5319d1d83b100f6de0971582	72c1f4c5f1a6ae86a50d2a005528e4e0ef13f16f5319d1d83b100f6de0971582	0	0	0	0	0	True	PASS
matched_non_dar_ocr	19	pop2	148658	138383	MAF_EAS>0.01_AND_MAF_EUR>0.01	/Volumes/EMPTY2TB/跨祖源屈光不正遗传效应 × retinal regulatory architecture/data/interim/sldxr_scores/matched_non_dar_ocr_chr.19_pop2.gz	138383	72c1f4c5f1a6ae86a50d2a005528e4e0ef13f16f5319d1d83b100f6de0971582	72c1f4c5f1a6ae86a50d2a005528e4e0ef13f16f5319d1d83b100f6de0971582	0	0	0	0	0	True	PASS
matched_non_dar_ocr	19	te	148658	138383	MAF_EAS>0.01_AND_MAF_EUR>0.01	/Volumes/EMPTY2TB/跨祖源屈光不正遗传效应 × retinal regulatory architecture/data/interim/sldxr_scores/matched_non_dar_ocr_chr.19_te.gz	138383	72c1f4c5f1a6ae86a50d2a005528e4e0ef13f16f5319d1d83b100f6de0971582	72c1f4c5f1a6ae86a50d2a005528e4e0ef13f16f5319d1d83b100f6de0971582	0	0	0	0	0	True	PASS
baseline	20	pop1	135506	126749	MAF_EAS>0.01_AND_MAF_EUR>0.01	/Volumes/EMPTY2TB/跨祖源屈光不正遗传效应 × retinal regulatory architecture/data/interim/sldxr_scores_aligned/baseline_chr.20_pop1.gz	126749	9fb05239a2a747fdd0b618689f9621d7d9b3b57c63bb379e75803465ff04e883	9fb05239a2a747fdd0b618689f9621d7d9b3b57c63bb379e75803465ff04e883	0	0	0	0	0	True	PASS
baseline	20	pop2	135506	126749	MAF_EAS>0.01_AND_MAF_EUR>0.01	/Volumes/EMPTY2TB/跨祖源屈光不正遗传效应 × retinal regulatory architecture/data/interim/sldxr_scores_aligned/baseline_chr.20_pop2.gz	126749	9fb05239a2a747fdd0b618689f9621d7d9b3b57c63bb379e75803465ff04e883	9fb05239a2a747fdd0b618689f9621d7d9b3b57c63bb379e75803465ff04e883	0	0	0	0	0	True	PASS
baseline	20	te	135506	126749	MAF_EAS>0.01_AND_MAF_EUR>0.01	/Volumes/EMPTY2TB/跨祖源屈光不正遗传效应 × retinal regulatory architecture/data/interim/sldxr_scores_aligned/baseline_chr.20_te.gz	126749	9fb05239a2a747fdd0b618689f9621d7d9b3b57c63bb379e75803465ff04e883	9fb05239a2a747fdd0b618689f9621d7d9b3b57c63bb379e75803465ff04e883	0	0	0	0	0	True	PASS
weights	20	pop1	135506	126749	MAF_EAS>0.01_AND_MAF_EUR>0.01	/Volumes/EMPTY2TB/跨祖源屈光不正遗传效应 × retinal regulatory architecture/data/interim/sldxr_scores/weights_chr.20_pop1.gz	126749	9fb05239a2a747fdd0b618689f9621d7d9b3b57c63bb379e75803465ff04e883	9fb05239a2a747fdd0b618689f9621d7d9b3b57c63bb379e75803465ff04e883	0	0	0	0	0	True	PASS
weights	20	pop2	135506	126749	MAF_EAS>0.01_AND_MAF_EUR>0.01	/Volumes/EMPTY2TB/跨祖源屈光不正遗传效应 × retinal regulatory architecture/data/interim/sldxr_scores/weights_chr.20_pop2.gz	126749	9fb05239a2a747fdd0b618689f9621d7d9b3b57c63bb379e75803465ff04e883	9fb05239a2a747fdd0b618689f9621d7d9b3b57c63bb379e75803465ff04e883	0	0	0	0	0	True	PASS
weights	20	te	135506	126749	MAF_EAS>0.01_AND_MAF_EUR>0.01	/Volumes/EMPTY2TB/跨祖源屈光不正遗传效应 × retinal regulatory architecture/data/interim/sldxr_scores/weights_chr.20_te.gz	126749	9fb05239a2a747fdd0b618689f9621d7d9b3b57c63bb379e75803465ff04e883	9fb05239a2a747fdd0b618689f9621d7d9b3b57c63bb379e75803465ff04e883	0	0	0	0	0	True	PASS
dar_global	20	pop1	135506	126749	MAF_EAS>0.01_AND_MAF_EUR>0.01	/Volumes/EMPTY2TB/跨祖源屈光不正遗传效应 × retinal regulatory architecture/data/interim/sldxr_scores/dar_global_chr.20_pop1.gz	126749	9fb05239a2a747fdd0b618689f9621d7d9b3b57c63bb379e75803465ff04e883	9fb05239a2a747fdd0b618689f9621d7d9b3b57c63bb379e75803465ff04e883	0	0	0	0	0	True	PASS
dar_global	20	pop2	135506	126749	MAF_EAS>0.01_AND_MAF_EUR>0.01	/Volumes/EMPTY2TB/跨祖源屈光不正遗传效应 × retinal regulatory architecture/data/interim/sldxr_scores/dar_global_chr.20_pop2.gz	126749	9fb05239a2a747fdd0b618689f9621d7d9b3b57c63bb379e75803465ff04e883	9fb05239a2a747fdd0b618689f9621d7d9b3b57c63bb379e75803465ff04e883	0	0	0	0	0	True	PASS
dar_global	20	te	135506	126749	MAF_EAS>0.01_AND_MAF_EUR>0.01	/Volumes/EMPTY2TB/跨祖源屈光不正遗传效应 × retinal regulatory architecture/data/interim/sldxr_scores/dar_global_chr.20_te.gz	126749	9fb05239a2a747fdd0b618689f9621d7d9b3b57c63bb379e75803465ff04e883	9fb05239a2a747fdd0b618689f9621d7d9b3b57c63bb379e75803465ff04e883	0	0	0	0	0	True	PASS
ocr_union	20	pop1	135506	126749	MAF_EAS>0.01_AND_MAF_EUR>0.01	/Volumes/EMPTY2TB/跨祖源屈光不正遗传效应 × retinal regulatory architecture/data/interim/sldxr_scores/ocr_union_chr.20_pop1.gz	126749	9fb05239a2a747fdd0b618689f9621d7d9b3b57c63bb379e75803465ff04e883	9fb05239a2a747fdd0b618689f9621d7d9b3b57c63bb379e75803465ff04e883	0	0	0	0	0	True	PASS
ocr_union	20	pop2	135506	126749	MAF_EAS>0.01_AND_MAF_EUR>0.01	/Volumes/EMPTY2TB/跨祖源屈光不正遗传效应 × retinal regulatory architecture/data/interim/sldxr_scores/ocr_union_chr.20_pop2.gz	126749	9fb05239a2a747fdd0b618689f9621d7d9b3b57c63bb379e75803465ff04e883	9fb05239a2a747fdd0b618689f9621d7d9b3b57c63bb379e75803465ff04e883	0	0	0	0	0	True	PASS
ocr_union	20	te	135506	126749	MAF_EAS>0.01_AND_MAF_EUR>0.01	/Volumes/EMPTY2TB/跨祖源屈光不正遗传效应 × retinal regulatory architecture/data/interim/sldxr_scores/ocr_union_chr.20_te.gz	126749	9fb05239a2a747fdd0b618689f9621d7d9b3b57c63bb379e75803465ff04e883	9fb05239a2a747fdd0b618689f9621d7d9b3b57c63bb379e75803465ff04e883	0	0	0	0	0	True	PASS
matched_non_dar_ocr	20	pop1	135506	126749	MAF_EAS>0.01_AND_MAF_EUR>0.01	/Volumes/EMPTY2TB/跨祖源屈光不正遗传效应 × retinal regulatory architecture/data/interim/sldxr_scores/matched_non_dar_ocr_chr.20_pop1.gz	126749	9fb05239a2a747fdd0b618689f9621d7d9b3b57c63bb379e75803465ff04e883	9fb05239a2a747fdd0b618689f9621d7d9b3b57c63bb379e75803465ff04e883	0	0	0	0	0	True	PASS
matched_non_dar_ocr	20	pop2	135506	126749	MAF_EAS>0.01_AND_MAF_EUR>0.01	/Volumes/EMPTY2TB/跨祖源屈光不正遗传效应 × retinal regulatory architecture/data/interim/sldxr_scores/matched_non_dar_ocr_chr.20_pop2.gz	126749	9fb05239a2a747fdd0b618689f9621d7d9b3b57c63bb379e75803465ff04e883	9fb05239a2a747fdd0b618689f9621d7d9b3b57c63bb379e75803465ff04e883	0	0	0	0	0	True	PASS
matched_non_dar_ocr	20	te	135506	126749	MAF_EAS>0.01_AND_MAF_EUR>0.01	/Volumes/EMPTY2TB/跨祖源屈光不正遗传效应 × retinal regulatory architecture/data/interim/sldxr_scores/matched_non_dar_ocr_chr.20_te.gz	126749	9fb05239a2a747fdd0b618689f9621d7d9b3b57c63bb379e75803465ff04e883	9fb05239a2a747fdd0b618689f9621d7d9b3b57c63bb379e75803465ff04e883	0	0	0	0	0	True	PASS
baseline	21	pop1	89744	84285	MAF_EAS>0.01_AND_MAF_EUR>0.01	/Volumes/EMPTY2TB/跨祖源屈光不正遗传效应 × retinal regulatory architecture/data/interim/sldxr_scores_aligned/baseline_chr.21_pop1.gz	84285	3f95599cbf612326cb5159f462ff268c7d3f55657a99d87f1684011bde1e33e1	3f95599cbf612326cb5159f462ff268c7d3f55657a99d87f1684011bde1e33e1	0	0	0	0	0	True	PASS
baseline	21	pop2	89744	84285	MAF_EAS>0.01_AND_MAF_EUR>0.01	/Volumes/EMPTY2TB/跨祖源屈光不正遗传效应 × retinal regulatory architecture/data/interim/sldxr_scores_aligned/baseline_chr.21_pop2.gz	84285	3f95599cbf612326cb5159f462ff268c7d3f55657a99d87f1684011bde1e33e1	3f95599cbf612326cb5159f462ff268c7d3f55657a99d87f1684011bde1e33e1	0	0	0	0	0	True	PASS
baseline	21	te	89744	84285	MAF_EAS>0.01_AND_MAF_EUR>0.01	/Volumes/EMPTY2TB/跨祖源屈光不正遗传效应 × retinal regulatory architecture/data/interim/sldxr_scores_aligned/baseline_chr.21_te.gz	84285	3f95599cbf612326cb5159f462ff268c7d3f55657a99d87f1684011bde1e33e1	3f95599cbf612326cb5159f462ff268c7d3f55657a99d87f1684011bde1e33e1	0	0	0	0	0	True	PASS
weights	21	pop1	89744	84285	MAF_EAS>0.01_AND_MAF_EUR>0.01	/Volumes/EMPTY2TB/跨祖源屈光不正遗传效应 × retinal regulatory architecture/data/interim/sldxr_scores/weights_chr.21_pop1.gz	84285	3f95599cbf612326cb5159f462ff268c7d3f55657a99d87f1684011bde1e33e1	3f95599cbf612326cb5159f462ff268c7d3f55657a99d87f1684011bde1e33e1	0	0	0	0	0	True	PASS
weights	21	pop2	89744	84285	MAF_EAS>0.01_AND_MAF_EUR>0.01	/Volumes/EMPTY2TB/跨祖源屈光不正遗传效应 × retinal regulatory architecture/data/interim/sldxr_scores/weights_chr.21_pop2.gz	84285	3f95599cbf612326cb5159f462ff268c7d3f55657a99d87f1684011bde1e33e1	3f95599cbf612326cb5159f462ff268c7d3f55657a99d87f1684011bde1e33e1	0	0	0	0	0	True	PASS
weights	21	te	89744	84285	MAF_EAS>0.01_AND_MAF_EUR>0.01	/Volumes/EMPTY2TB/跨祖源屈光不正遗传效应 × retinal regulatory architecture/data/interim/sldxr_scores/weights_chr.21_te.gz	84285	3f95599cbf612326cb5159f462ff268c7d3f55657a99d87f1684011bde1e33e1	3f95599cbf612326cb5159f462ff268c7d3f55657a99d87f1684011bde1e33e1	0	0	0	0	0	True	PASS
dar_global	21	pop1	89744	84285	MAF_EAS>0.01_AND_MAF_EUR>0.01	/Volumes/EMPTY2TB/跨祖源屈光不正遗传效应 × retinal regulatory architecture/data/interim/sldxr_scores/dar_global_chr.21_pop1.gz	84285	3f95599cbf612326cb5159f462ff268c7d3f55657a99d87f1684011bde1e33e1	3f95599cbf612326cb5159f462ff268c7d3f55657a99d87f1684011bde1e33e1	0	0	0	0	0	True	PASS
dar_global	21	pop2	89744	84285	MAF_EAS>0.01_AND_MAF_EUR>0.01	/Volumes/EMPTY2TB/跨祖源屈光不正遗传效应 × retinal regulatory architecture/data/interim/sldxr_scores/dar_global_chr.21_pop2.gz	84285	3f95599cbf612326cb5159f462ff268c7d3f55657a99d87f1684011bde1e33e1	3f95599cbf612326cb5159f462ff268c7d3f55657a99d87f1684011bde1e33e1	0	0	0	0	0	True	PASS
dar_global	21	te	89744	84285	MAF_EAS>0.01_AND_MAF_EUR>0.01	/Volumes/EMPTY2TB/跨祖源屈光不正遗传效应 × retinal regulatory architecture/data/interim/sldxr_scores/dar_global_chr.21_te.gz	84285	3f95599cbf612326cb5159f462ff268c7d3f55657a99d87f1684011bde1e33e1	3f95599cbf612326cb5159f462ff268c7d3f55657a99d87f1684011bde1e33e1	0	0	0	0	0	True	PASS
ocr_union	21	pop1	89744	84285	MAF_EAS>0.01_AND_MAF_EUR>0.01	/Volumes/EMPTY2TB/跨祖源屈光不正遗传效应 × retinal regulatory architecture/data/interim/sldxr_scores/ocr_union_chr.21_pop1.gz	84285	3f95599cbf612326cb5159f462ff268c7d3f55657a99d87f1684011bde1e33e1	3f95599cbf612326cb5159f462ff268c7d3f55657a99d87f1684011bde1e33e1	0	0	0	0	0	True	PASS
ocr_union	21	pop2	89744	84285	MAF_EAS>0.01_AND_MAF_EUR>0.01	/Volumes/EMPTY2TB/跨祖源屈光不正遗传效应 × retinal regulatory architecture/data/interim/sldxr_scores/ocr_union_chr.21_pop2.gz	84285	3f95599cbf612326cb5159f462ff268c7d3f55657a99d87f1684011bde1e33e1	3f95599cbf612326cb5159f462ff268c7d3f55657a99d87f1684011bde1e33e1	0	0	0	0	0	True	PASS
ocr_union	21	te	89744	84285	MAF_EAS>0.01_AND_MAF_EUR>0.01	/Volumes/EMPTY2TB/跨祖源屈光不正遗传效应 × retinal regulatory architecture/data/interim/sldxr_scores/ocr_union_chr.21_te.gz	84285	3f95599cbf612326cb5159f462ff268c7d3f55657a99d87f1684011bde1e33e1	3f95599cbf612326cb5159f462ff268c7d3f55657a99d87f1684011bde1e33e1	0	0	0	0	0	True	PASS
matched_non_dar_ocr	21	pop1	89744	84285	MAF_EAS>0.01_AND_MAF_EUR>0.01	/Volumes/EMPTY2TB/跨祖源屈光不正遗传效应 × retinal regulatory architecture/data/interim/sldxr_scores/matched_non_dar_ocr_chr.21_pop1.gz	84285	3f95599cbf612326cb5159f462ff268c7d3f55657a99d87f1684011bde1e33e1	3f95599cbf612326cb5159f462ff268c7d3f55657a99d87f1684011bde1e33e1	0	0	0	0	0	True	PASS
matched_non_dar_ocr	21	pop2	89744	84285	MAF_EAS>0.01_AND_MAF_EUR>0.01	/Volumes/EMPTY2TB/跨祖源屈光不正遗传效应 × retinal regulatory architecture/data/interim/sldxr_scores/matched_non_dar_ocr_chr.21_pop2.gz	84285	3f95599cbf612326cb5159f462ff268c7d3f55657a99d87f1684011bde1e33e1	3f95599cbf612326cb5159f462ff268c7d3f55657a99d87f1684011bde1e33e1	0	0	0	0	0	True	PASS
matched_non_dar_ocr	21	te	89744	84285	MAF_EAS>0.01_AND_MAF_EUR>0.01	/Volumes/EMPTY2TB/跨祖源屈光不正遗传效应 × retinal regulatory architecture/data/interim/sldxr_scores/matched_non_dar_ocr_chr.21_te.gz	84285	3f95599cbf612326cb5159f462ff268c7d3f55657a99d87f1684011bde1e33e1	3f95599cbf612326cb5159f462ff268c7d3f55657a99d87f1684011bde1e33e1	0	0	0	0	0	True	PASS
baseline	22	pop1	88626	82385	MAF_EAS>0.01_AND_MAF_EUR>0.01	/Volumes/EMPTY2TB/跨祖源屈光不正遗传效应 × retinal regulatory architecture/data/interim/sldxr_scores_aligned/baseline_chr.22_pop1.gz	82385	e997822e57475adcd25202d3df4fba0002690426dd91853d48a8c758ca7f255e	e997822e57475adcd25202d3df4fba0002690426dd91853d48a8c758ca7f255e	0	0	0	0	0	True	PASS
baseline	22	pop2	88626	82385	MAF_EAS>0.01_AND_MAF_EUR>0.01	/Volumes/EMPTY2TB/跨祖源屈光不正遗传效应 × retinal regulatory architecture/data/interim/sldxr_scores_aligned/baseline_chr.22_pop2.gz	82385	e997822e57475adcd25202d3df4fba0002690426dd91853d48a8c758ca7f255e	e997822e57475adcd25202d3df4fba0002690426dd91853d48a8c758ca7f255e	0	0	0	0	0	True	PASS
baseline	22	te	88626	82385	MAF_EAS>0.01_AND_MAF_EUR>0.01	/Volumes/EMPTY2TB/跨祖源屈光不正遗传效应 × retinal regulatory architecture/data/interim/sldxr_scores_aligned/baseline_chr.22_te.gz	82385	e997822e57475adcd25202d3df4fba0002690426dd91853d48a8c758ca7f255e	e997822e57475adcd25202d3df4fba0002690426dd91853d48a8c758ca7f255e	0	0	0	0	0	True	PASS
weights	22	pop1	88626	82385	MAF_EAS>0.01_AND_MAF_EUR>0.01	/Volumes/EMPTY2TB/跨祖源屈光不正遗传效应 × retinal regulatory architecture/data/interim/sldxr_scores/weights_chr.22_pop1.gz	82385	e997822e57475adcd25202d3df4fba0002690426dd91853d48a8c758ca7f255e	e997822e57475adcd25202d3df4fba0002690426dd91853d48a8c758ca7f255e	0	0	0	0	0	True	PASS
weights	22	pop2	88626	82385	MAF_EAS>0.01_AND_MAF_EUR>0.01	/Volumes/EMPTY2TB/跨祖源屈光不正遗传效应 × retinal regulatory architecture/data/interim/sldxr_scores/weights_chr.22_pop2.gz	82385	e997822e57475adcd25202d3df4fba0002690426dd91853d48a8c758ca7f255e	e997822e57475adcd25202d3df4fba0002690426dd91853d48a8c758ca7f255e	0	0	0	0	0	True	PASS
weights	22	te	88626	82385	MAF_EAS>0.01_AND_MAF_EUR>0.01	/Volumes/EMPTY2TB/跨祖源屈光不正遗传效应 × retinal regulatory architecture/data/interim/sldxr_scores/weights_chr.22_te.gz	82385	e997822e57475adcd25202d3df4fba0002690426dd91853d48a8c758ca7f255e	e997822e57475adcd25202d3df4fba0002690426dd91853d48a8c758ca7f255e	0	0	0	0	0	True	PASS
dar_global	22	pop1	88626	82385	MAF_EAS>0.01_AND_MAF_EUR>0.01	/Volumes/EMPTY2TB/跨祖源屈光不正遗传效应 × retinal regulatory architecture/data/interim/sldxr_scores/dar_global_chr.22_pop1.gz	82385	e997822e57475adcd25202d3df4fba0002690426dd91853d48a8c758ca7f255e	e997822e57475adcd25202d3df4fba0002690426dd91853d48a8c758ca7f255e	0	0	0	0	0	True	PASS
dar_global	22	pop2	88626	82385	MAF_EAS>0.01_AND_MAF_EUR>0.01	/Volumes/EMPTY2TB/跨祖源屈光不正遗传效应 × retinal regulatory architecture/data/interim/sldxr_scores/dar_global_chr.22_pop2.gz	82385	e997822e57475adcd25202d3df4fba0002690426dd91853d48a8c758ca7f255e	e997822e57475adcd25202d3df4fba0002690426dd91853d48a8c758ca7f255e	0	0	0	0	0	True	PASS
dar_global	22	te	88626	82385	MAF_EAS>0.01_AND_MAF_EUR>0.01	/Volumes/EMPTY2TB/跨祖源屈光不正遗传效应 × retinal regulatory architecture/data/interim/sldxr_scores/dar_global_chr.22_te.gz	82385	e997822e57475adcd25202d3df4fba0002690426dd91853d48a8c758ca7f255e	e997822e57475adcd25202d3df4fba0002690426dd91853d48a8c758ca7f255e	0	0	0	0	0	True	PASS
ocr_union	22	pop1	88626	82385	MAF_EAS>0.01_AND_MAF_EUR>0.01	/Volumes/EMPTY2TB/跨祖源屈光不正遗传效应 × retinal regulatory architecture/data/interim/sldxr_scores/ocr_union_chr.22_pop1.gz	82385	e997822e57475adcd25202d3df4fba0002690426dd91853d48a8c758ca7f255e	e997822e57475adcd25202d3df4fba0002690426dd91853d48a8c758ca7f255e	0	0	0	0	0	True	PASS
ocr_union	22	pop2	88626	82385	MAF_EAS>0.01_AND_MAF_EUR>0.01	/Volumes/EMPTY2TB/跨祖源屈光不正遗传效应 × retinal regulatory architecture/data/interim/sldxr_scores/ocr_union_chr.22_pop2.gz	82385	e997822e57475adcd25202d3df4fba0002690426dd91853d48a8c758ca7f255e	e997822e57475adcd25202d3df4fba0002690426dd91853d48a8c758ca7f255e	0	0	0	0	0	True	PASS
ocr_union	22	te	88626	82385	MAF_EAS>0.01_AND_MAF_EUR>0.01	/Volumes/EMPTY2TB/跨祖源屈光不正遗传效应 × retinal regulatory architecture/data/interim/sldxr_scores/ocr_union_chr.22_te.gz	82385	e997822e57475adcd25202d3df4fba0002690426dd91853d48a8c758ca7f255e	e997822e57475adcd25202d3df4fba0002690426dd91853d48a8c758ca7f255e	0	0	0	0	0	True	PASS
matched_non_dar_ocr	22	pop1	88626	82385	MAF_EAS>0.01_AND_MAF_EUR>0.01	/Volumes/EMPTY2TB/跨祖源屈光不正遗传效应 × retinal regulatory architecture/data/interim/sldxr_scores/matched_non_dar_ocr_chr.22_pop1.gz	82385	e997822e57475adcd25202d3df4fba0002690426dd91853d48a8c758ca7f255e	e997822e57475adcd25202d3df4fba0002690426dd91853d48a8c758ca7f255e	0	0	0	0	0	True	PASS
matched_non_dar_ocr	22	pop2	88626	82385	MAF_EAS>0.01_AND_MAF_EUR>0.01	/Volumes/EMPTY2TB/跨祖源屈光不正遗传效应 × retinal regulatory architecture/data/interim/sldxr_scores/matched_non_dar_ocr_chr.22_pop2.gz	82385	e997822e57475adcd25202d3df4fba0002690426dd91853d48a8c758ca7f255e	e997822e57475adcd25202d3df4fba0002690426dd91853d48a8c758ca7f255e	0	0	0	0	0	True	PASS
matched_non_dar_ocr	22	te	88626	82385	MAF_EAS>0.01_AND_MAF_EUR>0.01	/Volumes/EMPTY2TB/跨祖源屈光不正遗传效应 × retinal regulatory architecture/data/interim/sldxr_scores/matched_non_dar_ocr_chr.22_te.gz	82385	e997822e57475adcd25202d3df4fba0002690426dd91853d48a8c758ca7f255e	e997822e57475adcd25202d3df4fba0002690426dd91853d48a8c758ca7f255e	0	0	0	0	0	True	PASS
